date,temperature,precipitation,humidity,wind_speed,evapotranspiration,zone,latitude,longitude
2020-01-01,24.1,0.0,54,16.3,5.65,Lira,2.25,32.54
2020-01-02,24.5,0.0,50,15.3,5.48,Lira,2.25,32.54
2020-01-03,24.9,0.0,50,16.7,5.69,Lira,2.25,32.54
2020-01-04,24.9,0.0,52,15.1,5.26,Lira,2.25,32.54
2020-01-05,24.1,0.1,64,15.6,4.69,Lira,2.25,32.54
2020-01-06,23.6,0.1,68,9.5,4.31,Lira,2.25,32.54
2020-01-07,24.4,0.5,61,15.5,4.7,Lira,2.25,32.54
2020-01-08,24.8,0.0,61,16.3,4.68,Lira,2.25,32.54
2020-01-09,24.7,0.0,57,13.1,5.07,Lira,2.25,32.54
2020-01-10,23.7,0.1,60,12.4,4.79,Lira,2.25,32.54
2020-01-11,24.5,0.1,44,12.7,5.83,Lira,2.25,32.54
2020-01-12,23.5,0.0,35,11.3,5.85,Lira,2.25,32.54
2020-01-13,23.6,0.0,48,8.7,4.96,Lira,2.25,32.54
2020-01-14,24.6,0.0,51,8.5,5.41,Lira,2.25,32.54
2020-01-15,25.3,0.0,51,10.6,5.21,Lira,2.25,32.54
2020-01-16,26.1,0.0,50,14.1,5.41,Lira,2.25,32.54
2020-01-17,26.6,0.0,55,10.3,5.14,Lira,2.25,32.54
2020-01-18,26.0,0.1,54,14.0,4.85,Lira,2.25,32.54
2020-01-19,25.3,0.0,53,15.7,6.15,Lira,2.25,32.54
2020-01-20,24.8,0.0,37,12.1,6.24,Lira,2.25,32.54
2020-01-21,25.4,0.0,35,14.0,6.42,Lira,2.25,32.54
2020-01-22,25.4,0.0,35,15.3,6.49,Lira,2.25,32.54
2020-01-23,25.0,0.0,32,12.7,6.62,Lira,2.25,32.54
2020-01-24,25.9,0.0,30,12.5,6.03,Lira,2.25,32.54
2020-01-25,26.4,0.0,40,14.3,5.19,Lira,2.25,32.54
2020-01-26,24.8,8.9,61,12.4,4.29,Lira,2.25,32.54
2020-01-27,23.7,5.8,77,10.7,3.4,Lira,2.25,32.54
2020-01-28,21.8,22.5,88,12.2,2.13,Lira,2.25,32.54
2020-01-29,21.1,18.9,91,9.3,1.69,Lira,2.25,32.54
2020-01-30,22.3,0.2,79,10.9,3.25,Lira,2.25,32.54
2020-01-31,21.3,3.6,83,8.9,3.83,Lira,2.25,32.54
2020-02-01,22.1,0.6,77,6.9,4.02,Lira,2.25,32.54
2020-02-02,23.2,0.0,75,8.9,4.45,Lira,2.25,32.54
2020-02-03,23.3,2.3,75,9.0,4.16,Lira,2.25,32.54
2020-02-04,22.7,12.6,80,13.1,3.74,Lira,2.25,32.54
2020-02-05,22.2,13.7,85,7.6,3.5,Lira,2.25,32.54
2020-02-06,22.4,8.1,81,7.9,3.79,Lira,2.25,32.54
2020-02-07,24.2,0.0,67,14.9,5.31,Lira,2.25,32.54
2020-02-08,25.0,0.0,52,16.9,6.41,Lira,2.25,32.54
2020-02-09,24.8,0.0,49,19.8,6.44,Lira,2.25,32.54
2020-02-10,25.1,0.0,50,14.5,6.02,Lira,2.25,32.54
2020-02-11,24.5,0.0,53,8.5,5.17,Lira,2.25,32.54
2020-02-12,25.0,0.0,50,8.7,5.4,Lira,2.25,32.54
2020-02-13,25.1,0.0,47,14.8,5.91,Lira,2.25,32.54
2020-02-14,25.0,4.9,62,15.5,4.45,Lira,2.25,32.54
2020-02-15,25.1,0.0,53,16.7,5.65,Lira,2.25,32.54
2020-02-16,25.4,0.0,51,16.6,5.88,Lira,2.25,32.54
2020-02-17,25.8,0.1,59,11.3,5.25,Lira,2.25,32.54
2020-02-18,26.1,0.0,57,12.4,5.48,Lira,2.25,32.54
2020-02-19,25.6,0.0,62,12.0,5.37,Lira,2.25,32.54
2020-02-20,26.0,0.0,59,10.1,5.24,Lira,2.25,32.54
2020-02-21,25.3,0.5,63,11.1,4.39,Lira,2.25,32.54
2020-02-22,25.6,0.2,60,15.2,5.19,Lira,2.25,32.54
2020-02-23,27.5,0.0,46,18.7,6.53,Lira,2.25,32.54
2020-02-24,27.1,0.0,41,17.8,6.52,Lira,2.25,32.54
2020-02-25,26.2,0.0,51,10.8,4.79,Lira,2.25,32.54
2020-02-26,25.9,0.8,62,11.0,4.81,Lira,2.25,32.54
2020-02-27,26.9,0.1,54,16.1,4.94,Lira,2.25,32.54
2020-02-28,24.9,0.0,68,8.9,3.66,Lira,2.25,32.54
2020-02-29,25.2,1.0,70,13.8,4.43,Lira,2.25,32.54
2020-03-01,25.8,1.9,66,11.7,4.84,Lira,2.25,32.54
2020-03-02,24.8,1.8,69,13.3,4.5,Lira,2.25,32.54
2020-03-03,25.9,0.0,64,12.4,5.13,Lira,2.25,32.54
2020-03-04,25.1,2.7,69,11.6,4.48,Lira,2.25,32.54
2020-03-05,26.0,0.0,66,11.6,4.98,Lira,2.25,32.54
2020-03-06,26.8,0.0,58,11.3,5.79,Lira,2.25,32.54
2020-03-07,27.0,0.0,62,13.0,5.53,Lira,2.25,32.54
2020-03-08,26.1,5.6,66,9.3,4.84,Lira,2.25,32.54
2020-03-09,23.5,5.6,80,12.6,2.78,Lira,2.25,32.54
2020-03-10,24.9,6.0,74,9.2,4.4,Lira,2.25,32.54
2020-03-11,24.2,8.0,79,11.0,4.41,Lira,2.25,32.54
2020-03-12,24.4,10.0,77,10.1,4.71,Lira,2.25,32.54
2020-03-13,24.5,0.7,71,10.6,4.61,Lira,2.25,32.54
2020-03-14,23.9,1.4,74,7.3,4.08,Lira,2.25,32.54
2020-03-15,24.9,1.1,72,7.9,4.45,Lira,2.25,32.54
2020-03-16,23.9,1.6,78,9.8,3.97,Lira,2.25,32.54
2020-03-17,24.7,0.3,72,14.4,4.93,Lira,2.25,32.54
2020-03-18,23.4,9.7,82,14.8,3.91,Lira,2.25,32.54
2020-03-19,23.3,2.8,79,11.8,4.41,Lira,2.25,32.54
2020-03-20,23.8,1.0,80,10.8,4.17,Lira,2.25,32.54
2020-03-21,25.1,0.1,67,15.2,5.36,Lira,2.25,32.54
2020-03-22,24.4,2.4,69,10.6,5.34,Lira,2.25,32.54
2020-03-23,23.9,2.2,76,7.1,4.5,Lira,2.25,32.54
2020-03-24,23.5,4.1,80,9.8,3.62,Lira,2.25,32.54
2020-03-25,22.9,14.0,85,12.3,4.1,Lira,2.25,32.54
2020-03-26,24.3,0.5,73,11.1,4.22,Lira,2.25,32.54
2020-03-27,23.6,7.0,75,13.7,4.38,Lira,2.25,32.54
2020-03-28,23.5,0.3,75,11.5,4.65,Lira,2.25,32.54
2020-03-29,24.1,0.0,71,13.7,4.84,Lira,2.25,32.54
2020-03-30,24.8,0.2,71,12.6,5.29,Lira,2.25,32.54
2020-03-31,24.0,10.3,78,14.0,4.13,Lira,2.25,32.54
2020-04-01,25.6,0.0,66,15.5,5.65,Lira,2.25,32.54
2020-04-02,26.0,0.0,62,15.2,5.89,Lira,2.25,32.54
2020-04-03,26.3,0.0,52,17.0,6.16,Lira,2.25,32.54
2020-04-04,25.5,0.4,69,10.5,5.27,Lira,2.25,32.54
2020-04-05,25.1,0.3,62,13.7,5.17,Lira,2.25,32.54
2020-04-06,25.5,0.0,60,14.8,5.62,Lira,2.25,32.54
2020-04-07,25.6,0.0,66,13.4,5.29,Lira,2.25,32.54
2020-04-08,26.2,0.0,62,13.7,5.52,Lira,2.25,32.54
2020-04-09,25.9,0.1,67,11.8,5.23,Lira,2.25,32.54
2020-04-10,25.1,1.4,69,9.1,4.47,Lira,2.25,32.54
2020-04-11,26.0,0.5,66,12.6,5.18,Lira,2.25,32.54
2020-04-12,25.4,0.5,67,10.2,4.57,Lira,2.25,32.54
2020-04-13,23.0,6.6,81,12.4,2.7,Lira,2.25,32.54
2020-04-14,22.6,12.3,84,14.0,4.14,Lira,2.25,32.54
2020-04-15,23.6,2.2,80,14.1,4.09,Lira,2.25,32.54
2020-04-16,24.7,0.2,76,9.7,4.61,Lira,2.25,32.54
2020-04-17,23.5,14.9,82,17.0,3.38,Lira,2.25,32.54
2020-04-18,21.8,18.7,89,8.5,1.89,Lira,2.25,32.54
2020-04-19,22.4,6.1,82,9.0,3.33,Lira,2.25,32.54
2020-04-20,21.1,15.0,85,8.7,2.02,Lira,2.25,32.54
2020-04-21,20.7,25.9,89,8.5,2.34,Lira,2.25,32.54
2020-04-22,22.0,0.4,82,7.7,2.81,Lira,2.25,32.54
2020-04-23,22.6,2.5,81,10.9,3.83,Lira,2.25,32.54
2020-04-24,22.7,0.7,80,12.0,3.89,Lira,2.25,32.54
2020-04-25,24.1,0.0,69,10.0,5.11,Lira,2.25,32.54
2020-04-26,23.8,6.5,78,13.0,4.19,Lira,2.25,32.54
2020-04-27,23.6,6.2,78,13.0,4.56,Lira,2.25,32.54
2020-04-28,22.2,9.4,86,9.7,3.76,Lira,2.25,32.54
2020-04-29,23.3,2.7,80,8.8,3.7,Lira,2.25,32.54
2020-04-30,23.2,0.9,80,11.4,3.92,Lira,2.25,32.54
2020-05-01,23.7,9.3,80,9.2,4.05,Lira,2.25,32.54
2020-05-02,21.7,15.7,88,12.2,2.64,Lira,2.25,32.54
2020-05-03,23.0,0.0,72,8.2,4.82,Lira,2.25,32.54
2020-05-04,24.0,0.0,75,9.8,4.73,Lira,2.25,32.54
2020-05-05,23.2,12.8,83,11.4,4.48,Lira,2.25,32.54
2020-05-06,23.3,4.3,85,12.7,3.98,Lira,2.25,32.54
2020-05-07,23.4,2.6,81,10.9,4.01,Lira,2.25,32.54
2020-05-08,22.4,29.1,85,10.7,3.19,Lira,2.25,32.54
2020-05-09,22.3,12.8,88,12.2,3.26,Lira,2.25,32.54
2020-05-10,21.8,10.6,89,11.1,3.26,Lira,2.25,32.54
2020-05-11,22.1,8.0,88,8.4,3.33,Lira,2.25,32.54
2020-05-12,22.3,11.2,87,11.0,3.77,Lira,2.25,32.54
2020-05-13,22.8,2.9,83,13.6,4.03,Lira,2.25,32.54
2020-05-14,22.8,5.0,83,8.6,3.64,Lira,2.25,32.54
2020-05-15,22.6,4.3,85,8.9,3.49,Lira,2.25,32.54
2020-05-16,23.1,0.7,81,10.6,4.03,Lira,2.25,32.54
2020-05-17,23.3,1.0,79,8.8,4.09,Lira,2.25,32.54
2020-05-18,23.3,2.0,79,8.9,4.14,Lira,2.25,32.54
2020-05-19,22.7,2.6,83,9.6,3.66,Lira,2.25,32.54
2020-05-20,23.4,0.9,77,8.1,4.36,Lira,2.25,32.54
2020-05-21,23.0,5.0,80,12.3,3.92,Lira,2.25,32.54
2020-05-22,20.8,10.0,90,12.4,2.1,Lira,2.25,32.54
2020-05-23,21.7,0.4,81,9.6,3.66,Lira,2.25,32.54
2020-05-24,22.7,2.9,78,10.2,4.23,Lira,2.25,32.54
2020-05-25,23.4,0.0,72,10.1,4.73,Lira,2.25,32.54
2020-05-26,23.7,1.3,74,5.8,4.56,Lira,2.25,32.54
2020-05-27,23.4,0.4,78,11.2,4.4,Lira,2.25,32.54
2020-05-28,23.5,2.1,81,10.9,4.25,Lira,2.25,32.54
2020-05-29,23.2,2.6,79,10.0,4.44,Lira,2.25,32.54
2020-05-30,22.8,4.4,84,9.7,3.68,Lira,2.25,32.54
2020-05-31,23.6,0.1,74,9.9,4.13,Lira,2.25,32.54
2020-06-01,23.6,0.2,71,10.5,4.22,Lira,2.25,32.54
2020-06-02,23.8,0.5,71,9.1,4.37,Lira,2.25,32.54
2020-06-03,23.3,0.4,75,8.6,3.95,Lira,2.25,32.54
2020-06-04,22.2,3.4,79,12.1,3.54,Lira,2.25,32.54
2020-06-05,23.1,0.8,74,9.1,4.29,Lira,2.25,32.54
2020-06-06,22.7,11.1,79,13.4,3.37,Lira,2.25,32.54
2020-06-07,23.6,0.1,72,8.7,4.32,Lira,2.25,32.54
2020-06-08,21.9,10.5,83,9.9,3.58,Lira,2.25,32.54
2020-06-09,22.4,3.2,80,12.8,3.24,Lira,2.25,32.54
2020-06-10,22.4,6.1,76,12.0,3.36,Lira,2.25,32.54
2020-06-11,21.5,2.5,83,9.2,3.26,Lira,2.25,32.54
2020-06-12,20.8,2.9,86,11.3,3.38,Lira,2.25,32.54
2020-06-13,21.5,6.6,84,10.8,3.76,Lira,2.25,32.54
2020-06-14,21.7,5.5,84,10.8,3.69,Lira,2.25,32.54
2020-06-15,22.2,6.9,80,7.6,3.87,Lira,2.25,32.54
2020-06-16,22.7,0.5,75,11.9,4.41,Lira,2.25,32.54
2020-06-17,23.4,0.4,68,13.7,4.43,Lira,2.25,32.54
2020-06-18,22.9,1.7,67,9.4,3.94,Lira,2.25,32.54
2020-06-19,22.2,2.2,77,8.4,4.02,Lira,2.25,32.54
2020-06-20,22.8,3.5,76,8.3,4.0,Lira,2.25,32.54
2020-06-21,22.9,8.5,75,7.9,4.08,Lira,2.25,32.54
2020-06-22,22.1,11.5,80,8.4,3.49,Lira,2.25,32.54
2020-06-23,22.7,0.6,78,8.1,4.1,Lira,2.25,32.54
2020-06-24,23.0,0.3,75,13.5,4.28,Lira,2.25,32.54
2020-06-25,22.4,2.5,82,13.0,3.61,Lira,2.25,32.54
2020-06-26,21.4,10.2,86,12.7,2.93,Lira,2.25,32.54
2020-06-27,22.2,2.7,79,8.0,3.32,Lira,2.25,32.54
2020-06-28,22.5,1.2,81,10.6,3.94,Lira,2.25,32.54
2020-06-29,22.6,0.3,76,10.0,3.98,Lira,2.25,32.54
2020-06-30,22.7,0.7,75,9.2,3.96,Lira,2.25,32.54
2020-07-01,22.4,0.2,74,9.4,3.48,Lira,2.25,32.54
2020-07-02,21.7,1.9,76,9.7,3.95,Lira,2.25,32.54
2020-07-03,22.7,0.5,73,11.6,4.29,Lira,2.25,32.54
2020-07-04,23.1,0.3,69,9.1,3.91,Lira,2.25,32.54
2020-07-05,23.4,4.6,70,10.7,3.7,Lira,2.25,32.54
2020-07-06,20.7,6.6,88,8.5,2.12,Lira,2.25,32.54
2020-07-07,20.6,7.0,89,8.2,2.35,Lira,2.25,32.54
2020-07-08,21.1,11.8,88,6.9,2.76,Lira,2.25,32.54
2020-07-09,21.7,3.9,83,13.2,3.48,Lira,2.25,32.54
2020-07-10,22.4,5.8,80,8.6,3.9,Lira,2.25,32.54
2020-07-11,21.4,16.8,87,9.3,3.66,Lira,2.25,32.54
2020-07-12,21.3,1.5,84,9.4,3.78,Lira,2.25,32.54
2020-07-13,21.1,4.7,85,8.7,3.26,Lira,2.25,32.54
2020-07-14,21.3,5.8,85,10.0,3.52,Lira,2.25,32.54
2020-07-15,21.7,1.4,82,11.0,3.69,Lira,2.25,32.54
2020-07-16,20.9,12.4,87,8.3,3.08,Lira,2.25,32.54
2020-07-17,20.7,3.4,85,13.7,2.85,Lira,2.25,32.54
2020-07-18,20.4,0.0,76,8.3,2.2,Lira,2.25,32.54
2020-07-19,20.8,0.2,67,11.9,2.53,Lira,2.25,32.54
2020-07-20,22.2,0.3,70,11.5,4.56,Lira,2.25,32.54
2020-07-21,21.4,12.9,83,7.7,3.44,Lira,2.25,32.54
2020-07-22,21.3,20.8,85,12.2,3.73,Lira,2.25,32.54
2020-07-23,20.9,13.5,84,7.3,2.73,Lira,2.25,32.54
2020-07-24,21.0,7.0,82,13.5,3.33,Lira,2.25,32.54
2020-07-25,22.2,4.1,78,14.0,3.79,Lira,2.25,32.54
2020-07-26,21.9,1.1,81,9.8,3.79,Lira,2.25,32.54
2020-07-27,20.9,19.6,86,9.0,3.65,Lira,2.25,32.54
2020-07-28,20.9,8.7,84,9.2,2.5,Lira,2.25,32.54
2020-07-29,22.2,1.4,72,11.1,4.63,Lira,2.25,32.54
2020-07-30,22.4,0.4,75,9.6,4.44,Lira,2.25,32.54
2020-07-31,23.0,0.3,75,11.5,4.42,Lira,2.25,32.54
2020-08-01,23.2,0.2,74,9.0,4.48,Lira,2.25,32.54
2020-08-02,22.6,0.3,74,9.1,4.11,Lira,2.25,32.54
2020-08-03,22.3,1.2,73,9.0,3.64,Lira,2.25,32.54
2020-08-04,21.4,1.2,78,8.8,2.45,Lira,2.25,32.54
2020-08-05,22.0,1.4,78,8.9,4.04,Lira,2.25,32.54
2020-08-06,21.5,11.1,84,11.6,3.97,Lira,2.25,32.54
2020-08-07,21.7,6.6,85,11.3,3.8,Lira,2.25,32.54
2020-08-08,21.9,12.6,83,10.2,3.42,Lira,2.25,32.54
2020-08-09,21.4,14.2,82,8.4,2.92,Lira,2.25,32.54
2020-08-10,21.9,3.8,82,7.1,4.28,Lira,2.25,32.54
2020-08-11,21.9,2.3,84,10.4,3.81,Lira,2.25,32.54
2020-08-12,22.0,7.3,84,10.0,4.24,Lira,2.25,32.54
2020-08-13,22.6,3.5,79,6.8,4.55,Lira,2.25,32.54
2020-08-14,22.1,9.2,81,7.8,3.41,Lira,2.25,32.54
2020-08-15,22.2,3.0,86,10.5,3.92,Lira,2.25,32.54
2020-08-16,21.7,15.5,88,8.9,3.89,Lira,2.25,32.54
2020-08-17,22.0,1.3,83,9.5,3.87,Lira,2.25,32.54
2020-08-18,21.5,8.4,87,11.9,3.05,Lira,2.25,32.54
2020-08-19,21.9,3.6,85,8.0,4.16,Lira,2.25,32.54
2020-08-20,21.8,10.9,86,6.3,3.77,Lira,2.25,32.54
2020-08-21,22.5,1.0,82,8.1,4.42,Lira,2.25,32.54
2020-08-22,22.3,11.2,82,6.0,4.23,Lira,2.25,32.54
2020-08-23,22.1,4.4,80,9.6,4.2,Lira,2.25,32.54
2020-08-24,21.4,7.6,84,11.2,4.04,Lira,2.25,32.54
2020-08-25,21.4,6.9,85,9.2,4.07,Lira,2.25,32.54
2020-08-26,21.2,1.7,85,11.4,4.28,Lira,2.25,32.54
2020-08-27,21.9,2.4,80,7.9,4.5,Lira,2.25,32.54
2020-08-28,22.0,3.9,82,7.8,4.46,Lira,2.25,32.54
2020-08-29,21.2,8.5,85,11.2,3.86,Lira,2.25,32.54
2020-08-30,21.2,1.7,85,8.2,4.03,Lira,2.25,32.54
2020-08-31,21.3,13.9,86,9.7,3.55,Lira,2.25,32.54
2020-09-01,21.1,6.8,87,7.9,3.78,Lira,2.25,32.54
2020-09-02,21.8,4.4,82,11.7,4.17,Lira,2.25,32.54
2020-09-03,22.0,0.7,78,9.4,4.41,Lira,2.25,32.54
2020-09-04,22.7,0.6,70,7.9,4.56,Lira,2.25,32.54
2020-09-05,22.0,5.5,83,7.4,4.11,Lira,2.25,32.54
2020-09-06,21.0,17.1,88,14.4,3.41,Lira,2.25,32.54
2020-09-07,20.0,16.2,90,13.0,2.55,Lira,2.25,32.54
2020-09-08,21.2,2.0,81,8.0,4.34,Lira,2.25,32.54
2020-09-09,21.2,5.5,86,11.1,3.85,Lira,2.25,32.54
2020-09-10,22.0,2.1,82,10.4,4.28,Lira,2.25,32.54
2020-09-11,22.3,8.9,81,10.0,4.18,Lira,2.25,32.54
2020-09-12,22.2,3.0,81,8.7,4.41,Lira,2.25,32.54
2020-09-13,21.7,4.1,85,11.4,4.3,Lira,2.25,32.54
2020-09-14,22.4,0.7,79,14.6,4.67,Lira,2.25,32.54
2020-09-15,22.6,6.1,81,9.0,4.32,Lira,2.25,32.54
2020-09-16,22.4,4.8,80,9.3,4.64,Lira,2.25,32.54
2020-09-17,23.6,0.0,74,8.3,5.1,Lira,2.25,32.54
2020-09-18,22.9,2.1,79,12.8,4.47,Lira,2.25,32.54
2020-09-19,22.6,1.6,82,12.8,4.29,Lira,2.25,32.54
2020-09-20,21.9,2.6,85,7.6,4.28,Lira,2.25,32.54
2020-09-21,21.9,7.3,84,8.8,3.93,Lira,2.25,32.54
2020-09-22,22.2,2.9,83,9.1,4.11,Lira,2.25,32.54
2020-09-23,21.1,8.0,88,6.5,3.85,Lira,2.25,32.54
2020-09-24,21.6,1.0,84,10.8,3.75,Lira,2.25,32.54
2020-09-25,21.1,5.0,87,8.4,3.19,Lira,2.25,32.54
2020-09-26,21.3,14.2,87,13.4,3.43,Lira,2.25,32.54
2020-09-27,22.2,1.7,82,9.6,4.58,Lira,2.25,32.54
2020-09-28,21.8,14.3,84,8.7,4.01,Lira,2.25,32.54
2020-09-29,21.6,1.2,85,7.9,4.32,Lira,2.25,32.54
2020-09-30,21.1,2.3,87,10.5,2.98,Lira,2.25,32.54
2020-10-01,21.4,6.3,84,9.8,3.89,Lira,2.25,32.54
2020-10-02,21.5,3.2,85,8.9,4.04,Lira,2.25,32.54
2020-10-03,21.1,15.6,87,9.0,3.99,Lira,2.25,32.54
2020-10-04,21.2,11.8,87,11.0,3.76,Lira,2.25,32.54
2020-10-05,22.7,1.1,79,12.1,4.71,Lira,2.25,32.54
2020-10-06,22.2,0.7,79,11.2,4.79,Lira,2.25,32.54
2020-10-07,22.4,5.6,80,7.7,4.35,Lira,2.25,32.54
2020-10-08,23.2,0.0,74,11.5,4.92,Lira,2.25,32.54
2020-10-09,22.1,5.7,85,12.0,3.97,Lira,2.25,32.54
2020-10-10,20.8,9.3,90,9.7,2.55,Lira,2.25,32.54
2020-10-11,21.8,1.0,83,10.9,4.62,Lira,2.25,32.54
2020-10-12,21.7,9.7,84,10.4,3.26,Lira,2.25,32.54
2020-10-13,20.6,1.8,90,8.9,2.94,Lira,2.25,32.54
2020-10-14,20.8,5.1,89,9.0,3.26,Lira,2.25,32.54
2020-10-15,21.6,8.3,85,8.4,4.07,Lira,2.25,32.54
2020-10-16,23.0,0.4,75,8.3,4.84,Lira,2.25,32.54
2020-10-17,21.6,12.5,83,10.8,3.9,Lira,2.25,32.54
2020-10-18,21.6,0.2,84,8.9,3.0,Lira,2.25,32.54
2020-10-19,21.9,6.4,84,8.1,4.28,Lira,2.25,32.54
2020-10-20,21.6,10.7,87,9.0,3.41,Lira,2.25,32.54
2020-10-21,21.3,6.2,89,12.0,3.66,Lira,2.25,32.54
2020-10-22,21.8,9.0,87,9.4,3.59,Lira,2.25,32.54
2020-10-23,21.9,3.4,87,7.0,4.01,Lira,2.25,32.54
2020-10-24,22.2,5.5,84,7.9,4.17,Lira,2.25,32.54
2020-10-25,22.9,2.7,80,11.1,4.75,Lira,2.25,32.54
2020-10-26,21.1,20.9,90,8.8,2.31,Lira,2.25,32.54
2020-10-27,21.5,6.1,87,7.8,3.22,Lira,2.25,32.54
2020-10-28,22.3,7.5,86,10.9,3.85,Lira,2.25,32.54
2020-10-29,21.9,19.1,85,12.7,3.89,Lira,2.25,32.54
2020-10-30,20.2,16.7,91,7.9,2.25,Lira,2.25,32.54
2020-10-31,21.5,1.3,81,9.0,4.28,Lira,2.25,32.54
2020-11-01,22.6,0.1,77,10.2,4.81,Lira,2.25,32.54
2020-11-02,23.0,1.1,77,13.3,4.62,Lira,2.25,32.54
2020-11-03,22.8,1.9,75,16.2,4.71,Lira,2.25,32.54
2020-11-04,23.2,0.2,67,14.7,5.17,Lira,2.25,32.54
2020-11-05,23.1,0.0,67,12.7,5.0,Lira,2.25,32.54
2020-11-06,22.4,3.5,81,8.7,3.95,Lira,2.25,32.54
2020-11-07,21.2,15.8,88,10.1,2.46,Lira,2.25,32.54
2020-11-08,21.3,6.4,87,7.8,3.68,Lira,2.25,32.54
2020-11-09,21.6,4.9,85,12.3,3.59,Lira,2.25,32.54
2020-11-10,22.0,0.7,77,14.8,4.42,Lira,2.25,32.54
2020-11-11,20.9,12.5,87,13.2,3.44,Lira,2.25,32.54
2020-11-12,21.9,0.4,83,9.8,4.24,Lira,2.25,32.54
2020-11-13,22.2,0.6,73,14.3,4.21,Lira,2.25,32.54
2020-11-14,21.5,15.3,85,11.7,2.56,Lira,2.25,32.54
2020-11-15,21.7,1.8,83,9.8,4.2,Lira,2.25,32.54
2020-11-16,21.0,8.3,89,7.3,3.14,Lira,2.25,32.54
2020-11-17,21.9,0.7,80,9.8,4.31,Lira,2.25,32.54
2020-11-18,22.6,0.0,73,12.1,4.77,Lira,2.25,32.54
2020-11-19,22.2,0.4,76,7.9,4.3,Lira,2.25,32.54
2020-11-20,23.0,0.1,74,10.0,4.56,Lira,2.25,32.54
2020-11-21,23.7,0.0,65,12.4,4.91,Lira,2.25,32.54
2020-11-22,23.5,0.5,73,11.4,4.6,Lira,2.25,32.54
2020-11-23,23.1,0.0,77,8.3,4.21,Lira,2.25,32.54
2020-11-24,23.4,0.0,70,9.4,4.6,Lira,2.25,32.54
2020-11-25,22.0,2.3,81,13.3,3.46,Lira,2.25,32.54
2020-11-26,22.5,0.5,75,7.3,4.41,Lira,2.25,32.54
2020-11-27,22.5,1.2,80,12.7,4.1,Lira,2.25,32.54
2020-11-28,22.4,20.4,80,13.9,4.58,Lira,2.25,32.54
2020-11-29,20.9,7.3,86,10.7,3.15,Lira,2.25,32.54
2020-11-30,21.0,0.2,77,9.0,4.35,Lira,2.25,32.54
2020-12-01,21.8,0.2,73,9.7,4.33,Lira,2.25,32.54
2020-12-02,22.2,0.4,70,11.5,4.31,Lira,2.25,32.54
2020-12-03,22.9,0.1,66,14.7,4.72,Lira,2.25,32.54
2020-12-04,21.8,0.2,75,11.4,4.14,Lira,2.25,32.54
2020-12-05,22.2,0.2,77,9.6,4.2,Lira,2.25,32.54
2020-12-06,22.7,0.0,71,12.1,4.65,Lira,2.25,32.54
2020-12-07,23.3,0.1,68,11.2,4.5,Lira,2.25,32.54
2020-12-08,22.0,7.5,80,10.6,3.44,Lira,2.25,32.54
2020-12-09,22.9,0.2,67,14.2,5.11,Lira,2.25,32.54
2020-12-10,23.0,0.0,57,13.4,4.78,Lira,2.25,32.54
2020-12-11,23.3,0.0,63,11.2,4.61,Lira,2.25,32.54
2020-12-12,22.6,0.2,71,10.5,4.43,Lira,2.25,32.54
2020-12-13,22.9,0.0,60,10.2,4.92,Lira,2.25,32.54
2020-12-14,22.9,0.0,54,11.5,5.24,Lira,2.25,32.54
2020-12-15,23.0,0.0,61,10.5,4.73,Lira,2.25,32.54
2020-12-16,23.3,0.0,56,13.8,5.29,Lira,2.25,32.54
2020-12-17,23.8,0.0,51,16.6,5.46,Lira,2.25,32.54
2020-12-18,23.9,0.0,54,10.1,5.14,Lira,2.25,32.54
2020-12-19,23.1,0.0,65,12.6,4.53,Lira,2.25,32.54
2020-12-20,22.8,0.3,69,10.6,4.2,Lira,2.25,32.54
2020-12-21,23.0,0.1,69,13.0,4.57,Lira,2.25,32.54
2020-12-22,22.8,0.1,69,12.2,4.47,Lira,2.25,32.54
2020-12-23,23.2,0.0,68,10.9,4.51,Lira,2.25,32.54
2020-12-24,23.2,0.2,65,13.7,4.34,Lira,2.25,32.54
2020-12-25,23.3,0.1,71,10.5,4.62,Lira,2.25,32.54
2020-12-26,24.1,0.0,68,8.4,4.5,Lira,2.25,32.54
2020-12-27,24.4,0.0,54,13.9,5.38,Lira,2.25,32.54
2020-12-28,23.3,0.0,59,12.0,5.47,Lira,2.25,32.54
2020-12-29,23.8,0.0,47,17.9,5.61,Lira,2.25,32.54
2020-12-30,24.1,0.0,51,13.1,5.12,Lira,2.25,32.54
2020-12-31,22.5,0.0,64,16.2,3.09,Lira,2.25,32.54
2021-01-01,21.9,7.2,80,9.7,2.74,Lira,2.25,32.54
2021-01-02,22.2,1.3,74,9.0,3.78,Lira,2.25,32.54
2021-01-03,22.8,0.3,73,9.6,4.13,Lira,2.25,32.54
2021-01-04,23.7,0.1,64,9.9,4.59,Lira,2.25,32.54
2021-01-05,23.6,0.0,59,11.2,4.71,Lira,2.25,32.54
2021-01-06,24.0,0.0,57,10.6,4.8,Lira,2.25,32.54
2021-01-07,24.0,0.0,60,11.0,5.26,Lira,2.25,32.54
2021-01-08,24.9,0.0,47,11.0,5.26,Lira,2.25,32.54
2021-01-09,23.8,0.0,59,11.6,4.48,Lira,2.25,32.54
2021-01-10,23.2,0.2,69,10.4,4.24,Lira,2.25,32.54
2021-01-11,23.6,0.0,70,9.1,4.21,Lira,2.25,32.54
2021-01-12,24.4,0.0,59,10.4,3.33,Lira,2.25,32.54
2021-01-13,25.0,0.0,60,11.7,4.77,Lira,2.25,32.54
2021-01-14,25.4,0.0,53,10.2,4.56,Lira,2.25,32.54
2021-01-15,24.8,0.0,57,11.9,4.36,Lira,2.25,32.54
2021-01-16,24.0,0.1,65,9.9,4.08,Lira,2.25,32.54
2021-01-17,24.1,1.1,66,10.9,4.61,Lira,2.25,32.54
2021-01-18,23.8,0.0,60,10.5,4.17,Lira,2.25,32.54
2021-01-19,23.7,4.9,67,11.7,3.99,Lira,2.25,32.54
2021-01-20,24.0,0.0,61,11.6,4.66,Lira,2.25,32.54
2021-01-21,23.9,0.0,63,11.8,4.4,Lira,2.25,32.54
2021-01-22,23.9,0.9,49,16.4,4.8,Lira,2.25,32.54
2021-01-23,24.4,0.0,55,15.5,4.75,Lira,2.25,32.54
2021-01-24,24.7,0.0,57,13.9,5.26,Lira,2.25,32.54
2021-01-25,25.2,0.0,49,15.5,5.32,Lira,2.25,32.54
2021-01-26,24.6,0.0,53,12.5,5.1,Lira,2.25,32.54
2021-01-27,24.8,0.0,58,13.8,5.28,Lira,2.25,32.54
2021-01-28,25.0,0.0,42,15.5,5.74,Lira,2.25,32.54
2021-01-29,25.4,0.0,41,13.8,5.35,Lira,2.25,32.54
2021-01-30,25.4,0.0,47,15.6,5.48,Lira,2.25,32.54
2021-01-31,25.3,0.0,57,12.2,5.46,Lira,2.25,32.54
2021-02-01,26.2,0.0,30,19.2,7.38,Lira,2.25,32.54
2021-02-02,26.0,0.0,33,17.7,6.75,Lira,2.25,32.54
2021-02-03,25.5,0.0,56,11.2,5.22,Lira,2.25,32.54
2021-02-04,26.0,0.0,50,10.9,5.37,Lira,2.25,32.54
2021-02-05,24.8,0.7,63,14.7,4.31,Lira,2.25,32.54
2021-02-06,26.0,0.0,37,15.0,6.74,Lira,2.25,32.54
2021-02-07,25.1,0.0,25,14.8,6.8,Lira,2.25,32.54
2021-02-08,25.5,0.0,31,12.2,6.29,Lira,2.25,32.54
2021-02-09,25.7,0.0,46,13.3,5.55,Lira,2.25,32.54
2021-02-10,26.9,0.0,46,11.7,5.05,Lira,2.25,32.54
2021-02-11,26.7,0.0,49,11.8,4.67,Lira,2.25,32.54
2021-02-12,25.8,0.0,61,11.3,5.05,Lira,2.25,32.54
2021-02-13,26.6,0.0,59,12.4,4.9,Lira,2.25,32.54
2021-02-14,26.1,1.1,62,11.8,4.94,Lira,2.25,32.54
2021-02-15,26.9,0.0,57,11.4,5.29,Lira,2.25,32.54
2021-02-16,26.1,0.5,56,12.5,4.93,Lira,2.25,32.54
2021-02-17,25.9,0.0,59,11.9,4.86,Lira,2.25,32.54
2021-02-18,25.5,2.2,58,12.4,4.77,Lira,2.25,32.54
2021-02-19,24.7,0.0,47,13.8,6.0,Lira,2.25,32.54
2021-02-20,24.9,0.0,32,11.9,6.44,Lira,2.25,32.54
2021-02-21,25.3,0.0,35,9.6,5.67,Lira,2.25,32.54
2021-02-22,25.8,0.0,37,11.3,5.23,Lira,2.25,32.54
2021-02-23,26.3,0.0,49,14.1,5.51,Lira,2.25,32.54
2021-02-24,26.2,0.0,43,14.4,5.01,Lira,2.25,32.54
2021-02-25,25.4,0.0,47,11.4,4.98,Lira,2.25,32.54
2021-02-26,25.7,0.0,39,13.8,5.66,Lira,2.25,32.54
2021-02-27,26.6,0.0,33,12.7,5.42,Lira,2.25,32.54
2021-02-28,27.2,0.0,36,15.1,5.71,Lira,2.25,32.54
2021-03-01,28.1,0.0,35,16.7,6.51,Lira,2.25,32.54
2021-03-02,28.3,0.0,42,14.1,5.91,Lira,2.25,32.54
2021-03-03,28.2,0.0,39,20.1,5.92,Lira,2.25,32.54
2021-03-04,26.0,2.1,58,10.7,4.37,Lira,2.25,32.54
2021-03-05,25.1,6.3,66,13.0,4.24,Lira,2.25,32.54
2021-03-06,25.7,1.4,62,13.1,4.98,Lira,2.25,32.54
2021-03-07,25.6,0.0,58,13.6,5.34,Lira,2.25,32.54
2021-03-08,24.7,5.8,61,12.2,4.7,Lira,2.25,32.54
2021-03-09,23.9,6.9,68,10.7,4.46,Lira,2.25,32.54
2021-03-10,25.2,0.3,64,14.8,5.49,Lira,2.25,32.54
2021-03-11,25.9,0.0,52,15.2,5.99,Lira,2.25,32.54
2021-03-12,26.9,0.0,38,15.5,6.6,Lira,2.25,32.54
2021-03-13,27.0,0.0,40,15.6,6.68,Lira,2.25,32.54
2021-03-14,25.9,0.1,47,9.2,5.46,Lira,2.25,32.54
2021-03-15,25.7,0.2,52,13.3,5.21,Lira,2.25,32.54
2021-03-16,24.5,3.0,66,12.6,4.38,Lira,2.25,32.54
2021-03-17,23.9,1.2,71,15.2,4.9,Lira,2.25,32.54
2021-03-18,23.2,5.7,74,7.4,4.23,Lira,2.25,32.54
2021-03-19,23.9,1.4,71,16.6,5.13,Lira,2.25,32.54
2021-03-20,24.5,0.0,67,15.5,5.11,Lira,2.25,32.54
2021-03-21,23.3,4.9,75,13.7,4.06,Lira,2.25,32.54
2021-03-22,23.7,0.4,73,10.5,4.36,Lira,2.25,32.54
2021-03-23,25.0,0.0,62,15.6,4.88,Lira,2.25,32.54
2021-03-24,24.9,0.0,59,13.8,5.67,Lira,2.25,32.54
2021-03-25,25.6,0.0,48,10.5,6.2,Lira,2.25,32.54
2021-03-26,24.9,0.0,55,22.0,5.37,Lira,2.25,32.54
2021-03-27,22.6,2.5,74,15.5,4.2,Lira,2.25,32.54
2021-03-28,23.9,0.0,71,9.4,4.86,Lira,2.25,32.54
2021-03-29,25.4,0.4,58,11.1,5.44,Lira,2.25,32.54
2021-03-30,22.6,4.4,74,6.9,4.1,Lira,2.25,32.54
2021-03-31,22.3,2.2,77,12.2,3.81,Lira,2.25,32.54
2021-04-01,23.8,0.5,75,10.6,4.84,Lira,2.25,32.54
2021-04-02,22.5,8.4,79,11.6,3.97,Lira,2.25,32.54
2021-04-03,22.5,7.0,83,7.9,3.93,Lira,2.25,32.54
2021-04-04,23.1,4.7,79,14.5,4.02,Lira,2.25,32.54
2021-04-05,22.9,13.2,83,10.4,4.11,Lira,2.25,32.54
2021-04-06,22.8,5.2,83,10.8,3.69,Lira,2.25,32.54
2021-04-07,23.2,3.4,79,11.9,3.65,Lira,2.25,32.54
2021-04-08,23.3,1.9,76,9.4,4.5,Lira,2.25,32.54
2021-04-09,23.5,0.5,75,10.8,4.37,Lira,2.25,32.54
2021-04-10,23.6,0.8,77,13.8,4.5,Lira,2.25,32.54
2021-04-11,23.1,6.3,78,16.2,3.89,Lira,2.25,32.54
2021-04-12,23.2,7.7,79,10.5,4.36,Lira,2.25,32.54
2021-04-13,22.6,0.7,80,7.8,3.97,Lira,2.25,32.54
2021-04-14,23.0,0.3,74,7.4,4.55,Lira,2.25,32.54
2021-04-15,23.5,1.2,72,8.8,4.32,Lira,2.25,32.54
2021-04-16,23.5,0.2,75,9.4,4.53,Lira,2.25,32.54
2021-04-17,24.3,0.5,73,11.0,4.75,Lira,2.25,32.54
2021-04-18,24.1,0.1,73,10.6,4.74,Lira,2.25,32.54
2021-04-19,23.2,4.6,81,8.5,4.14,Lira,2.25,32.54
2021-04-20,22.8,6.3,80,13.6,3.8,Lira,2.25,32.54
2021-04-21,22.2,7.1,82,13.0,3.36,Lira,2.25,32.54
2021-04-22,22.2,7.0,83,11.4,3.31,Lira,2.25,32.54
2021-04-23,22.8,0.3,79,8.5,4.11,Lira,2.25,32.54
2021-04-24,22.5,10.0,85,11.1,3.45,Lira,2.25,32.54
2021-04-25,20.7,14.0,90,12.4,2.46,Lira,2.25,32.54
2021-04-26,21.1,0.2,86,8.5,3.29,Lira,2.25,32.54
2021-04-27,22.4,1.0,78,8.4,3.28,Lira,2.25,32.54
2021-04-28,23.0,11.1,79,7.9,3.86,Lira,2.25,32.54
2021-04-29,23.1,3.0,81,10.5,4.22,Lira,2.25,32.54
2021-04-30,22.9,3.7,77,8.0,4.26,Lira,2.25,32.54
2021-05-01,22.9,0.9,80,9.4,4.06,Lira,2.25,32.54
2021-05-02,23.0,3.7,77,11.3,3.9,Lira,2.25,32.54
2021-05-03,21.9,9.6,79,9.2,3.91,Lira,2.25,32.54
2021-05-04,22.1,4.3,78,14.0,4.05,Lira,2.25,32.54
2021-05-05,21.9,16.2,85,9.9,3.71,Lira,2.25,32.54
2021-05-06,21.1,5.1,91,9.2,2.71,Lira,2.25,32.54
2021-05-07,21.1,7.7,88,9.5,3.09,Lira,2.25,32.54
2021-05-08,20.9,3.0,88,9.7,2.81,Lira,2.25,32.54
2021-05-09,20.3,15.9,91,7.6,1.84,Lira,2.25,32.54
2021-05-10,20.3,3.0,88,11.9,2.32,Lira,2.25,32.54
2021-05-11,19.7,20.8,89,6.0,1.93,Lira,2.25,32.54
2021-05-12,20.8,1.3,84,7.5,2.94,Lira,2.25,32.54
2021-05-13,21.9,0.3,81,5.6,4.47,Lira,2.25,32.54
2021-05-14,21.9,3.9,87,9.1,3.85,Lira,2.25,32.54
2021-05-15,22.3,7.1,83,8.8,3.87,Lira,2.25,32.54
2021-05-16,23.2,0.3,78,9.0,4.4,Lira,2.25,32.54
2021-05-17,23.6,0.9,79,7.9,4.4,Lira,2.25,32.54
2021-05-18,23.2,2.8,80,11.4,3.98,Lira,2.25,32.54
2021-05-19,21.7,11.6,88,9.3,2.95,Lira,2.25,32.54
2021-05-20,22.5,1.7,82,8.0,4.0,Lira,2.25,32.54
2021-05-21,22.7,1.2,83,12.5,3.55,Lira,2.25,32.54
2021-05-22,23.2,0.8,80,9.4,4.06,Lira,2.25,32.54
2021-05-23,22.6,8.1,83,10.1,3.61,Lira,2.25,32.54
2021-05-24,21.5,8.3,86,10.3,3.0,Lira,2.25,32.54
2021-05-25,22.3,0.8,79,9.9,4.04,Lira,2.25,32.54
2021-05-26,23.0,0.2,75,11.2,4.19,Lira,2.25,32.54
2021-05-27,22.8,1.5,78,8.1,3.85,Lira,2.25,32.54
2021-05-28,22.6,0.6,80,8.6,4.19,Lira,2.25,32.54
2021-05-29,23.1,0.4,77,6.7,4.04,Lira,2.25,32.54
2021-05-30,23.7,0.0,74,10.8,4.4,Lira,2.25,32.54
2021-05-31,24.0,0.0,69,11.4,4.74,Lira,2.25,32.54
2021-06-01,23.2,0.1,75,10.5,4.03,Lira,2.25,32.54
2021-06-02,23.4,0.5,73,9.9,4.48,Lira,2.25,32.54
2021-06-03,22.9,0.6,74,8.8,3.63,Lira,2.25,32.54
2021-06-04,22.2,6.7,82,7.4,3.32,Lira,2.25,32.54
2021-06-05,22.5,2.7,81,11.5,3.63,Lira,2.25,32.54
2021-06-06,22.6,6.0,80,9.7,3.55,Lira,2.25,32.54
2021-06-07,23.1,0.2,71,10.0,4.39,Lira,2.25,32.54
2021-06-08,22.6,0.6,71,11.2,4.14,Lira,2.25,32.54
2021-06-09,22.5,0.6,72,9.0,4.3,Lira,2.25,32.54
2021-06-10,23.0,0.2,70,10.9,4.86,Lira,2.25,32.54
2021-06-11,23.4,0.0,67,10.5,4.44,Lira,2.25,32.54
2021-06-12,23.3,0.9,72,11.9,4.07,Lira,2.25,32.54
2021-06-13,23.0,1.2,72,10.8,4.02,Lira,2.25,32.54
2021-06-14,23.3,0.0,66,7.0,4.25,Lira,2.25,32.54
2021-06-15,23.4,0.7,70,7.6,4.23,Lira,2.25,32.54
2021-06-16,21.3,2.9,86,8.4,2.85,Lira,2.25,32.54
2021-06-17,21.4,0.1,81,11.2,2.93,Lira,2.25,32.54
2021-06-18,21.7,5.1,81,10.5,3.64,Lira,2.25,32.54
2021-06-19,21.3,10.0,83,10.6,3.09,Lira,2.25,32.54
2021-06-20,21.7,3.8,81,7.3,3.88,Lira,2.25,32.54
2021-06-21,22.1,5.1,75,9.9,4.33,Lira,2.25,32.54
2021-06-22,22.3,0.4,69,10.6,4.16,Lira,2.25,32.54
2021-06-23,22.8,0.1,69,10.0,4.28,Lira,2.25,32.54
2021-06-24,22.5,0.4,70,8.0,4.21,Lira,2.25,32.54
2021-06-25,22.9,0.6,68,8.7,4.32,Lira,2.25,32.54
2021-06-26,23.5,0.1,67,9.5,4.34,Lira,2.25,32.54
2021-06-27,23.6,0.0,64,9.1,4.51,Lira,2.25,32.54
2021-06-28,23.4,0.1,64,11.7,4.23,Lira,2.25,32.54
2021-06-29,22.7,0.7,67,14.0,4.3,Lira,2.25,32.54
2021-06-30,21.5,1.4,74,8.3,3.57,Lira,2.25,32.54
2021-07-01,22.2,0.8,70,8.6,4.15,Lira,2.25,32.54
2021-07-02,23.1,0.4,71,8.3,4.3,Lira,2.25,32.54
2021-07-03,23.2,0.5,72,6.8,4.3,Lira,2.25,32.54
2021-07-04,23.5,0.3,66,8.7,4.36,Lira,2.25,32.54
2021-07-05,23.7,0.0,64,8.4,4.38,Lira,2.25,32.54
2021-07-06,21.4,6.8,80,9.9,3.21,Lira,2.25,32.54
2021-07-07,21.3,1.0,78,6.2,3.42,Lira,2.25,32.54
2021-07-08,20.6,18.5,85,10.0,3.43,Lira,2.25,32.54
2021-07-09,21.6,0.4,78,10.5,4.25,Lira,2.25,32.54
2021-07-10,21.3,5.1,81,12.4,3.16,Lira,2.25,32.54
2021-07-11,21.7,0.2,77,12.3,4.16,Lira,2.25,32.54
2021-07-12,21.0,0.0,76,8.4,1.9,Lira,2.25,32.54
2021-07-13,21.7,0.0,74,9.2,3.11,Lira,2.25,32.54
2021-07-14,21.5,1.2,80,8.4,3.58,Lira,2.25,32.54
2021-07-15,20.5,12.3,88,15.1,2.82,Lira,2.25,32.54
2021-07-16,20.9,3.9,84,12.1,3.27,Lira,2.25,32.54
2021-07-17,21.8,0.4,75,15.1,4.14,Lira,2.25,32.54
2021-07-18,21.9,1.3,72,11.5,3.76,Lira,2.25,32.54
2021-07-19,22.6,0.0,67,8.0,3.99,Lira,2.25,32.54
2021-07-20,21.3,2.2,79,9.1,3.32,Lira,2.25,32.54
2021-07-21,22.3,0.1,74,13.1,3.91,Lira,2.25,32.54
2021-07-22,22.9,0.5,69,8.7,4.37,Lira,2.25,32.54
2021-07-23,23.5,0.0,59,9.9,4.45,Lira,2.25,32.54
2021-07-24,22.3,0.3,67,14.6,3.32,Lira,2.25,32.54
2021-07-25,22.2,0.3,64,15.2,3.91,Lira,2.25,32.54
2021-07-26,22.0,0.5,64,13.0,3.68,Lira,2.25,32.54
2021-07-27,22.8,0.0,61,8.1,3.54,Lira,2.25,32.54
2021-07-28,22.4,0.0,66,8.3,3.01,Lira,2.25,32.54
2021-07-29,20.8,4.3,82,11.3,2.36,Lira,2.25,32.54
2021-07-30,22.6,0.2,73,14.6,4.66,Lira,2.25,32.54
2021-07-31,22.9,1.0,68,14.8,4.57,Lira,2.25,32.54
2021-08-01,22.9,0.9,64,10.8,4.53,Lira,2.25,32.54
2021-08-02,21.7,0.0,69,9.9,3.48,Lira,2.25,32.54
2021-08-03,23.4,0.1,64,8.5,4.55,Lira,2.25,32.54
2021-08-04,23.3,1.1,69,10.2,4.58,Lira,2.25,32.54
2021-08-05,24.3,0.6,61,7.6,4.96,Lira,2.25,32.54
2021-08-06,24.3,0.1,62,8.9,4.31,Lira,2.25,32.54
2021-08-07,23.3,1.0,72,14.5,3.96,Lira,2.25,32.54
2021-08-08,21.4,10.4,83,13.1,2.94,Lira,2.25,32.54
2021-08-09,21.5,8.2,82,11.9,3.12,Lira,2.25,32.54
2021-08-10,21.7,2.1,83,8.7,3.99,Lira,2.25,32.54
2021-08-11,22.0,16.5,80,11.9,3.8,Lira,2.25,32.54
2021-08-12,22.4,7.3,77,9.5,4.18,Lira,2.25,32.54
2021-08-13,22.2,8.9,82,12.1,4.19,Lira,2.25,32.54
2021-08-14,20.4,12.1,89,11.0,2.29,Lira,2.25,32.54
2021-08-15,20.1,8.1,87,11.4,3.01,Lira,2.25,32.54
2021-08-16,21.4,0.8,76,9.2,4.01,Lira,2.25,32.54
2021-08-17,22.8,1.1,72,8.9,4.45,Lira,2.25,32.54
2021-08-18,23.1,0.6,69,8.8,4.65,Lira,2.25,32.54
2021-08-19,22.5,0.1,75,9.1,4.28,Lira,2.25,32.54
2021-08-20,22.0,5.2,81,8.8,4.17,Lira,2.25,32.54
2021-08-21,21.4,5.5,81,11.9,4.13,Lira,2.25,32.54
2021-08-22,21.4,2.9,81,7.7,4.09,Lira,2.25,32.54
2021-08-23,22.1,0.5,76,7.3,4.59,Lira,2.25,32.54
2021-08-24,21.6,1.8,80,10.0,3.9,Lira,2.25,32.54
2021-08-25,22.4,1.9,77,9.0,4.5,Lira,2.25,32.54
2021-08-26,23.5,0.1,68,8.2,4.59,Lira,2.25,32.54
2021-08-27,23.5,0.3,67,9.2,4.76,Lira,2.25,32.54
2021-08-28,23.3,0.4,69,12.9,4.35,Lira,2.25,32.54
2021-08-29,22.1,0.1,70,12.2,2.92,Lira,2.25,32.54
2021-08-30,23.2,0.2,71,11.2,4.54,Lira,2.25,32.54
2021-08-31,23.8,10.8,72,8.0,4.97,Lira,2.25,32.54
2021-09-01,21.3,13.7,86,9.2,3.18,Lira,2.25,32.54
2021-09-02,22.5,2.7,78,9.4,3.9,Lira,2.25,32.54
2021-09-03,22.0,10.8,85,7.6,3.85,Lira,2.25,32.54
2021-09-04,22.0,1.5,83,9.5,4.16,Lira,2.25,32.54
2021-09-05,20.8,16.4,88,9.7,2.98,Lira,2.25,32.54
2021-09-06,21.1,9.2,87,11.9,3.76,Lira,2.25,32.54
2021-09-07,22.7,0.2,76,10.4,4.53,Lira,2.25,32.54
2021-09-08,21.2,27.6,86,10.1,3.7,Lira,2.25,32.54
2021-09-09,21.4,0.0,79,8.4,3.6,Lira,2.25,32.54
2021-09-10,21.4,5.7,84,8.2,4.02,Lira,2.25,32.54
2021-09-11,21.6,15.9,85,9.0,3.95,Lira,2.25,32.54
2021-09-12,21.7,23.1,78,8.9,4.12,Lira,2.25,32.54
2021-09-13,22.5,1.2,74,7.3,4.27,Lira,2.25,32.54
2021-09-14,22.1,2.2,81,11.8,4.5,Lira,2.25,32.54
2021-09-15,22.6,4.1,84,9.7,4.44,Lira,2.25,32.54
2021-09-16,21.9,11.6,86,14.7,3.8,Lira,2.25,32.54
2021-09-17,21.9,3.0,83,9.3,3.44,Lira,2.25,32.54
2021-09-18,20.6,16.5,88,12.8,2.75,Lira,2.25,32.54
2021-09-19,22.0,2.2,81,6.0,4.41,Lira,2.25,32.54
2021-09-20,22.1,1.7,80,11.0,3.72,Lira,2.25,32.54
2021-09-21,21.7,5.6,86,6.9,4.42,Lira,2.25,32.54
2021-09-22,21.9,4.0,82,10.1,4.62,Lira,2.25,32.54
2021-09-23,23.1,0.0,75,10.5,4.87,Lira,2.25,32.54
2021-09-24,21.9,3.1,81,11.0,4.1,Lira,2.25,32.54
2021-09-25,20.5,7.7,89,10.7,2.33,Lira,2.25,32.54
2021-09-26,21.4,4.8,83,11.3,4.44,Lira,2.25,32.54
2021-09-27,22.3,7.3,78,8.5,4.82,Lira,2.25,32.54
2021-09-28,22.5,1.4,81,9.8,4.08,Lira,2.25,32.54
2021-09-29,23.2,1.2,81,9.5,4.82,Lira,2.25,32.54
2021-09-30,23.5,0.3,75,10.0,4.93,Lira,2.25,32.54
2021-10-01,22.0,9.0,84,8.9,3.51,Lira,2.25,32.54
2021-10-02,21.8,9.0,86,12.0,2.76,Lira,2.25,32.54
2021-10-03,21.4,10.4,87,12.7,3.88,Lira,2.25,32.54
2021-10-04,22.0,4.0,84,8.2,4.09,Lira,2.25,32.54
2021-10-05,22.0,5.5,84,7.9,4.22,Lira,2.25,32.54
2021-10-06,22.4,0.5,81,7.7,4.55,Lira,2.25,32.54
2021-10-07,22.6,7.6,82,8.4,4.59,Lira,2.25,32.54
2021-10-08,23.4,0.0,76,9.2,4.43,Lira,2.25,32.54
2021-10-09,23.0,3.2,77,7.4,3.24,Lira,2.25,32.54
2021-10-10,23.5,1.8,78,8.0,4.86,Lira,2.25,32.54
2021-10-11,23.1,18.8,79,10.6,4.26,Lira,2.25,32.54
2021-10-12,20.9,8.5,88,13.6,1.88,Lira,2.25,32.54
2021-10-13,21.8,3.2,80,10.0,3.32,Lira,2.25,32.54
2021-10-14,23.2,1.2,72,12.2,5.29,Lira,2.25,32.54
2021-10-15,23.2,0.0,71,13.7,5.19,Lira,2.25,32.54
2021-10-16,23.9,0.0,70,10.2,5.35,Lira,2.25,32.54
2021-10-17,23.6,0.3,74,9.9,5.12,Lira,2.25,32.54
2021-10-18,23.5,0.5,77,9.2,4.4,Lira,2.25,32.54
2021-10-19,23.3,0.1,77,9.7,4.65,Lira,2.25,32.54
2021-10-20,23.2,0.3,76,10.1,3.89,Lira,2.25,32.54
2021-10-21,23.0,2.1,76,12.4,4.82,Lira,2.25,32.54
2021-10-22,22.9,0.7,76,8.7,4.63,Lira,2.25,32.54
2021-10-23,24.1,0.8,72,11.2,5.24,Lira,2.25,32.54
2021-10-24,25.2,0.0,58,13.3,5.89,Lira,2.25,32.54
2021-10-25,24.7,1.2,62,19.8,5.34,Lira,2.25,32.54
2021-10-26,24.3,0.3,62,9.9,5.2,Lira,2.25,32.54
2021-10-27,24.0,0.1,66,11.6,5.13,Lira,2.25,32.54
2021-10-28,24.4,2.0,63,11.9,5.41,Lira,2.25,32.54
2021-10-29,24.3,0.0,63,11.1,5.37,Lira,2.25,32.54
2021-10-30,24.5,0.1,66,12.5,5.03,Lira,2.25,32.54
2021-10-31,24.9,0.0,64,12.7,5.56,Lira,2.25,32.54
2021-11-01,25.4,0.0,51,15.8,5.75,Lira,2.25,32.54
2021-11-02,25.0,0.0,58,15.3,5.43,Lira,2.25,32.54
2021-11-03,23.7,0.5,69,13.2,4.31,Lira,2.25,32.54
2021-11-04,23.9,0.3,66,9.5,4.95,Lira,2.25,32.54
2021-11-05,23.7,0.9,69,10.1,4.88,Lira,2.25,32.54
2021-11-06,23.6,0.6,72,15.6,4.81,Lira,2.25,32.54
2021-11-07,23.6,1.5,70,12.6,4.85,Lira,2.25,32.54
2021-11-08,24.1,1.4,67,10.1,4.67,Lira,2.25,32.54
2021-11-09,23.9,1.8,63,13.0,5.3,Lira,2.25,32.54
2021-11-10,24.6,0.4,63,15.4,4.88,Lira,2.25,32.54
2021-11-11,24.8,0.0,63,10.7,5.32,Lira,2.25,32.54
2021-11-12,24.9,0.4,65,13.0,4.61,Lira,2.25,32.54
2021-11-13,25.6,0.0,57,11.8,5.28,Lira,2.25,32.54
2021-11-14,25.5,0.0,52,16.3,5.51,Lira,2.25,32.54
2021-11-15,25.6,0.0,47,12.9,5.74,Lira,2.25,32.54
2021-11-16,25.5,0.0,54,10.5,5.59,Lira,2.25,32.54
2021-11-17,25.2,0.1,58,9.0,5.14,Lira,2.25,32.54
2021-11-18,24.9,0.0,53,15.5,5.53,Lira,2.25,32.54
2021-11-19,25.3,0.0,54,13.0,5.34,Lira,2.25,32.54
2021-11-20,25.7,0.0,54,9.8,5.39,Lira,2.25,32.54
2021-11-21,25.2,0.0,58,17.2,5.11,Lira,2.25,32.54
2021-11-22,24.6,6.8,61,13.5,5.21,Lira,2.25,32.54
2021-11-23,24.7,0.0,54,11.0,5.42,Lira,2.25,32.54
2021-11-24,24.8,0.0,50,13.6,5.25,Lira,2.25,32.54
2021-11-25,25.6,0.0,49,10.2,5.47,Lira,2.25,32.54
2021-11-26,23.6,0.2,66,12.0,3.97,Lira,2.25,32.54
2021-11-27,22.7,6.2,73,10.9,3.78,Lira,2.25,32.54
2021-11-28,22.7,0.5,72,11.8,3.56,Lira,2.25,32.54
2021-11-29,24.0,0.0,63,17.0,4.92,Lira,2.25,32.54
2021-11-30,24.3,0.0,60,21.4,4.26,Lira,2.25,32.54
2021-12-01,24.3,0.0,61,13.1,4.7,Lira,2.25,32.54
2021-12-02,24.6,0.0,60,9.3,4.97,Lira,2.25,32.54
2021-12-03,23.3,2.0,74,13.2,3.96,Lira,2.25,32.54
2021-12-04,24.3,0.0,64,11.8,5.12,Lira,2.25,32.54
2021-12-05,25.3,0.0,51,14.4,5.3,Lira,2.25,32.54
2021-12-06,25.1,0.0,53,12.5,5.21,Lira,2.25,32.54
2021-12-07,24.7,0.0,52,11.2,5.64,Lira,2.25,32.54
2021-12-08,24.7,0.0,49,10.9,4.9,Lira,2.25,32.54
2021-12-09,25.7,0.0,49,13.1,5.14,Lira,2.25,32.54
2021-12-10,25.7,0.1,59,11.1,4.97,Lira,2.25,32.54
2021-12-11,25.7,0.0,47,17.5,6.48,Lira,2.25,32.54
2021-12-12,26.2,0.0,30,22.2,7.57,Lira,2.25,32.54
2021-12-13,26.1,0.0,37,17.4,6.09,Lira,2.25,32.54
2021-12-14,25.7,0.1,51,11.7,5.19,Lira,2.25,32.54
2021-12-15,26.4,0.3,51,14.0,5.47,Lira,2.25,32.54
2021-12-16,26.4,0.0,46,18.8,6.14,Lira,2.25,32.54
2021-12-17,26.7,0.0,38,15.8,6.56,Lira,2.25,32.54
2021-12-18,26.7,0.4,41,13.2,5.57,Lira,2.25,32.54
2021-12-19,25.9,0.5,50,10.7,4.9,Lira,2.25,32.54
2021-12-20,25.7,0.2,60,27.7,4.69,Lira,2.25,32.54
2021-12-21,26.7,0.0,48,18.8,6.0,Lira,2.25,32.54
2021-12-22,26.6,0.3,54,18.6,5.6,Lira,2.25,32.54
2021-12-23,27.5,0.1,42,15.8,5.66,Lira,2.25,32.54
2021-12-24,26.2,0.1,50,10.0,4.42,Lira,2.25,32.54
2021-12-25,25.5,0.2,56,13.6,4.49,Lira,2.25,32.54
2021-12-26,25.0,0.6,59,14.0,4.83,Lira,2.25,32.54
2021-12-27,26.2,0.1,51,16.1,5.65,Lira,2.25,32.54
2021-12-28,25.8,0.0,41,18.5,5.42,Lira,2.25,32.54
2021-12-29,25.8,0.0,43,11.6,4.72,Lira,2.25,32.54
2021-12-30,26.9,0.0,50,10.0,4.98,Lira,2.25,32.54
2021-12-31,25.4,0.5,55,12.7,4.17,Lira,2.25,32.54
2020-01-01,24.0,0.0,51,16.3,5.29,Arua,3.02,30.91
2020-01-02,24.2,0.0,50,17.2,5.24,Arua,3.02,30.91
2020-01-03,24.5,0.0,54,20.5,5.31,Arua,3.02,30.91
2020-01-04,23.7,0.0,58,16.9,4.66,Arua,3.02,30.91
2020-01-05,22.8,0.6,63,11.9,4.22,Arua,3.02,30.91
2020-01-06,22.7,0.0,59,11.2,4.94,Arua,3.02,30.91
2020-01-07,23.7,0.0,48,17.0,4.87,Arua,3.02,30.91
2020-01-08,23.6,1.3,61,16.9,4.4,Arua,3.02,30.91
2020-01-09,23.5,1.2,63,17.0,4.69,Arua,3.02,30.91
2020-01-10,23.9,0.0,51,12.3,5.53,Arua,3.02,30.91
2020-01-11,23.2,0.0,32,12.8,6.06,Arua,3.02,30.91
2020-01-12,21.8,0.0,32,13.4,6.02,Arua,3.02,30.91
2020-01-13,22.2,0.0,33,14.8,5.66,Arua,3.02,30.91
2020-01-14,23.8,0.0,33,11.8,5.92,Arua,3.02,30.91
2020-01-15,24.9,0.0,39,10.5,5.61,Arua,3.02,30.91
2020-01-16,25.4,0.0,47,13.1,5.48,Arua,3.02,30.91
2020-01-17,25.3,0.0,46,13.9,5.21,Arua,3.02,30.91
2020-01-18,25.4,0.0,42,15.3,5.92,Arua,3.02,30.91
2020-01-19,23.8,0.0,48,16.4,6.01,Arua,3.02,30.91
2020-01-20,23.7,0.0,32,12.9,6.28,Arua,3.02,30.91
2020-01-21,24.3,0.0,34,13.8,6.34,Arua,3.02,30.91
2020-01-22,24.2,0.0,33,14.1,6.41,Arua,3.02,30.91
2020-01-23,23.7,0.0,29,14.6,6.49,Arua,3.02,30.91
2020-01-24,23.9,0.0,28,13.5,6.55,Arua,3.02,30.91
2020-01-25,24.9,0.0,29,13.2,6.5,Arua,3.02,30.91
2020-01-26,24.8,0.0,29,13.4,6.43,Arua,3.02,30.91
2020-01-27,24.9,0.0,39,10.9,5.54,Arua,3.02,30.91
2020-01-28,23.4,3.4,65,12.6,3.91,Arua,3.02,30.91
2020-01-29,21.5,1.5,79,15.9,3.53,Arua,3.02,30.91
2020-01-30,22.6,1.1,71,16.8,4.17,Arua,3.02,30.91
2020-01-31,21.4,4.4,79,10.1,3.63,Arua,3.02,30.91
2020-02-01,21.0,11.1,77,11.8,3.45,Arua,3.02,30.91
2020-02-02,22.6,0.1,68,11.0,4.67,Arua,3.02,30.91
2020-02-03,23.6,0.3,64,11.6,4.56,Arua,3.02,30.91
2020-02-04,22.1,0.7,71,12.2,3.07,Arua,3.02,30.91
2020-02-05,21.7,7.6,77,9.4,3.14,Arua,3.02,30.91
2020-02-06,21.8,2.5,79,14.3,3.69,Arua,3.02,30.91
2020-02-07,24.0,0.0,62,15.9,5.03,Arua,3.02,30.91
2020-02-08,25.0,0.0,54,21.3,5.69,Arua,3.02,30.91
2020-02-09,24.9,0.0,47,17.9,5.84,Arua,3.02,30.91
2020-02-10,24.8,0.0,45,14.8,5.75,Arua,3.02,30.91
2020-02-11,24.7,0.0,41,11.0,6.07,Arua,3.02,30.91
2020-02-12,24.1,0.0,36,11.5,6.29,Arua,3.02,30.91
2020-02-13,24.5,0.0,32,13.8,6.67,Arua,3.02,30.91
2020-02-14,23.3,0.4,49,15.1,3.65,Arua,3.02,30.91
2020-02-15,24.4,0.0,55,21.5,5.38,Arua,3.02,30.91
2020-02-16,25.2,0.0,47,20.0,6.05,Arua,3.02,30.91
2020-02-17,25.8,0.0,50,15.9,5.8,Arua,3.02,30.91
2020-02-18,25.4,0.4,54,14.8,5.12,Arua,3.02,30.91
2020-02-19,24.5,0.3,64,16.1,5.21,Arua,3.02,30.91
2020-02-20,25.0,0.2,59,13.9,5.21,Arua,3.02,30.91
2020-02-21,25.9,0.0,49,16.2,5.39,Arua,3.02,30.91
2020-02-22,25.7,0.2,53,18.7,5.3,Arua,3.02,30.91
2020-02-23,25.6,0.2,54,23.2,5.54,Arua,3.02,30.91
2020-02-24,26.8,0.0,41,19.7,6.38,Arua,3.02,30.91
2020-02-25,25.9,0.0,45,14.8,5.97,Arua,3.02,30.91
2020-02-26,25.9,0.0,27,13.5,6.85,Arua,3.02,30.91
2020-02-27,27.2,0.0,32,13.4,6.89,Arua,3.02,30.91
2020-02-28,25.5,0.5,49,12.4,4.28,Arua,3.02,30.91
2020-02-29,25.3,0.6,53,14.1,4.68,Arua,3.02,30.91
2020-03-01,26.2,0.4,50,13.7,4.71,Arua,3.02,30.91
2020-03-02,26.2,0.0,52,17.9,5.38,Arua,3.02,30.91
2020-03-03,26.4,0.0,47,12.4,5.4,Arua,3.02,30.91
2020-03-04,27.2,0.0,43,18.0,6.16,Arua,3.02,30.91
2020-03-05,26.6,0.0,50,14.3,5.8,Arua,3.02,30.91
2020-03-06,27.1,0.0,43,16.0,5.93,Arua,3.02,30.91
2020-03-07,27.2,0.0,46,17.8,6.1,Arua,3.02,30.91
2020-03-08,25.8,4.3,59,14.2,5.03,Arua,3.02,30.91
2020-03-09,23.7,1.2,75,17.1,4.11,Arua,3.02,30.91
2020-03-10,24.8,0.8,68,12.8,4.29,Arua,3.02,30.91
2020-03-11,23.1,7.4,76,13.1,3.44,Arua,3.02,30.91
2020-03-12,23.8,1.6,76,16.8,4.73,Arua,3.02,30.91
2020-03-13,23.8,1.5,70,19.1,4.84,Arua,3.02,30.91
2020-03-14,22.2,7.3,80,15.5,3.24,Arua,3.02,30.91
2020-03-15,24.1,0.7,67,11.0,4.64,Arua,3.02,30.91
2020-03-16,24.4,0.3,66,11.0,4.48,Arua,3.02,30.91
2020-03-17,24.2,0.3,66,13.2,5.1,Arua,3.02,30.91
2020-03-18,22.8,3.1,79,8.0,3.29,Arua,3.02,30.91
2020-03-19,22.8,0.5,79,17.7,4.43,Arua,3.02,30.91
2020-03-20,23.8,0.0,72,15.3,5.14,Arua,3.02,30.91
2020-03-21,23.7,6.5,71,18.8,5.07,Arua,3.02,30.91
2020-03-22,22.8,1.8,73,17.2,4.89,Arua,3.02,30.91
2020-03-23,23.2,0.4,73,15.2,4.79,Arua,3.02,30.91
2020-03-24,24.1,1.0,70,14.2,4.93,Arua,3.02,30.91
2020-03-25,23.7,4.0,69,16.1,4.83,Arua,3.02,30.91
2020-03-26,24.6,0.0,60,14.6,5.83,Arua,3.02,30.91
2020-03-27,23.4,5.1,68,14.7,5.13,Arua,3.02,30.91
2020-03-28,23.0,0.4,75,13.6,4.74,Arua,3.02,30.91
2020-03-29,23.8,0.1,65,15.9,5.26,Arua,3.02,30.91
2020-03-30,23.7,0.6,68,16.3,5.43,Arua,3.02,30.91
2020-03-31,24.1,0.3,68,16.9,5.31,Arua,3.02,30.91
2020-04-01,25.0,0.0,60,20.3,5.93,Arua,3.02,30.91
2020-04-02,25.3,0.0,58,20.4,6.11,Arua,3.02,30.91
2020-04-03,24.9,0.2,57,17.3,4.94,Arua,3.02,30.91
2020-04-04,25.1,0.1,59,16.7,5.62,Arua,3.02,30.91
2020-04-05,25.2,0.1,56,15.4,5.61,Arua,3.02,30.91
2020-04-06,25.5,0.0,51,16.3,5.92,Arua,3.02,30.91
2020-04-07,25.0,0.1,55,14.7,5.7,Arua,3.02,30.91
2020-04-08,25.4,0.0,55,18.7,6.01,Arua,3.02,30.91
2020-04-09,25.5,0.0,56,16.7,5.62,Arua,3.02,30.91
2020-04-10,25.1,0.6,57,19.0,5.65,Arua,3.02,30.91
2020-04-11,25.6,0.5,57,14.8,5.48,Arua,3.02,30.91
2020-04-12,23.8,3.4,71,12.3,4.59,Arua,3.02,30.91
2020-04-13,22.8,6.2,78,15.1,3.77,Arua,3.02,30.91
2020-04-14,23.0,12.1,78,12.1,4.39,Arua,3.02,30.91
2020-04-15,23.2,1.5,77,14.8,4.27,Arua,3.02,30.91
2020-04-16,24.1,0.2,72,14.1,4.88,Arua,3.02,30.91
2020-04-17,23.9,10.3,71,10.8,4.85,Arua,3.02,30.91
2020-04-18,20.7,16.4,91,7.8,1.61,Arua,3.02,30.91
2020-04-19,21.6,6.7,84,9.0,2.79,Arua,3.02,30.91
2020-04-20,19.9,31.6,87,16.1,1.83,Arua,3.02,30.91
2020-04-21,20.7,0.9,77,10.5,2.09,Arua,3.02,30.91
2020-04-22,21.6,0.0,73,12.3,2.55,Arua,3.02,30.91
2020-04-23,22.3,0.0,73,13.5,4.87,Arua,3.02,30.91
2020-04-24,22.5,0.0,75,15.0,4.94,Arua,3.02,30.91
2020-04-25,23.7,0.0,66,14.3,5.38,Arua,3.02,30.91
2020-04-26,23.4,0.4,70,16.6,5.04,Arua,3.02,30.91
2020-04-27,23.0,3.2,75,13.2,3.56,Arua,3.02,30.91
2020-04-28,21.7,4.0,82,10.4,4.03,Arua,3.02,30.91
2020-04-29,22.5,0.6,80,11.9,3.84,Arua,3.02,30.91
2020-04-30,22.5,0.0,73,15.2,3.19,Arua,3.02,30.91
2020-05-01,22.8,0.5,78,11.8,4.12,Arua,3.02,30.91
2020-05-02,22.4,5.9,79,13.4,4.05,Arua,3.02,30.91
2020-05-03,21.7,3.0,80,7.9,2.71,Arua,3.02,30.91
2020-05-04,22.9,1.6,75,11.9,4.61,Arua,3.02,30.91
2020-05-05,22.5,8.4,81,11.9,4.34,Arua,3.02,30.91
2020-05-06,22.7,3.5,82,12.2,4.21,Arua,3.02,30.91
2020-05-07,23.0,0.8,76,12.9,4.53,Arua,3.02,30.91
2020-05-08,22.3,6.1,81,12.2,3.87,Arua,3.02,30.91
2020-05-09,22.4,0.3,80,10.0,3.75,Arua,3.02,30.91
2020-05-10,21.5,4.5,86,11.8,3.0,Arua,3.02,30.91
2020-05-11,21.7,5.3,87,13.9,4.06,Arua,3.02,30.91
2020-05-12,22.0,4.2,84,13.3,4.11,Arua,3.02,30.91
2020-05-13,23.0,0.0,75,13.0,4.72,Arua,3.02,30.91
2020-05-14,22.4,6.9,76,11.2,4.29,Arua,3.02,30.91
2020-05-15,22.4,7.5,80,13.2,4.0,Arua,3.02,30.91
2020-05-16,22.7,0.1,73,14.2,4.54,Arua,3.02,30.91
2020-05-17,23.4,0.0,69,14.4,5.08,Arua,3.02,30.91
2020-05-18,23.4,1.0,68,15.0,4.76,Arua,3.02,30.91
2020-05-19,22.7,0.7,74,13.6,4.55,Arua,3.02,30.91
2020-05-20,23.4,0.7,66,12.7,4.76,Arua,3.02,30.91
2020-05-21,23.2,2.5,64,11.9,4.38,Arua,3.02,30.91
2020-05-22,20.5,10.6,88,11.1,2.25,Arua,3.02,30.91
2020-05-23,21.5,0.3,77,12.7,4.13,Arua,3.02,30.91
2020-05-24,22.5,0.6,73,15.1,4.48,Arua,3.02,30.91
2020-05-25,23.2,0.1,66,12.2,4.99,Arua,3.02,30.91
2020-05-26,23.8,0.7,65,9.8,4.48,Arua,3.02,30.91
2020-05-27,22.9,2.3,76,12.3,4.36,Arua,3.02,30.91
2020-05-28,23.5,0.5,76,14.0,4.61,Arua,3.02,30.91
2020-05-29,22.9,2.0,77,13.4,3.71,Arua,3.02,30.91
2020-05-30,21.7,7.3,79,7.4,2.53,Arua,3.02,30.91
2020-05-31,21.4,0.3,83,12.2,2.45,Arua,3.02,30.91
2020-06-01,23.1,0.4,68,14.7,5.02,Arua,3.02,30.91
2020-06-02,23.2,0.0,66,14.8,4.86,Arua,3.02,30.91
2020-06-03,22.9,0.5,68,12.9,4.35,Arua,3.02,30.91
2020-06-04,22.2,0.3,77,10.5,4.47,Arua,3.02,30.91
2020-06-05,23.4,0.1,69,12.7,4.68,Arua,3.02,30.91
2020-06-06,22.6,6.8,71,11.2,3.65,Arua,3.02,30.91
2020-06-07,22.8,3.2,72,12.2,3.93,Arua,3.02,30.91
2020-06-08,21.1,7.4,85,12.0,3.25,Arua,3.02,30.91
2020-06-09,21.2,5.2,82,11.9,3.16,Arua,3.02,30.91
2020-06-10,21.0,7.3,82,12.4,3.56,Arua,3.02,30.91
2020-06-11,20.1,7.7,84,18.0,2.92,Arua,3.02,30.91
2020-06-12,20.4,3.2,82,13.6,3.4,Arua,3.02,30.91
2020-06-13,20.8,14.9,83,9.5,3.51,Arua,3.02,30.91
2020-06-14,20.6,1.0,81,10.6,3.29,Arua,3.02,30.91
2020-06-15,21.1,11.1,82,9.4,3.52,Arua,3.02,30.91
2020-06-16,21.8,0.3,73,15.8,4.45,Arua,3.02,30.91
2020-06-17,22.5,0.0,69,14.3,4.72,Arua,3.02,30.91
2020-06-18,21.3,9.4,80,9.9,3.75,Arua,3.02,30.91
2020-06-19,20.8,6.4,82,11.6,3.81,Arua,3.02,30.91
2020-06-20,20.7,9.0,85,11.7,3.32,Arua,3.02,30.91
2020-06-21,21.0,9.2,82,13.3,3.6,Arua,3.02,30.91
2020-06-22,21.1,2.9,78,10.1,3.75,Arua,3.02,30.91
2020-06-23,21.5,0.4,76,9.0,4.32,Arua,3.02,30.91
2020-06-24,22.3,0.4,71,16.8,4.64,Arua,3.02,30.91
2020-06-25,21.8,1.3,79,12.9,3.83,Arua,3.02,30.91
2020-06-26,20.1,9.5,86,13.0,2.94,Arua,3.02,30.91
2020-06-27,21.3,6.5,78,12.5,4.0,Arua,3.02,30.91
2020-06-28,21.5,1.4,79,7.4,3.79,Arua,3.02,30.91
2020-06-29,22.0,0.2,78,13.5,4.23,Arua,3.02,30.91
2020-06-30,22.2,0.4,75,8.0,3.88,Arua,3.02,30.91
2020-07-01,21.5,5.3,76,14.2,4.15,Arua,3.02,30.91
2020-07-02,20.5,5.8,83,11.6,3.34,Arua,3.02,30.91
2020-07-03,21.9,0.9,73,13.5,4.36,Arua,3.02,30.91
2020-07-04,22.3,0.3,69,12.9,4.48,Arua,3.02,30.91
2020-07-05,22.3,0.5,69,9.7,3.97,Arua,3.02,30.91
2020-07-06,19.7,11.7,90,15.2,1.95,Arua,3.02,30.91
2020-07-07,19.8,1.6,83,12.6,2.0,Arua,3.02,30.91
2020-07-08,20.4,3.6,80,10.2,3.27,Arua,3.02,30.91
2020-07-09,21.3,0.1,74,16.1,3.85,Arua,3.02,30.91
2020-07-10,21.3,11.9,83,12.6,3.54,Arua,3.02,30.91
2020-07-11,20.6,30.1,86,12.4,3.25,Arua,3.02,30.91
2020-07-12,20.6,6.0,81,10.2,3.71,Arua,3.02,30.91
2020-07-13,20.5,8.5,82,9.5,3.48,Arua,3.02,30.91
2020-07-14,20.7,0.8,79,13.4,3.9,Arua,3.02,30.91
2020-07-15,20.3,6.3,86,12.3,3.31,Arua,3.02,30.91
2020-07-16,20.0,11.6,85,10.3,3.24,Arua,3.02,30.91
2020-07-17,20.5,1.6,82,9.7,3.39,Arua,3.02,30.91
2020-07-18,19.1,4.8,88,10.6,2.05,Arua,3.02,30.91
2020-07-19,19.4,0.5,82,12.2,2.61,Arua,3.02,30.91
2020-07-20,20.5,1.5,81,10.1,4.16,Arua,3.02,30.91
2020-07-21,20.0,21.4,87,11.1,3.08,Arua,3.02,30.91
2020-07-22,20.2,2.5,82,18.4,3.36,Arua,3.02,30.91
2020-07-23,20.7,0.6,79,14.4,3.14,Arua,3.02,30.91
2020-07-24,20.1,1.4,84,12.6,2.87,Arua,3.02,30.91
2020-07-25,20.0,1.3,85,19.9,2.46,Arua,3.02,30.91
2020-07-26,20.3,0.4,82,18.5,2.92,Arua,3.02,30.91
2020-07-27,20.3,14.5,85,10.5,3.06,Arua,3.02,30.91
2020-07-28,19.9,16.6,87,10.7,2.86,Arua,3.02,30.91
2020-07-29,20.9,1.8,81,10.8,4.09,Arua,3.02,30.91
2020-07-30,21.5,1.5,74,10.3,4.58,Arua,3.02,30.91
2020-07-31,22.0,0.4,75,13.0,4.46,Arua,3.02,30.91
2020-08-01,22.2,0.7,78,9.8,4.14,Arua,3.02,30.91
2020-08-02,21.1,5.3,81,13.8,3.94,Arua,3.02,30.91
2020-08-03,20.9,0.4,77,9.7,3.66,Arua,3.02,30.91
2020-08-04,20.6,0.4,74,8.9,2.95,Arua,3.02,30.91
2020-08-05,20.1,7.4,82,14.4,3.61,Arua,3.02,30.91
2020-08-06,19.9,18.3,86,12.6,3.55,Arua,3.02,30.91
2020-08-07,20.4,3.9,86,9.1,3.58,Arua,3.02,30.91
2020-08-08,20.8,7.2,82,16.0,3.6,Arua,3.02,30.91
2020-08-09,20.6,2.1,84,15.9,3.6,Arua,3.02,30.91
2020-08-10,20.1,12.3,87,10.5,3.36,Arua,3.02,30.91
2020-08-11,20.8,1.4,81,8.4,3.97,Arua,3.02,30.91
2020-08-12,21.4,3.4,81,10.1,3.85,Arua,3.02,30.91
2020-08-13,21.1,5.1,81,11.4,3.87,Arua,3.02,30.91
2020-08-14,21.2,3.3,82,10.0,3.7,Arua,3.02,30.91
2020-08-15,21.3,3.0,83,9.2,3.96,Arua,3.02,30.91
2020-08-16,20.8,6.8,87,9.2,3.08,Arua,3.02,30.91
2020-08-17,20.4,19.7,89,9.1,3.01,Arua,3.02,30.91
2020-08-18,20.2,3.3,87,10.8,2.52,Arua,3.02,30.91
2020-08-19,20.8,0.0,82,13.9,4.12,Arua,3.02,30.91
2020-08-20,20.9,1.4,83,9.8,3.78,Arua,3.02,30.91
2020-08-21,21.4,0.7,83,13.7,4.44,Arua,3.02,30.91
2020-08-22,21.1,4.8,85,9.7,3.81,Arua,3.02,30.91
2020-08-23,20.8,6.1,84,13.1,3.93,Arua,3.02,30.91
2020-08-24,20.2,7.5,85,14.5,3.55,Arua,3.02,30.91
2020-08-25,20.5,0.1,81,8.3,4.09,Arua,3.02,30.91
2020-08-26,21.3,0.3,80,15.3,4.71,Arua,3.02,30.91
2020-08-27,21.1,3.4,81,10.5,4.18,Arua,3.02,30.91
2020-08-28,21.2,3.4,80,9.0,4.39,Arua,3.02,30.91
2020-08-29,20.0,16.6,87,12.4,3.42,Arua,3.02,30.91
2020-08-30,20.3,6.1,83,10.6,4.1,Arua,3.02,30.91
2020-08-31,20.3,10.7,85,9.0,3.87,Arua,3.02,30.91
2020-09-01,21.2,0.4,80,10.1,4.38,Arua,3.02,30.91
2020-09-02,21.2,5.8,84,12.2,3.73,Arua,3.02,30.91
2020-09-03,20.1,7.5,85,9.5,3.04,Arua,3.02,30.91
2020-09-04,20.7,16.2,81,10.9,4.31,Arua,3.02,30.91
2020-09-05,20.9,10.4,83,10.1,3.62,Arua,3.02,30.91
2020-09-06,19.9,16.0,87,20.1,2.64,Arua,3.02,30.91
2020-09-07,19.0,8.6,88,12.3,1.78,Arua,3.02,30.91
2020-09-08,20.5,0.5,83,12.0,4.49,Arua,3.02,30.91
2020-09-09,20.5,8.2,83,10.6,4.2,Arua,3.02,30.91
2020-09-10,21.4,0.5,79,10.7,4.56,Arua,3.02,30.91
2020-09-11,21.0,6.4,83,10.4,3.96,Arua,3.02,30.91
2020-09-12,20.6,18.7,86,9.8,4.05,Arua,3.02,30.91
2020-09-13,20.4,5.7,86,10.2,4.05,Arua,3.02,30.91
2020-09-14,20.9,2.3,84,10.6,4.19,Arua,3.02,30.91
2020-09-15,21.1,5.0,83,10.5,3.83,Arua,3.02,30.91
2020-09-16,21.4,1.4,80,12.7,4.29,Arua,3.02,30.91
2020-09-17,22.2,0.6,75,11.9,4.96,Arua,3.02,30.91
2020-09-18,21.6,9.3,82,11.3,3.96,Arua,3.02,30.91
2020-09-19,21.3,4.6,84,11.4,4.05,Arua,3.02,30.91
2020-09-20,20.8,14.3,83,9.1,4.43,Arua,3.02,30.91
2020-09-21,20.9,9.5,82,11.1,3.65,Arua,3.02,30.91
2020-09-22,21.4,7.7,81,15.0,4.18,Arua,3.02,30.91
2020-09-23,20.9,5.6,84,9.9,4.01,Arua,3.02,30.91
2020-09-24,20.8,1.9,80,11.4,3.85,Arua,3.02,30.91
2020-09-25,20.3,7.3,84,13.5,3.11,Arua,3.02,30.91
2020-09-26,20.6,1.4,80,11.4,3.01,Arua,3.02,30.91
2020-09-27,21.0,2.0,80,12.4,4.44,Arua,3.02,30.91
2020-09-28,20.6,7.0,86,11.8,3.8,Arua,3.02,30.91
2020-09-29,20.9,6.1,82,13.1,4.08,Arua,3.02,30.91
2020-09-30,20.6,3.1,84,15.4,3.85,Arua,3.02,30.91
2020-10-01,20.5,1.3,84,10.6,3.85,Arua,3.02,30.91
2020-10-02,20.8,6.5,82,15.9,4.16,Arua,3.02,30.91
2020-10-03,20.6,5.1,86,11.9,3.72,Arua,3.02,30.91
2020-10-04,21.1,2.6,78,11.7,4.5,Arua,3.02,30.91
2020-10-05,21.7,3.5,78,13.8,4.38,Arua,3.02,30.91
2020-10-06,21.4,1.9,81,10.3,4.19,Arua,3.02,30.91
2020-10-07,21.8,0.7,78,11.7,4.45,Arua,3.02,30.91
2020-10-08,20.9,15.5,86,13.7,3.21,Arua,3.02,30.91
2020-10-09,20.3,10.2,89,13.5,3.15,Arua,3.02,30.91
2020-10-10,20.1,2.3,84,13.1,3.17,Arua,3.02,30.91
2020-10-11,21.7,2.5,76,11.2,4.52,Arua,3.02,30.91
2020-10-12,20.4,9.8,86,13.3,2.77,Arua,3.02,30.91
2020-10-13,19.4,8.0,89,10.5,1.95,Arua,3.02,30.91
2020-10-14,20.5,0.8,85,11.2,3.5,Arua,3.02,30.91
2020-10-15,20.9,5.0,86,10.0,3.57,Arua,3.02,30.91
2020-10-16,22.2,0.3,74,11.9,4.54,Arua,3.02,30.91
2020-10-17,20.6,17.1,87,10.9,2.98,Arua,3.02,30.91
2020-10-18,20.5,13.7,87,7.2,2.98,Arua,3.02,30.91
2020-10-19,20.7,18.7,85,10.1,3.29,Arua,3.02,30.91
2020-10-20,20.6,7.3,85,7.2,2.72,Arua,3.02,30.91
2020-10-21,20.9,6.7,85,12.6,3.81,Arua,3.02,30.91
2020-10-22,20.8,21.3,87,10.4,3.29,Arua,3.02,30.91
2020-10-23,20.9,7.3,85,10.5,4.08,Arua,3.02,30.91
2020-10-24,21.2,0.5,83,10.0,3.46,Arua,3.02,30.91
2020-10-25,22.1,2.3,79,13.0,4.5,Arua,3.02,30.91
2020-10-26,20.3,16.7,87,13.3,2.67,Arua,3.02,30.91
2020-10-27,21.3,0.7,84,13.4,4.03,Arua,3.02,30.91
2020-10-28,21.5,3.8,82,13.7,4.14,Arua,3.02,30.91
2020-10-29,21.5,6.6,83,13.6,4.11,Arua,3.02,30.91
2020-10-30,19.8,22.4,89,11.3,1.99,Arua,3.02,30.91
2020-10-31,20.6,0.8,83,12.4,3.66,Arua,3.02,30.91
2020-11-01,22.0,9.3,76,14.1,4.52,Arua,3.02,30.91
2020-11-02,21.7,1.5,77,15.6,4.43,Arua,3.02,30.91
2020-11-03,21.7,0.2,75,19.4,4.56,Arua,3.02,30.91
2020-11-04,22.9,0.0,68,16.1,4.98,Arua,3.02,30.91
2020-11-05,23.2,0.0,63,14.5,5.15,Arua,3.02,30.91
2020-11-06,22.2,20.7,74,10.1,3.73,Arua,3.02,30.91
2020-11-07,20.9,13.0,86,10.0,3.42,Arua,3.02,30.91
2020-11-08,20.3,16.6,87,10.7,2.74,Arua,3.02,30.91
2020-11-09,20.7,0.5,81,15.0,4.26,Arua,3.02,30.91
2020-11-10,21.0,2.0,81,13.8,4.17,Arua,3.02,30.91
2020-11-11,20.4,2.7,84,14.1,3.7,Arua,3.02,30.91
2020-11-12,21.1,2.3,81,15.2,4.13,Arua,3.02,30.91
2020-11-13,21.7,0.9,75,13.7,4.25,Arua,3.02,30.91
2020-11-14,21.1,15.9,83,11.6,3.79,Arua,3.02,30.91
2020-11-15,20.8,0.6,81,10.1,4.0,Arua,3.02,30.91
2020-11-16,20.7,9.1,84,11.2,3.24,Arua,3.02,30.91
2020-11-17,21.4,0.4,77,12.3,4.31,Arua,3.02,30.91
2020-11-18,21.9,0.0,72,14.0,4.57,Arua,3.02,30.91
2020-11-19,21.8,0.2,71,10.1,4.36,Arua,3.02,30.91
2020-11-20,22.1,0.2,71,12.3,4.36,Arua,3.02,30.91
2020-11-21,22.5,0.8,70,13.8,4.44,Arua,3.02,30.91
2020-11-22,23.1,0.2,65,13.5,4.47,Arua,3.02,30.91
2020-11-23,22.6,1.0,67,13.4,4.62,Arua,3.02,30.91
2020-11-24,22.5,0.0,67,11.6,4.43,Arua,3.02,30.91
2020-11-25,21.7,0.9,74,12.8,3.61,Arua,3.02,30.91
2020-11-26,21.9,0.9,76,11.2,4.31,Arua,3.02,30.91
2020-11-27,21.8,1.6,77,11.4,3.94,Arua,3.02,30.91
2020-11-28,21.6,7.0,80,15.8,4.08,Arua,3.02,30.91
2020-11-29,19.2,17.2,82,14.6,2.64,Arua,3.02,30.91
2020-11-30,20.5,0.5,70,10.8,4.28,Arua,3.02,30.91
2020-12-01,22.1,0.0,67,11.8,4.68,Arua,3.02,30.91
2020-12-02,22.0,0.4,65,11.4,3.91,Arua,3.02,30.91
2020-12-03,22.6,0.5,66,15.6,4.17,Arua,3.02,30.91
2020-12-04,22.2,0.0,70,14.1,4.24,Arua,3.02,30.91
2020-12-05,21.7,0.6,72,13.9,4.36,Arua,3.02,30.91
2020-12-06,22.2,0.0,65,15.9,4.58,Arua,3.02,30.91
2020-12-07,23.2,0.0,63,12.9,4.42,Arua,3.02,30.91
2020-12-08,22.1,2.5,72,17.7,3.79,Arua,3.02,30.91
2020-12-09,22.0,0.0,72,17.1,4.51,Arua,3.02,30.91
2020-12-10,22.4,0.0,58,15.9,5.01,Arua,3.02,30.91
2020-12-11,23.0,0.0,50,12.3,5.28,Arua,3.02,30.91
2020-12-12,22.2,0.0,57,14.9,4.87,Arua,3.02,30.91
2020-12-13,22.9,0.0,51,13.9,5.29,Arua,3.02,30.91
2020-12-14,22.6,0.0,53,13.0,5.22,Arua,3.02,30.91
2020-12-15,23.0,0.0,48,13.3,5.45,Arua,3.02,30.91
2020-12-16,23.3,0.0,43,14.1,5.76,Arua,3.02,30.91
2020-12-17,23.7,0.0,38,16.1,6.1,Arua,3.02,30.91
2020-12-18,23.4,0.0,44,11.0,5.59,Arua,3.02,30.91
2020-12-19,22.7,0.0,50,12.3,4.94,Arua,3.02,30.91
2020-12-20,23.0,0.0,47,13.6,5.44,Arua,3.02,30.91
2020-12-21,23.1,0.0,56,16.3,4.56,Arua,3.02,30.91
2020-12-22,22.2,0.1,66,16.2,4.34,Arua,3.02,30.91
2020-12-23,23.0,0.0,57,15.8,5.18,Arua,3.02,30.91
2020-12-24,23.8,0.0,56,11.9,4.77,Arua,3.02,30.91
2020-12-25,24.0,0.0,54,11.3,4.84,Arua,3.02,30.91
2020-12-26,23.6,0.0,57,14.3,4.45,Arua,3.02,30.91
2020-12-27,24.2,0.0,48,15.8,5.41,Arua,3.02,30.91
2020-12-28,23.8,0.0,45,12.4,5.64,Arua,3.02,30.91
2020-12-29,24.1,0.0,43,18.8,5.57,Arua,3.02,30.91
2020-12-30,23.8,0.0,47,14.1,4.78,Arua,3.02,30.91
2020-12-31,23.8,0.0,52,15.8,4.65,Arua,3.02,30.91
2021-01-01,22.1,1.5,72,14.3,3.71,Arua,3.02,30.91
2021-01-02,21.6,0.3,70,11.8,3.27,Arua,3.02,30.91
2021-01-03,22.7,0.3,63,16.2,4.19,Arua,3.02,30.91
2021-01-04,23.4,0.1,58,11.8,4.2,Arua,3.02,30.91
2021-01-05,23.9,0.0,52,14.0,5.39,Arua,3.02,30.91
2021-01-06,24.5,0.0,45,14.1,5.5,Arua,3.02,30.91
2021-01-07,24.3,0.0,43,13.1,5.85,Arua,3.02,30.91
2021-01-08,24.9,0.0,39,10.6,5.12,Arua,3.02,30.91
2021-01-09,22.9,0.0,58,17.0,4.66,Arua,3.02,30.91
2021-01-10,23.7,0.0,52,14.8,4.74,Arua,3.02,30.91
2021-01-11,23.2,0.1,55,9.8,4.44,Arua,3.02,30.91
2021-01-12,24.5,0.0,44,11.3,4.74,Arua,3.02,30.91
2021-01-13,23.8,0.1,53,8.1,4.44,Arua,3.02,30.91
2021-01-14,25.4,0.0,38,15.0,5.49,Arua,3.02,30.91
2021-01-15,24.6,0.0,49,14.0,4.83,Arua,3.02,30.91
2021-01-16,23.6,0.0,54,15.8,4.76,Arua,3.02,30.91
2021-01-17,23.7,0.0,53,12.1,5.07,Arua,3.02,30.91
2021-01-18,24.4,0.0,45,15.5,5.33,Arua,3.02,30.91
2021-01-19,24.9,0.0,39,13.9,5.64,Arua,3.02,30.91
2021-01-20,24.9,0.0,39,13.6,5.83,Arua,3.02,30.91
2021-01-21,23.8,0.0,38,13.0,6.1,Arua,3.02,30.91
2021-01-22,24.0,0.0,38,15.2,5.93,Arua,3.02,30.91
2021-01-23,24.1,0.0,47,18.5,5.23,Arua,3.02,30.91
2021-01-24,24.5,0.0,52,17.1,5.1,Arua,3.02,30.91
2021-01-25,24.8,0.0,48,18.4,5.59,Arua,3.02,30.91
2021-01-26,24.7,0.0,47,17.6,5.36,Arua,3.02,30.91
2021-01-27,24.5,0.0,45,15.9,5.55,Arua,3.02,30.91
2021-01-28,25.8,0.0,34,16.0,5.92,Arua,3.02,30.91
2021-01-29,25.7,0.0,35,16.6,6.57,Arua,3.02,30.91
2021-01-30,26.5,0.0,32,17.0,6.17,Arua,3.02,30.91
2021-01-31,26.1,0.0,32,15.5,5.93,Arua,3.02,30.91
2021-02-01,26.3,0.0,27,15.2,6.34,Arua,3.02,30.91
2021-02-02,26.7,0.0,25,18.4,7.02,Arua,3.02,30.91
2021-02-03,26.3,0.0,33,15.5,6.44,Arua,3.02,30.91
2021-02-04,26.1,0.0,36,12.6,5.6,Arua,3.02,30.91
2021-02-05,26.0,0.0,37,15.5,4.98,Arua,3.02,30.91
2021-02-06,24.5,0.0,26,13.7,6.8,Arua,3.02,30.91
2021-02-07,24.3,0.0,20,13.8,6.84,Arua,3.02,30.91
2021-02-08,24.6,0.0,22,12.0,6.67,Arua,3.02,30.91
2021-02-09,25.5,0.0,26,11.4,6.76,Arua,3.02,30.91
2021-02-10,27.2,0.0,28,11.3,6.16,Arua,3.02,30.91
2021-02-11,26.9,0.0,31,16.0,5.58,Arua,3.02,30.91
2021-02-12,26.5,0.0,39,11.9,5.68,Arua,3.02,30.91
2021-02-13,27.2,0.0,32,14.1,6.08,Arua,3.02,30.91
2021-02-14,26.5,0.0,43,14.1,6.33,Arua,3.02,30.91
2021-02-15,26.3,0.0,44,15.8,5.37,Arua,3.02,30.91
2021-02-16,26.3,0.0,46,14.8,5.0,Arua,3.02,30.91
2021-02-17,25.5,0.5,49,8.9,4.36,Arua,3.02,30.91
2021-02-18,24.8,0.1,52,19.5,5.43,Arua,3.02,30.91
2021-02-19,23.4,0.0,41,13.7,5.97,Arua,3.02,30.91
2021-02-20,24.3,0.0,25,13.3,6.63,Arua,3.02,30.91
2021-02-21,24.4,0.0,29,10.9,6.37,Arua,3.02,30.91
2021-02-22,25.5,0.0,27,11.2,6.39,Arua,3.02,30.91
2021-02-23,25.6,0.0,33,13.8,5.89,Arua,3.02,30.91
2021-02-24,26.6,0.2,29,16.2,6.64,Arua,3.02,30.91
2021-02-25,25.6,0.0,24,12.5,7.0,Arua,3.02,30.91
2021-02-26,25.4,0.0,24,13.3,6.43,Arua,3.02,30.91
2021-02-27,26.6,0.0,24,16.9,6.84,Arua,3.02,30.91
2021-02-28,27.3,0.0,27,17.0,6.82,Arua,3.02,30.91
2021-03-01,27.9,0.0,28,18.7,7.66,Arua,3.02,30.91
2021-03-02,27.5,0.0,33,18.8,6.46,Arua,3.02,30.91
2021-03-03,27.9,0.0,31,14.9,6.29,Arua,3.02,30.91
2021-03-04,27.7,0.0,33,15.9,5.59,Arua,3.02,30.91
2021-03-05,26.3,0.7,46,14.4,5.61,Arua,3.02,30.91
2021-03-06,25.5,1.1,53,19.3,5.41,Arua,3.02,30.91
2021-03-07,26.0,0.4,48,12.5,5.27,Arua,3.02,30.91
2021-03-08,23.7,2.3,59,22.4,4.89,Arua,3.02,30.91
2021-03-09,24.4,1.0,57,15.2,5.46,Arua,3.02,30.91
2021-03-10,25.2,0.0,52,23.5,6.26,Arua,3.02,30.91
2021-03-11,26.0,0.0,43,23.8,6.45,Arua,3.02,30.91
2021-03-12,27.2,0.0,34,19.3,7.15,Arua,3.02,30.91
2021-03-13,27.2,0.0,34,19.5,6.76,Arua,3.02,30.91
2021-03-14,26.1,0.0,43,15.4,6.14,Arua,3.02,30.91
2021-03-15,25.2,0.4,53,14.4,5.52,Arua,3.02,30.91
2021-03-16,24.9,0.5,54,20.4,5.5,Arua,3.02,30.91
2021-03-17,21.8,11.9,78,17.5,3.85,Arua,3.02,30.91
2021-03-18,22.6,0.3,71,17.2,4.84,Arua,3.02,30.91
2021-03-19,23.0,3.7,71,17.1,4.94,Arua,3.02,30.91
2021-03-20,23.8,0.0,66,18.9,5.34,Arua,3.02,30.91
2021-03-21,23.0,2.5,67,17.7,4.16,Arua,3.02,30.91
2021-03-22,22.3,0.3,75,17.2,3.9,Arua,3.02,30.91
2021-03-23,23.6,0.2,66,15.7,5.01,Arua,3.02,30.91
2021-03-24,24.6,0.1,56,17.4,5.83,Arua,3.02,30.91
2021-03-25,25.6,0.0,46,16.8,6.32,Arua,3.02,30.91
2021-03-26,22.3,2.8,75,22.4,4.56,Arua,3.02,30.91
2021-03-27,20.5,3.4,79,22.5,3.49,Arua,3.02,30.91
2021-03-28,23.2,0.0,64,13.3,4.85,Arua,3.02,30.91
2021-03-29,25.1,0.0,51,13.6,5.87,Arua,3.02,30.91
2021-03-30,22.4,0.0,67,13.6,4.51,Arua,3.02,30.91
2021-03-31,22.6,3.8,69,12.6,4.4,Arua,3.02,30.91
2021-04-01,23.0,6.4,71,13.1,5.09,Arua,3.02,30.91
2021-04-02,21.9,8.6,81,15.1,4.13,Arua,3.02,30.91
2021-04-03,22.9,0.1,72,14.8,5.01,Arua,3.02,30.91
2021-04-04,23.5,1.2,68,11.3,4.68,Arua,3.02,30.91
2021-04-05,23.9,0.3,66,14.0,4.7,Arua,3.02,30.91
2021-04-06,22.2,2.7,80,15.0,3.89,Arua,3.02,30.91
2021-04-07,23.1,2.3,71,18.8,4.87,Arua,3.02,30.91
2021-04-08,24.2,0.0,61,18.3,5.64,Arua,3.02,30.91
2021-04-09,23.6,0.9,64,15.1,5.2,Arua,3.02,30.91
2021-04-10,24.2,0.0,62,11.7,5.13,Arua,3.02,30.91
2021-04-11,22.7,1.0,72,17.4,4.59,Arua,3.02,30.91
2021-04-12,23.0,1.3,71,16.9,4.81,Arua,3.02,30.91
2021-04-13,21.8,1.5,78,12.7,3.62,Arua,3.02,30.91
2021-04-14,22.8,0.7,71,13.7,4.91,Arua,3.02,30.91
2021-04-15,22.9,0.3,69,13.1,4.84,Arua,3.02,30.91
2021-04-16,23.0,0.7,70,14.2,4.5,Arua,3.02,30.91
2021-04-17,23.6,0.1,66,15.8,5.4,Arua,3.02,30.91
2021-04-18,23.5,0.4,68,17.8,5.22,Arua,3.02,30.91
2021-04-19,23.4,0.3,70,18.7,5.19,Arua,3.02,30.91
2021-04-20,22.6,0.9,73,16.4,3.14,Arua,3.02,30.91
2021-04-21,22.4,3.7,73,13.7,4.24,Arua,3.02,30.91
2021-04-22,21.8,0.4,78,17.6,3.59,Arua,3.02,30.91
2021-04-23,22.9,0.1,73,16.0,5.0,Arua,3.02,30.91
2021-04-24,23.3,5.8,73,14.0,4.61,Arua,3.02,30.91
2021-04-25,19.6,15.5,90,12.8,1.67,Arua,3.02,30.91
2021-04-26,21.2,2.8,77,11.8,3.69,Arua,3.02,30.91
2021-04-27,22.3,0.3,76,12.9,4.6,Arua,3.02,30.91
2021-04-28,23.2,0.2,69,17.9,5.01,Arua,3.02,30.91
2021-04-29,22.7,2.0,74,13.6,4.45,Arua,3.02,30.91
2021-04-30,21.9,6.2,80,13.8,3.84,Arua,3.02,30.91
2021-05-01,22.8,0.1,72,9.2,4.73,Arua,3.02,30.91
2021-05-02,22.2,4.5,76,12.6,4.27,Arua,3.02,30.91
2021-05-03,21.6,6.6,82,15.0,3.72,Arua,3.02,30.91
2021-05-04,22.2,1.1,77,12.4,4.5,Arua,3.02,30.91
2021-05-05,20.8,4.8,87,14.2,2.93,Arua,3.02,30.91
2021-05-06,20.7,16.2,84,9.1,3.37,Arua,3.02,30.91
2021-05-07,20.6,13.2,86,10.0,3.08,Arua,3.02,30.91
2021-05-08,19.3,10.6,93,13.8,1.53,Arua,3.02,30.91
2021-05-09,19.6,4.1,84,16.7,1.69,Arua,3.02,30.91
2021-05-10,20.0,5.5,87,12.4,2.6,Arua,3.02,30.91
2021-05-11,20.2,4.9,87,8.8,2.7,Arua,3.02,30.91
2021-05-12,19.4,5.8,88,8.0,1.92,Arua,3.02,30.91
2021-05-13,21.4,0.0,76,12.1,4.41,Arua,3.02,30.91
2021-05-14,20.9,9.5,85,11.2,3.87,Arua,3.02,30.91
2021-05-15,21.6,1.0,83,11.8,3.97,Arua,3.02,30.91
2021-05-16,22.4,0.5,73,13.6,4.45,Arua,3.02,30.91
2021-05-17,23.0,0.1,74,12.3,4.62,Arua,3.02,30.91
2021-05-18,22.8,1.3,75,12.6,4.58,Arua,3.02,30.91
2021-05-19,20.6,17.4,89,12.7,2.9,Arua,3.02,30.91
2021-05-20,21.9,0.1,79,14.2,4.47,Arua,3.02,30.91
2021-05-21,22.6,2.9,75,15.5,4.29,Arua,3.02,30.91
2021-05-22,22.8,1.6,76,11.2,4.35,Arua,3.02,30.91
2021-05-23,21.8,4.2,82,11.3,3.44,Arua,3.02,30.91
2021-05-24,21.1,11.9,84,11.4,3.16,Arua,3.02,30.91
2021-05-25,21.8,0.0,75,16.1,4.72,Arua,3.02,30.91
2021-05-26,22.7,0.4,72,15.8,4.47,Arua,3.02,30.91
2021-05-27,22.2,1.0,78,11.3,4.12,Arua,3.02,30.91
2021-05-28,21.7,2.5,82,11.2,3.83,Arua,3.02,30.91
2021-05-29,22.6,0.2,75,12.6,4.26,Arua,3.02,30.91
2021-05-30,22.9,0.1,71,14.1,4.64,Arua,3.02,30.91
2021-05-31,23.3,0.0,66,18.0,4.96,Arua,3.02,30.91
2021-06-01,23.2,0.2,62,12.6,4.8,Arua,3.02,30.91
2021-06-02,23.2,1.0,64,12.5,4.68,Arua,3.02,30.91
2021-06-03,21.0,1.3,81,13.1,2.65,Arua,3.02,30.91
2021-06-04,21.7,3.4,78,14.4,4.11,Arua,3.02,30.91
2021-06-05,22.3,11.1,79,13.0,3.88,Arua,3.02,30.91
2021-06-06,22.2,6.5,76,12.9,4.05,Arua,3.02,30.91
2021-06-07,22.1,0.8,71,15.6,4.72,Arua,3.02,30.91
2021-06-08,22.2,0.3,64,18.3,4.78,Arua,3.02,30.91
2021-06-09,22.4,0.0,61,16.4,5.1,Arua,3.02,30.91
2021-06-10,22.8,0.0,61,13.0,5.31,Arua,3.02,30.91
2021-06-11,23.5,0.0,57,14.3,5.13,Arua,3.02,30.91
2021-06-12,23.5,0.0,60,12.7,5.11,Arua,3.02,30.91
2021-06-13,22.6,1.0,67,12.0,4.23,Arua,3.02,30.91
2021-06-14,21.4,3.6,77,12.6,3.66,Arua,3.02,30.91
2021-06-15,21.3,10.3,77,12.1,3.76,Arua,3.02,30.91
2021-06-16,20.4,6.5,82,9.5,2.76,Arua,3.02,30.91
2021-06-17,20.6,0.4,78,10.1,2.62,Arua,3.02,30.91
2021-06-18,21.2,5.1,77,10.8,3.75,Arua,3.02,30.91
2021-06-19,20.8,2.5,80,9.8,3.69,Arua,3.02,30.91
2021-06-20,21.6,0.0,73,12.6,4.56,Arua,3.02,30.91
2021-06-21,20.7,0.5,78,14.5,3.59,Arua,3.02,30.91
2021-06-22,22.1,0.0,63,16.5,4.87,Arua,3.02,30.91
2021-06-23,22.3,0.1,64,15.1,4.84,Arua,3.02,30.91
2021-06-24,22.0,0.3,68,11.2,4.6,Arua,3.02,30.91
2021-06-25,22.4,0.9,68,9.9,4.46,Arua,3.02,30.91
2021-06-26,22.7,0.5,67,10.0,4.35,Arua,3.02,30.91
2021-06-27,23.5,0.0,59,13.2,5.11,Arua,3.02,30.91
2021-06-28,23.0,1.1,63,12.3,4.39,Arua,3.02,30.91
2021-06-29,20.7,7.6,81,18.4,3.78,Arua,3.02,30.91
2021-06-30,20.1,2.9,80,13.7,3.05,Arua,3.02,30.91
2021-07-01,21.3,0.2,71,8.7,4.51,Arua,3.02,30.91
2021-07-02,21.7,1.9,72,11.9,4.36,Arua,3.02,30.91
2021-07-03,22.3,0.3,73,11.4,4.55,Arua,3.02,30.91
2021-07-04,21.8,2.0,76,12.7,3.99,Arua,3.02,30.91
2021-07-05,21.6,1.3,76,14.8,4.25,Arua,3.02,30.91
2021-07-06,19.8,10.3,85,18.6,2.96,Arua,3.02,30.91
2021-07-07,19.6,14.8,87,8.6,2.94,Arua,3.02,30.91
2021-07-08,19.4,7.6,86,10.3,2.8,Arua,3.02,30.91
2021-07-09,20.5,0.0,77,12.6,4.31,Arua,3.02,30.91
2021-07-10,20.4,3.9,81,9.4,2.77,Arua,3.02,30.91
2021-07-11,20.7,3.6,79,10.2,3.22,Arua,3.02,30.91
2021-07-12,20.2,3.1,83,11.2,2.97,Arua,3.02,30.91
2021-07-13,19.9,2.6,80,8.2,2.95,Arua,3.02,30.91
2021-07-14,20.6,2.4,80,11.3,3.59,Arua,3.02,30.91
2021-07-15,19.7,8.0,90,7.7,2.24,Arua,3.02,30.91
2021-07-16,20.2,0.4,83,15.1,3.37,Arua,3.02,30.91
2021-07-17,20.6,3.2,79,14.3,3.41,Arua,3.02,30.91
2021-07-18,20.3,0.8,81,11.7,2.94,Arua,3.02,30.91
2021-07-19,19.7,3.8,83,13.8,2.62,Arua,3.02,30.91
2021-07-20,20.1,0.3,82,13.0,2.19,Arua,3.02,30.91
2021-07-21,20.9,3.4,79,8.3,3.54,Arua,3.02,30.91
2021-07-22,21.5,0.4,74,10.0,3.7,Arua,3.02,30.91
2021-07-23,21.6,0.4,76,16.7,3.77,Arua,3.02,30.91
2021-07-24,20.8,1.0,77,13.9,3.04,Arua,3.02,30.91
2021-07-25,20.8,0.0,73,10.7,2.93,Arua,3.02,30.91
2021-07-26,20.7,1.5,78,11.3,2.97,Arua,3.02,30.91
2021-07-27,20.3,2.9,81,12.5,3.27,Arua,3.02,30.91
2021-07-28,20.3,1.8,82,14.8,3.31,Arua,3.02,30.91
2021-07-29,19.1,9.0,91,13.5,1.74,Arua,3.02,30.91
2021-07-30,21.4,0.1,71,13.2,4.81,Arua,3.02,30.91
2021-07-31,21.9,0.6,68,18.5,4.21,Arua,3.02,30.91
2021-08-01,22.3,0.3,64,13.3,4.36,Arua,3.02,30.91
2021-08-02,19.5,17.4,87,11.3,2.77,Arua,3.02,30.91
2021-08-03,21.2,0.2,75,11.0,4.35,Arua,3.02,30.91
2021-08-04,21.6,0.2,72,11.3,4.32,Arua,3.02,30.91
2021-08-05,22.5,0.2,68,13.3,4.92,Arua,3.02,30.91
2021-08-06,22.4,0.4,68,10.6,4.54,Arua,3.02,30.91
2021-08-07,21.8,0.9,70,12.3,4.31,Arua,3.02,30.91
2021-08-08,19.9,13.7,88,15.6,2.64,Arua,3.02,30.91
2021-08-09,19.9,12.4,86,13.6,3.21,Arua,3.02,30.91
2021-08-10,20.7,6.8,79,14.1,4.07,Arua,3.02,30.91
2021-08-11,20.5,10.9,84,13.3,3.32,Arua,3.02,30.91
2021-08-12,20.8,3.1,81,9.5,4.04,Arua,3.02,30.91
2021-08-13,20.7,3.9,83,12.3,3.92,Arua,3.02,30.91
2021-08-14,20.3,15.7,85,14.1,3.21,Arua,3.02,30.91
2021-08-15,20.1,2.6,82,12.5,3.72,Arua,3.02,30.91
2021-08-16,21.1,0.2,72,12.9,4.53,Arua,3.02,30.91
2021-08-17,21.7,3.2,76,14.8,4.64,Arua,3.02,30.91
2021-08-18,22.4,1.2,70,10.1,4.85,Arua,3.02,30.91
2021-08-19,20.9,9.5,81,17.8,3.85,Arua,3.02,30.91
2021-08-20,19.8,25.0,89,14.0,3.13,Arua,3.02,30.91
2021-08-21,20.6,4.9,80,10.5,4.21,Arua,3.02,30.91
2021-08-22,20.1,6.4,83,9.7,3.59,Arua,3.02,30.91
2021-08-23,20.7,2.0,78,10.9,4.25,Arua,3.02,30.91
2021-08-24,20.9,1.3,81,13.0,3.98,Arua,3.02,30.91
2021-08-25,21.8,0.0,74,12.0,4.8,Arua,3.02,30.91
2021-08-26,22.0,0.9,73,12.9,4.68,Arua,3.02,30.91
2021-08-27,22.4,0.2,73,12.0,4.65,Arua,3.02,30.91
2021-08-28,22.3,1.9,71,11.8,4.19,Arua,3.02,30.91
2021-08-29,20.6,1.0,83,13.8,2.5,Arua,3.02,30.91
2021-08-30,20.9,0.0,81,14.8,3.33,Arua,3.02,30.91
2021-08-31,22.2,3.2,77,11.8,4.48,Arua,3.02,30.91
2021-09-01,20.2,6.0,89,10.5,3.04,Arua,3.02,30.91
2021-09-02,21.6,3.5,73,10.9,4.22,Arua,3.02,30.91
2021-09-03,20.6,11.1,84,11.2,3.8,Arua,3.02,30.91
2021-09-04,20.6,1.4,80,13.9,4.33,Arua,3.02,30.91
2021-09-05,19.7,3.9,87,10.1,1.77,Arua,3.02,30.91
2021-09-06,20.7,0.9,83,10.3,4.16,Arua,3.02,30.91
2021-09-07,21.1,3.7,80,10.3,4.16,Arua,3.02,30.91
2021-09-08,20.0,16.1,86,16.8,3.5,Arua,3.02,30.91
2021-09-09,20.4,0.7,82,11.5,3.71,Arua,3.02,30.91
2021-09-10,20.8,2.1,81,13.0,4.21,Arua,3.02,30.91
2021-09-11,20.8,2.0,82,10.5,3.48,Arua,3.02,30.91
2021-09-12,20.5,5.5,83,14.0,3.9,Arua,3.02,30.91
2021-09-13,20.9,1.7,80,10.2,4.16,Arua,3.02,30.91
2021-09-14,21.2,4.5,83,10.4,4.46,Arua,3.02,30.91
2021-09-15,21.4,1.1,84,9.0,3.98,Arua,3.02,30.91
2021-09-16,21.3,5.3,83,11.7,3.97,Arua,3.02,30.91
2021-09-17,20.7,5.1,83,15.1,3.22,Arua,3.02,30.91
2021-09-18,19.8,14.7,88,19.7,2.99,Arua,3.02,30.91
2021-09-19,20.9,0.1,79,8.8,4.52,Arua,3.02,30.91
2021-09-20,20.9,0.9,80,5.4,2.82,Arua,3.02,30.91
2021-09-21,21.1,2.2,84,11.5,4.51,Arua,3.02,30.91
2021-09-22,21.1,2.8,85,13.3,4.14,Arua,3.02,30.91
2021-09-23,21.7,1.3,81,12.6,4.76,Arua,3.02,30.91
2021-09-24,20.7,11.1,83,15.5,3.2,Arua,3.02,30.91
2021-09-25,19.4,7.0,88,15.3,2.2,Arua,3.02,30.91
2021-09-26,20.1,9.3,85,12.3,4.15,Arua,3.02,30.91
2021-09-27,21.3,0.4,81,10.4,4.44,Arua,3.02,30.91
2021-09-28,21.4,3.9,81,11.5,4.1,Arua,3.02,30.91
2021-09-29,21.4,6.7,84,12.6,4.19,Arua,3.02,30.91
2021-09-30,22.2,0.2,77,11.8,4.73,Arua,3.02,30.91
2021-10-01,20.9,6.4,87,11.8,3.31,Arua,3.02,30.91
2021-10-02,21.2,8.9,77,11.8,3.9,Arua,3.02,30.91
2021-10-03,20.5,10.5,85,12.7,3.47,Arua,3.02,30.91
2021-10-04,20.8,7.4,84,8.6,3.85,Arua,3.02,30.91
2021-10-05,21.6,0.6,76,10.8,4.86,Arua,3.02,30.91
2021-10-06,21.5,1.1,81,10.5,4.41,Arua,3.02,30.91
2021-10-07,21.6,0.7,81,10.1,4.31,Arua,3.02,30.91
2021-10-08,22.8,0.0,70,7.9,4.76,Arua,3.02,30.91
2021-10-09,22.6,0.9,72,11.9,4.22,Arua,3.02,30.91
2021-10-10,22.7,0.0,75,11.2,4.53,Arua,3.02,30.91
2021-10-11,22.6,10.5,78,11.6,4.31,Arua,3.02,30.91
2021-10-12,20.5,12.1,87,10.6,2.61,Arua,3.02,30.91
2021-10-13,20.2,1.2,81,9.1,3.12,Arua,3.02,30.91
2021-10-14,21.6,0.5,76,12.5,4.75,Arua,3.02,30.91
2021-10-15,21.7,0.9,76,14.2,4.7,Arua,3.02,30.91
2021-10-16,21.4,0.4,79,11.3,3.93,Arua,3.02,30.91
2021-10-17,21.6,1.8,79,12.7,4.63,Arua,3.02,30.91
2021-10-18,21.5,4.4,81,12.5,3.9,Arua,3.02,30.91
2021-10-19,20.9,8.5,84,13.1,3.69,Arua,3.02,30.91
2021-10-20,21.3,1.7,80,14.3,4.1,Arua,3.02,30.91
2021-10-21,21.0,7.8,81,17.9,4.28,Arua,3.02,30.91
2021-10-22,21.1,4.4,80,13.4,4.25,Arua,3.02,30.91
2021-10-23,22.4,2.1,75,14.0,4.87,Arua,3.02,30.91
2021-10-24,23.3,0.0,66,13.7,5.55,Arua,3.02,30.91
2021-10-25,23.6,1.5,62,13.5,5.47,Arua,3.02,30.91
2021-10-26,23.0,0.0,67,12.0,5.15,Arua,3.02,30.91
2021-10-27,22.5,1.4,69,11.0,5.07,Arua,3.02,30.91
2021-10-28,23.1,0.6,66,14.5,5.31,Arua,3.02,30.91
2021-10-29,22.6,1.5,71,11.3,4.52,Arua,3.02,30.91
2021-10-30,21.7,0.3,76,14.8,4.56,Arua,3.02,30.91
2021-10-31,22.7,0.1,72,15.1,5.07,Arua,3.02,30.91
2021-11-01,23.5,0.0,58,17.3,5.42,Arua,3.02,30.91
2021-11-02,22.3,0.1,72,18.4,4.93,Arua,3.02,30.91
2021-11-03,22.3,0.2,70,16.2,4.51,Arua,3.02,30.91
2021-11-04,22.3,0.9,71,13.7,4.53,Arua,3.02,30.91
2021-11-05,22.4,0.3,70,13.0,4.97,Arua,3.02,30.91
2021-11-06,22.2,2.0,73,11.9,4.69,Arua,3.02,30.91
2021-11-07,22.6,0.5,68,9.9,4.18,Arua,3.02,30.91
2021-11-08,22.1,16.0,72,14.1,3.89,Arua,3.02,30.91
2021-11-09,22.8,0.0,66,13.1,4.99,Arua,3.02,30.91
2021-11-10,22.8,0.4,69,16.6,4.89,Arua,3.02,30.91
2021-11-11,23.4,0.0,65,17.2,5.25,Arua,3.02,30.91
2021-11-12,22.0,1.0,74,13.7,4.01,Arua,3.02,30.91
2021-11-13,23.4,0.0,61,15.0,5.32,Arua,3.02,30.91
2021-11-14,23.7,0.1,58,17.2,5.33,Arua,3.02,30.91
2021-11-15,24.0,0.0,55,16.2,5.63,Arua,3.02,30.91
2021-11-16,23.0,1.2,62,16.6,5.29,Arua,3.02,30.91
2021-11-17,23.8,0.0,57,14.2,5.22,Arua,3.02,30.91
2021-11-18,22.7,1.4,65,17.7,4.89,Arua,3.02,30.91
2021-11-19,23.2,0.0,60,14.1,5.19,Arua,3.02,30.91
2021-11-20,23.7,0.0,55,10.8,5.18,Arua,3.02,30.91
2021-11-21,23.6,0.0,56,16.1,5.14,Arua,3.02,30.91
2021-11-22,23.3,0.0,56,15.9,4.98,Arua,3.02,30.91
2021-11-23,23.4,0.0,51,12.9,5.55,Arua,3.02,30.91
2021-11-24,23.3,0.0,51,10.0,5.15,Arua,3.02,30.91
2021-11-25,24.0,0.1,48,13.2,5.08,Arua,3.02,30.91
2021-11-26,23.5,0.4,52,15.4,4.56,Arua,3.02,30.91
2021-11-27,22.7,3.3,64,11.5,4.35,Arua,3.02,30.91
2021-11-28,21.4,9.9,75,16.8,4.47,Arua,3.02,30.91
2021-11-29,22.7,0.9,65,19.8,4.67,Arua,3.02,30.91
2021-11-30,22.1,1.2,69,15.6,3.66,Arua,3.02,30.91
2021-12-01,23.0,0.0,64,14.1,4.89,Arua,3.02,30.91
2021-12-02,23.4,0.0,58,11.5,4.95,Arua,3.02,30.91
2021-12-03,23.0,0.0,65,14.8,4.58,Arua,3.02,30.91
2021-12-04,23.6,0.0,60,14.8,4.96,Arua,3.02,30.91
2021-12-05,24.3,0.0,54,16.9,5.23,Arua,3.02,30.91
2021-12-06,23.9,0.0,55,15.5,5.21,Arua,3.02,30.91
2021-12-07,24.3,0.0,45,14.9,5.79,Arua,3.02,30.91
2021-12-08,24.8,0.0,41,13.9,5.58,Arua,3.02,30.91
2021-12-09,24.5,0.1,48,14.2,5.34,Arua,3.02,30.91
2021-12-10,23.9,0.1,56,17.3,4.96,Arua,3.02,30.91
2021-12-11,23.7,0.0,55,16.9,5.55,Arua,3.02,30.91
2021-12-12,23.8,0.0,39,18.2,5.93,Arua,3.02,30.91
2021-12-13,23.7,0.0,40,16.5,5.81,Arua,3.02,30.91
2021-12-14,24.6,0.0,45,14.1,5.21,Arua,3.02,30.91
2021-12-15,25.1,0.0,48,15.5,5.37,Arua,3.02,30.91
2021-12-16,24.7,0.0,53,17.8,5.31,Arua,3.02,30.91
2021-12-17,24.5,0.0,47,15.6,5.68,Arua,3.02,30.91
2021-12-18,25.0,0.0,48,12.2,5.3,Arua,3.02,30.91
2021-12-19,23.9,0.0,49,12.8,4.53,Arua,3.02,30.91
2021-12-20,23.7,1.0,63,17.5,4.78,Arua,3.02,30.91
2021-12-21,23.4,0.3,64,19.8,4.87,Arua,3.02,30.91
2021-12-22,24.0,0.0,53,19.1,4.78,Arua,3.02,30.91
2021-12-23,23.9,1.0,60,16.6,4.51,Arua,3.02,30.91
2021-12-24,24.0,1.1,59,14.5,4.79,Arua,3.02,30.91
2021-12-25,24.0,2.1,58,13.9,5.0,Arua,3.02,30.91
2021-12-26,22.9,2.5,66,17.8,4.09,Arua,3.02,30.91
2021-12-27,23.0,0.0,63,14.8,4.8,Arua,3.02,30.91
2021-12-28,23.4,0.4,57,17.6,4.92,Arua,3.02,30.91
2021-12-29,24.4,0.0,48,14.4,5.57,Arua,3.02,30.91
2021-12-30,23.7,0.0,49,12.0,5.26,Arua,3.02,30.91
2021-12-31,23.3,0.0,55,12.4,3.7,Arua,3.02,30.91
2020-01-01,22.0,0.3,77,7.7,4.28,Kampala,0.35,32.58
2020-01-02,22.1,0.0,76,9.6,4.49,Kampala,0.35,32.58
2020-01-03,22.4,0.0,74,9.5,4.62,Kampala,0.35,32.58
2020-01-04,21.9,0.7,80,9.4,4.38,Kampala,0.35,32.58
2020-01-05,22.1,0.2,77,13.7,4.19,Kampala,0.35,32.58
2020-01-06,21.6,2.0,78,9.0,3.42,Kampala,0.35,32.58
2020-01-07,21.8,0.1,80,8.9,4.07,Kampala,0.35,32.58
2020-01-08,21.8,6.5,83,10.8,3.49,Kampala,0.35,32.58
2020-01-09,22.1,0.7,80,9.1,4.11,Kampala,0.35,32.58
2020-01-10,21.4,0.5,81,12.6,3.86,Kampala,0.35,32.58
2020-01-11,22.5,0.4,72,12.3,4.67,Kampala,0.35,32.58
2020-01-12,21.8,3.5,77,14.0,4.28,Kampala,0.35,32.58
2020-01-13,20.5,11.0,87,11.2,3.09,Kampala,0.35,32.58
2020-01-14,21.9,0.0,75,9.3,4.9,Kampala,0.35,32.58
2020-01-15,22.8,0.0,76,10.1,4.69,Kampala,0.35,32.58
2020-01-16,22.5,0.9,81,11.6,4.22,Kampala,0.35,32.58
2020-01-17,22.6,4.6,84,11.9,3.64,Kampala,0.35,32.58
2020-01-18,23.0,1.2,80,12.4,4.0,Kampala,0.35,32.58
2020-01-19,23.0,0.0,66,12.8,4.77,Kampala,0.35,32.58
2020-01-20,22.1,0.0,62,13.6,5.64,Kampala,0.35,32.58
2020-01-21,22.5,0.0,50,15.7,6.19,Kampala,0.35,32.58
2020-01-22,22.7,0.0,49,16.1,6.0,Kampala,0.35,32.58
2020-01-23,22.7,0.0,48,15.0,5.97,Kampala,0.35,32.58
2020-01-24,22.9,0.0,51,13.2,5.78,Kampala,0.35,32.58
2020-01-25,22.8,0.0,70,11.6,3.57,Kampala,0.35,32.58
2020-01-26,21.9,6.2,82,10.8,2.85,Kampala,0.35,32.58
2020-01-27,21.3,7.5,86,7.7,3.0,Kampala,0.35,32.58
2020-01-28,20.2,14.3,90,9.0,1.98,Kampala,0.35,32.58
2020-01-29,19.8,6.0,89,5.1,1.74,Kampala,0.35,32.58
2020-01-30,20.8,5.0,85,9.1,2.63,Kampala,0.35,32.58
2020-01-31,19.5,14.0,92,9.2,2.01,Kampala,0.35,32.58
2020-02-01,19.7,0.5,89,8.7,3.3,Kampala,0.35,32.58
2020-02-02,20.6,0.0,80,11.9,4.38,Kampala,0.35,32.58
2020-02-03,21.1,1.7,84,12.3,3.88,Kampala,0.35,32.58
2020-02-04,20.9,6.9,89,9.4,3.27,Kampala,0.35,32.58
2020-02-05,20.3,3.7,91,8.3,3.16,Kampala,0.35,32.58
2020-02-06,20.8,8.0,86,8.0,3.89,Kampala,0.35,32.58
2020-02-07,22.0,0.2,79,8.0,4.38,Kampala,0.35,32.58
2020-02-08,22.4,0.0,77,9.4,4.65,Kampala,0.35,32.58
2020-02-09,22.2,0.0,75,10.4,4.75,Kampala,0.35,32.58
2020-02-10,22.4,0.0,71,8.9,5.13,Kampala,0.35,32.58
2020-02-11,22.6,0.0,67,8.8,5.21,Kampala,0.35,32.58
2020-02-12,22.9,0.0,70,10.4,4.99,Kampala,0.35,32.58
2020-02-13,23.1,0.0,60,15.5,5.6,Kampala,0.35,32.58
2020-02-14,22.6,0.9,75,10.3,4.25,Kampala,0.35,32.58
2020-02-15,22.0,6.1,83,10.6,3.98,Kampala,0.35,32.58
2020-02-16,22.4,5.2,82,13.4,4.03,Kampala,0.35,32.58
2020-02-17,23.8,0.3,77,10.7,4.25,Kampala,0.35,32.58
2020-02-18,22.7,2.9,83,12.5,3.87,Kampala,0.35,32.58
2020-02-19,22.6,2.6,82,11.8,4.4,Kampala,0.35,32.58
2020-02-20,23.2,2.6,77,9.6,4.54,Kampala,0.35,32.58
2020-02-21,23.2,0.3,79,13.7,4.33,Kampala,0.35,32.58
2020-02-22,23.4,1.4,81,11.5,4.32,Kampala,0.35,32.58
2020-02-23,23.9,0.5,76,9.7,4.37,Kampala,0.35,32.58
2020-02-24,23.8,0.2,76,12.1,4.38,Kampala,0.35,32.58
2020-02-25,22.2,1.6,81,18.3,2.79,Kampala,0.35,32.58
2020-02-26,22.6,1.9,81,14.7,3.53,Kampala,0.35,32.58
2020-02-27,23.4,10.6,82,10.8,4.29,Kampala,0.35,32.58
2020-02-28,21.9,11.8,86,10.2,3.38,Kampala,0.35,32.58
2020-02-29,22.0,4.1,85,14.3,3.51,Kampala,0.35,32.58
2020-03-01,22.2,1.2,85,15.5,3.21,Kampala,0.35,32.58
2020-03-02,21.7,7.3,87,15.9,3.24,Kampala,0.35,32.58
2020-03-03,21.8,11.7,88,12.1,3.46,Kampala,0.35,32.58
2020-03-04,21.5,8.3,88,16.6,2.84,Kampala,0.35,32.58
2020-03-05,22.9,3.2,82,12.4,4.23,Kampala,0.35,32.58
2020-03-06,23.0,1.6,80,12.0,4.54,Kampala,0.35,32.58
2020-03-07,23.2,2.1,82,16.6,4.13,Kampala,0.35,32.58
2020-03-08,22.6,4.1,86,11.6,3.19,Kampala,0.35,32.58
2020-03-09,21.9,9.2,86,15.4,3.5,Kampala,0.35,32.58
2020-03-10,22.6,3.4,80,10.9,4.12,Kampala,0.35,32.58
2020-03-11,21.9,1.7,85,12.2,3.27,Kampala,0.35,32.58
2020-03-12,21.6,5.5,84,12.7,3.63,Kampala,0.35,32.58
2020-03-13,21.0,8.9,86,12.8,2.88,Kampala,0.35,32.58
2020-03-14,22.0,1.7,83,11.3,4.18,Kampala,0.35,32.58
2020-03-15,22.6,1.7,82,10.5,4.13,Kampala,0.35,32.58
2020-03-16,21.5,7.9,89,7.4,3.03,Kampala,0.35,32.58
2020-03-17,22.5,3.4,83,10.0,3.94,Kampala,0.35,32.58
2020-03-18,21.3,7.9,91,16.6,2.86,Kampala,0.35,32.58
2020-03-19,21.0,3.4,87,14.4,3.13,Kampala,0.35,32.58
2020-03-20,22.4,1.3,84,10.8,3.88,Kampala,0.35,32.58
2020-03-21,22.1,6.2,85,12.2,4.25,Kampala,0.35,32.58
2020-03-22,21.8,12.0,83,12.5,3.86,Kampala,0.35,32.58
2020-03-23,21.7,1.5,81,9.1,3.99,Kampala,0.35,32.58
2020-03-24,22.0,4.2,85,14.1,3.59,Kampala,0.35,32.58
2020-03-25,21.3,6.5,86,14.4,2.86,Kampala,0.35,32.58
2020-03-26,21.3,3.2,84,12.4,2.84,Kampala,0.35,32.58
2020-03-27,21.0,13.5,87,11.6,2.27,Kampala,0.35,32.58
2020-03-28,21.0,16.3,87,11.6,2.62,Kampala,0.35,32.58
2020-03-29,21.4,8.9,85,12.2,3.68,Kampala,0.35,32.58
2020-03-30,22.4,1.9,81,10.8,4.65,Kampala,0.35,32.58
2020-03-31,22.3,1.4,85,11.3,4.09,Kampala,0.35,32.58
2020-04-01,22.8,0.9,83,12.1,4.35,Kampala,0.35,32.58
2020-04-02,23.4,0.2,79,9.0,4.61,Kampala,0.35,32.58
2020-04-03,22.9,1.8,81,13.0,4.3,Kampala,0.35,32.58
2020-04-04,22.6,5.4,84,18.4,4.21,Kampala,0.35,32.58
2020-04-05,22.4,4.2,82,9.6,4.58,Kampala,0.35,32.58
2020-04-06,22.8,1.8,82,13.0,4.24,Kampala,0.35,32.58
2020-04-07,23.3,2.3,80,14.5,4.36,Kampala,0.35,32.58
2020-04-08,23.0,0.5,81,16.6,4.23,Kampala,0.35,32.58
2020-04-09,23.3,1.1,81,17.3,4.27,Kampala,0.35,32.58
2020-04-10,22.4,4.2,84,14.7,3.37,Kampala,0.35,32.58
2020-04-11,22.5,1.9,83,16.2,3.77,Kampala,0.35,32.58
2020-04-12,21.9,5.8,85,16.6,2.64,Kampala,0.35,32.58
2020-04-13,21.4,8.9,88,9.3,2.66,Kampala,0.35,32.58
2020-04-14,20.8,13.9,90,11.4,2.37,Kampala,0.35,32.58
2020-04-15,21.3,3.0,87,11.8,2.96,Kampala,0.35,32.58
2020-04-16,22.4,0.6,83,11.7,3.35,Kampala,0.35,32.58
2020-04-17,21.5,5.9,89,14.9,2.12,Kampala,0.35,32.58
2020-04-18,20.3,9.4,93,12.8,1.46,Kampala,0.35,32.58
2020-04-19,20.5,7.9,88,11.5,2.51,Kampala,0.35,32.58
2020-04-20,19.6,9.8,92,10.9,2.01,Kampala,0.35,32.58
2020-04-21,20.0,6.1,91,7.2,2.1,Kampala,0.35,32.58
2020-04-22,21.0,9.1,87,10.6,3.16,Kampala,0.35,32.58
2020-04-23,20.3,16.6,91,10.9,1.83,Kampala,0.35,32.58
2020-04-24,20.9,4.1,87,14.4,3.5,Kampala,0.35,32.58
2020-04-25,21.6,0.2,84,10.5,3.09,Kampala,0.35,32.58
2020-04-26,21.6,2.4,86,14.2,3.43,Kampala,0.35,32.58
2020-04-27,21.8,3.0,85,14.8,3.21,Kampala,0.35,32.58
2020-04-28,21.3,11.2,87,13.5,3.46,Kampala,0.35,32.58
2020-04-29,20.7,6.8,90,14.7,2.66,Kampala,0.35,32.58
2020-04-30,21.3,7.8,88,16.6,3.09,Kampala,0.35,32.58
2020-05-01,20.9,3.2,88,12.0,2.64,Kampala,0.35,32.58
2020-05-02,20.0,23.5,94,15.5,1.33,Kampala,0.35,32.58
2020-05-03,20.5,5.0,86,13.4,3.52,Kampala,0.35,32.58
2020-05-04,21.6,3.6,85,12.1,3.64,Kampala,0.35,32.58
2020-05-05,20.9,1.2,89,12.6,3.17,Kampala,0.35,32.58
2020-05-06,20.7,3.2,89,14.4,2.55,Kampala,0.35,32.58
2020-05-07,21.3,4.9,88,11.9,2.85,Kampala,0.35,32.58
2020-05-08,20.8,12.9,89,15.5,2.46,Kampala,0.35,32.58
2020-05-09,20.7,6.4,90,11.9,2.79,Kampala,0.35,32.58
2020-05-10,20.1,17.4,92,10.1,2.08,Kampala,0.35,32.58
2020-05-11,20.7,6.9,89,11.8,3.4,Kampala,0.35,32.58
2020-05-12,20.4,2.9,91,12.3,2.28,Kampala,0.35,32.58
2020-05-13,20.8,1.3,89,10.1,3.56,Kampala,0.35,32.58
2020-05-14,21.5,2.8,86,13.0,3.7,Kampala,0.35,32.58
2020-05-15,21.2,1.0,88,11.8,3.43,Kampala,0.35,32.58
2020-05-16,21.0,6.2,88,11.4,2.78,Kampala,0.35,32.58
2020-05-17,21.2,4.5,87,14.7,3.52,Kampala,0.35,32.58
2020-05-18,20.7,2.8,88,13.3,3.25,Kampala,0.35,32.58
2020-05-19,20.5,1.8,88,12.0,3.56,Kampala,0.35,32.58
2020-05-20,20.4,3.3,89,12.5,3.44,Kampala,0.35,32.58
2020-05-21,20.7,3.5,88,16.2,3.35,Kampala,0.35,32.58
2020-05-22,20.9,1.1,83,17.2,3.17,Kampala,0.35,32.58
2020-05-23,20.6,0.1,83,15.9,3.53,Kampala,0.35,32.58
2020-05-24,20.8,0.2,80,11.8,3.29,Kampala,0.35,32.58
2020-05-25,20.9,2.0,81,12.3,3.78,Kampala,0.35,32.58
2020-05-26,21.6,0.4,80,14.1,3.97,Kampala,0.35,32.58
2020-05-27,21.7,0.3,84,11.7,4.04,Kampala,0.35,32.58
2020-05-28,21.3,0.5,85,13.7,4.0,Kampala,0.35,32.58
2020-05-29,21.0,4.9,89,13.6,3.06,Kampala,0.35,32.58
2020-05-30,20.9,3.2,88,12.0,3.87,Kampala,0.35,32.58
2020-05-31,21.2,0.6,82,13.3,3.98,Kampala,0.35,32.58
2020-06-01,21.5,0.3,78,13.8,4.08,Kampala,0.35,32.58
2020-06-02,20.9,1.1,85,13.0,3.69,Kampala,0.35,32.58
2020-06-03,20.6,5.9,87,14.6,3.28,Kampala,0.35,32.58
2020-06-04,19.8,6.3,89,12.3,2.93,Kampala,0.35,32.58
2020-06-05,20.3,0.6,87,11.9,3.74,Kampala,0.35,32.58
2020-06-06,20.2,1.5,85,13.6,3.74,Kampala,0.35,32.58
2020-06-07,20.6,4.9,83,13.3,3.85,Kampala,0.35,32.58
2020-06-08,19.9,0.5,84,14.7,2.66,Kampala,0.35,32.58
2020-06-09,20.6,4.1,86,12.1,3.33,Kampala,0.35,32.58
2020-06-10,19.6,12.9,91,12.3,1.81,Kampala,0.35,32.58
2020-06-11,19.8,6.6,89,10.5,2.75,Kampala,0.35,32.58
2020-06-12,19.5,2.5,90,9.9,3.02,Kampala,0.35,32.58
2020-06-13,19.7,5.0,90,13.8,2.8,Kampala,0.35,32.58
2020-06-14,20.4,5.7,86,15.7,3.14,Kampala,0.35,32.58
2020-06-15,20.0,1.1,85,12.8,3.35,Kampala,0.35,32.58
2020-06-16,20.9,0.5,79,16.6,3.53,Kampala,0.35,32.58
2020-06-17,21.4,0.4,71,19.9,4.2,Kampala,0.35,32.58
2020-06-18,20.9,0.5,77,19.5,3.83,Kampala,0.35,32.58
2020-06-19,20.1,4.4,84,14.6,3.34,Kampala,0.35,32.58
2020-06-20,20.0,3.7,86,14.1,2.54,Kampala,0.35,32.58
2020-06-21,19.9,0.7,86,14.2,3.44,Kampala,0.35,32.58
2020-06-22,20.6,0.6,83,8.9,3.74,Kampala,0.35,32.58
2020-06-23,20.5,0.4,85,13.0,3.7,Kampala,0.35,32.58
2020-06-24,20.9,6.7,84,17.3,3.16,Kampala,0.35,32.58
2020-06-25,20.1,2.5,85,15.6,3.18,Kampala,0.35,32.58
2020-06-26,20.1,0.2,82,9.7,3.7,Kampala,0.35,32.58
2020-06-27,19.9,4.7,85,10.2,3.44,Kampala,0.35,32.58
2020-06-28,20.6,2.2,82,11.2,3.83,Kampala,0.35,32.58
2020-06-29,20.5,0.9,84,15.2,3.17,Kampala,0.35,32.58
2020-06-30,20.5,0.0,81,14.0,3.95,Kampala,0.35,32.58
2020-07-01,20.5,0.0,80,13.0,3.55,Kampala,0.35,32.58
2020-07-02,20.4,0.9,82,16.6,3.55,Kampala,0.35,32.58
2020-07-03,20.8,0.6,76,18.1,3.93,Kampala,0.35,32.58
2020-07-04,21.2,0.4,77,16.7,3.67,Kampala,0.35,32.58
2020-07-05,20.4,1.3,81,16.3,3.63,Kampala,0.35,32.58
2020-07-06,19.9,7.6,84,13.5,2.41,Kampala,0.35,32.58
2020-07-07,20.4,0.6,79,14.6,2.98,Kampala,0.35,32.58
2020-07-08,19.9,3.6,86,12.8,3.22,Kampala,0.35,32.58
2020-07-09,20.5,0.9,82,14.1,3.68,Kampala,0.35,32.58
2020-07-10,20.3,0.7,78,11.2,3.31,Kampala,0.35,32.58
2020-07-11,20.1,8.2,86,15.6,2.82,Kampala,0.35,32.58
2020-07-12,20.3,0.0,83,7.7,2.81,Kampala,0.35,32.58
2020-07-13,20.3,0.6,81,13.3,3.58,Kampala,0.35,32.58
2020-07-14,19.5,7.0,87,13.6,2.7,Kampala,0.35,32.58
2020-07-15,20.2,0.0,85,10.5,2.74,Kampala,0.35,32.58
2020-07-16,19.4,17.0,88,15.3,2.16,Kampala,0.35,32.58
2020-07-17,19.6,4.5,82,20.2,2.7,Kampala,0.35,32.58
2020-07-18,20.3,0.0,64,23.0,3.8,Kampala,0.35,32.58
2020-07-19,19.9,2.9,71,19.4,3.62,Kampala,0.35,32.58
2020-07-20,20.7,0.2,72,14.0,3.89,Kampala,0.35,32.58
2020-07-21,20.1,11.0,82,10.1,3.0,Kampala,0.35,32.58
2020-07-22,20.2,0.3,82,17.3,3.79,Kampala,0.35,32.58
2020-07-23,20.4,3.2,80,11.0,3.31,Kampala,0.35,32.58
2020-07-24,20.2,6.1,83,17.3,3.23,Kampala,0.35,32.58
2020-07-25,20.5,0.3,75,21.6,4.15,Kampala,0.35,32.58
2020-07-26,20.4,0.1,73,15.5,4.22,Kampala,0.35,32.58
2020-07-27,20.5,0.2,73,16.2,4.25,Kampala,0.35,32.58
2020-07-28,20.3,1.0,77,13.0,3.39,Kampala,0.35,32.58
2020-07-29,20.3,0.8,80,15.3,3.87,Kampala,0.35,32.58
2020-07-30,20.4,7.4,80,13.8,3.41,Kampala,0.35,32.58
2020-07-31,21.4,0.0,76,14.0,4.56,Kampala,0.35,32.58
2020-08-01,20.7,0.4,77,16.6,4.16,Kampala,0.35,32.58
2020-08-02,20.6,1.4,76,19.7,3.97,Kampala,0.35,32.58
2020-08-03,19.9,0.5,76,18.4,3.35,Kampala,0.35,32.58
2020-08-04,20.2,0.3,77,10.2,2.31,Kampala,0.35,32.58
2020-08-05,21.0,0.6,77,15.5,4.54,Kampala,0.35,32.58
2020-08-06,21.6,0.7,74,11.7,4.3,Kampala,0.35,32.58
2020-08-07,21.5,0.8,81,17.1,3.52,Kampala,0.35,32.58
2020-08-08,20.6,10.6,88,15.5,2.72,Kampala,0.35,32.58
2020-08-09,21.4,0.1,75,17.3,4.57,Kampala,0.35,32.58
2020-08-10,21.6,0.7,75,13.7,4.27,Kampala,0.35,32.58
2020-08-11,21.5,6.6,80,14.9,4.0,Kampala,0.35,32.58
2020-08-12,21.2,8.0,84,12.8,3.68,Kampala,0.35,32.58
2020-08-13,21.6,0.5,81,15.5,3.96,Kampala,0.35,32.58
2020-08-14,21.3,6.6,83,11.9,3.25,Kampala,0.35,32.58
2020-08-15,21.7,0.1,83,11.0,4.19,Kampala,0.35,32.58
2020-08-16,21.1,0.8,85,15.3,3.77,Kampala,0.35,32.58
2020-08-17,21.2,1.7,83,13.5,3.29,Kampala,0.35,32.58
2020-08-18,21.0,1.3,86,14.8,3.05,Kampala,0.35,32.58
2020-08-19,21.5,2.9,83,14.7,3.8,Kampala,0.35,32.58
2020-08-20,20.7,10.1,87,9.3,2.78,Kampala,0.35,32.58
2020-08-21,20.8,4.9,85,13.0,3.64,Kampala,0.35,32.58
2020-08-22,20.3,2.0,85,15.2,3.84,Kampala,0.35,32.58
2020-08-23,19.8,5.2,87,11.4,3.19,Kampala,0.35,32.58
2020-08-24,19.7,2.1,87,15.3,2.37,Kampala,0.35,32.58
2020-08-25,20.0,1.3,85,11.1,3.67,Kampala,0.35,32.58
2020-08-26,20.5,2.4,85,12.0,3.46,Kampala,0.35,32.58
2020-08-27,20.3,2.0,86,10.0,3.68,Kampala,0.35,32.58
2020-08-28,20.7,1.4,84,12.9,3.8,Kampala,0.35,32.58
2020-08-29,20.8,0.8,85,11.6,3.63,Kampala,0.35,32.58
2020-08-30,21.4,0.6,80,14.5,3.95,Kampala,0.35,32.58
2020-08-31,20.8,3.7,84,12.7,3.7,Kampala,0.35,32.58
2020-09-01,20.8,2.8,83,9.7,3.67,Kampala,0.35,32.58
2020-09-02,21.1,0.3,78,17.1,4.29,Kampala,0.35,32.58
2020-09-03,20.9,0.7,74,15.6,4.23,Kampala,0.35,32.58
2020-09-04,21.7,0.5,72,17.0,4.54,Kampala,0.35,32.58
2020-09-05,21.8,4.2,80,12.6,4.08,Kampala,0.35,32.58
2020-09-06,20.3,12.2,88,17.3,2.97,Kampala,0.35,32.58
2020-09-07,19.2,6.4,91,9.8,1.52,Kampala,0.35,32.58
2020-09-08,20.3,3.3,84,12.5,4.25,Kampala,0.35,32.58
2020-09-09,20.4,1.3,85,14.8,3.92,Kampala,0.35,32.58
2020-09-10,20.3,1.1,85,13.7,3.89,Kampala,0.35,32.58
2020-09-11,20.8,2.6,83,15.0,3.81,Kampala,0.35,32.58
2020-09-12,20.5,14.0,87,10.5,3.35,Kampala,0.35,32.58
2020-09-13,20.6,4.2,83,16.8,4.12,Kampala,0.35,32.58
2020-09-14,21.2,5.6,82,11.5,4.01,Kampala,0.35,32.58
2020-09-15,21.4,1.5,81,17.4,4.21,Kampala,0.35,32.58
2020-09-16,21.9,2.5,80,15.8,4.36,Kampala,0.35,32.58
2020-09-17,22.3,1.5,79,13.8,4.83,Kampala,0.35,32.58
2020-09-18,22.7,0.0,78,10.5,4.59,Kampala,0.35,32.58
2020-09-19,22.4,4.9,79,11.9,4.25,Kampala,0.35,32.58
2020-09-20,21.9,1.9,80,11.4,4.3,Kampala,0.35,32.58
2020-09-21,21.3,2.2,81,16.2,3.63,Kampala,0.35,32.58
2020-09-22,21.2,3.2,84,13.8,3.59,Kampala,0.35,32.58
2020-09-23,20.6,7.0,85,16.4,3.79,Kampala,0.35,32.58
2020-09-24,20.9,0.9,83,12.6,3.79,Kampala,0.35,32.58
2020-09-25,20.6,6.5,87,12.4,2.98,Kampala,0.35,32.58
2020-09-26,21.2,2.7,83,12.9,4.12,Kampala,0.35,32.58
2020-09-27,21.7,0.9,82,14.8,4.24,Kampala,0.35,32.58
2020-09-28,21.6,5.7,83,10.3,4.25,Kampala,0.35,32.58
2020-09-29,21.3,1.1,82,8.7,4.18,Kampala,0.35,32.58
2020-09-30,21.0,4.5,83,14.6,3.69,Kampala,0.35,32.58
2020-10-01,21.3,4.5,81,13.0,3.77,Kampala,0.35,32.58
2020-10-02,20.9,4.3,83,15.4,4.05,Kampala,0.35,32.58
2020-10-03,21.4,0.8,79,10.1,3.86,Kampala,0.35,32.58
2020-10-04,21.0,3.5,83,11.4,3.4,Kampala,0.35,32.58
2020-10-05,22.1,0.3,77,13.8,4.7,Kampala,0.35,32.58
2020-10-06,21.5,1.0,82,12.6,3.99,Kampala,0.35,32.58
2020-10-07,21.4,0.1,84,10.8,3.73,Kampala,0.35,32.58
2020-10-08,22.4,1.9,78,11.1,4.52,Kampala,0.35,32.58
2020-10-09,21.5,5.1,83,13.0,3.64,Kampala,0.35,32.58
2020-10-10,20.7,1.6,84,16.1,3.25,Kampala,0.35,32.58
2020-10-11,21.5,1.2,80,9.8,4.55,Kampala,0.35,32.58
2020-10-12,20.6,10.5,89,11.7,2.97,Kampala,0.35,32.58
2020-10-13,20.5,2.2,90,11.6,3.01,Kampala,0.35,32.58
2020-10-14,20.6,1.6,86,9.3,3.59,Kampala,0.35,32.58
2020-10-15,20.7,2.8,86,8.5,3.68,Kampala,0.35,32.58
2020-10-16,21.2,1.4,80,12.0,4.48,Kampala,0.35,32.58
2020-10-17,21.1,2.7,83,12.3,3.41,Kampala,0.35,32.58
2020-10-18,21.1,10.9,85,12.8,3.43,Kampala,0.35,32.58
2020-10-19,20.8,7.7,88,8.0,3.73,Kampala,0.35,32.58
2020-10-20,21.2,5.7,86,13.0,2.91,Kampala,0.35,32.58
2020-10-21,20.9,0.8,86,11.0,3.77,Kampala,0.35,32.58
2020-10-22,21.2,2.0,85,10.6,3.72,Kampala,0.35,32.58
2020-10-23,21.1,4.6,88,10.9,3.9,Kampala,0.35,32.58
2020-10-24,21.7,1.3,84,13.5,4.37,Kampala,0.35,32.58
2020-10-25,22.1,15.6,84,13.3,4.08,Kampala,0.35,32.58
2020-10-26,20.2,14.3,92,10.2,2.35,Kampala,0.35,32.58
2020-10-27,20.3,4.7,92,7.7,2.56,Kampala,0.35,32.58
2020-10-28,21.0,8.0,90,12.3,2.89,Kampala,0.35,32.58
2020-10-29,20.9,21.1,88,9.8,2.25,Kampala,0.35,32.58
2020-10-30,19.8,19.9,90,8.5,2.09,Kampala,0.35,32.58
2020-10-31,20.3,1.5,85,10.4,3.8,Kampala,0.35,32.58
2020-11-01,20.8,2.7,81,12.1,4.08,Kampala,0.35,32.58
2020-11-02,21.3,4.0,81,14.3,4.07,Kampala,0.35,32.58
2020-11-03,21.5,2.7,83,14.7,4.31,Kampala,0.35,32.58
2020-11-04,21.7,4.5,85,10.1,4.26,Kampala,0.35,32.58
2020-11-05,21.9,1.3,85,10.4,3.84,Kampala,0.35,32.58
2020-11-06,20.7,7.9,90,10.2,1.86,Kampala,0.35,32.58
2020-11-07,20.4,7.4,92,9.4,3.11,Kampala,0.35,32.58
2020-11-08,20.8,3.3,89,8.8,3.67,Kampala,0.35,32.58
2020-11-09,20.3,8.0,90,12.9,2.59,Kampala,0.35,32.58
2020-11-10,21.1,7.3,82,12.2,3.62,Kampala,0.35,32.58
2020-11-11,19.9,10.0,89,9.7,2.19,Kampala,0.35,32.58
2020-11-12,20.8,0.9,83,8.5,4.14,Kampala,0.35,32.58
2020-11-13,21.3,1.6,82,9.8,3.93,Kampala,0.35,32.58
2020-11-14,20.1,12.6,90,10.0,1.99,Kampala,0.35,32.58
2020-11-15,20.8,9.6,87,9.1,3.49,Kampala,0.35,32.58
2020-11-16,19.5,12.5,93,10.7,1.7,Kampala,0.35,32.58
2020-11-17,20.2,7.1,87,7.3,3.57,Kampala,0.35,32.58
2020-11-18,20.2,3.2,87,10.9,2.79,Kampala,0.35,32.58
2020-11-19,20.5,0.1,84,11.9,3.34,Kampala,0.35,32.58
2020-11-20,21.2,0.4,80,9.7,4.07,Kampala,0.35,32.58
2020-11-21,21.4,1.8,84,9.7,3.63,Kampala,0.35,32.58
2020-11-22,20.7,7.7,89,10.1,3.22,Kampala,0.35,32.58
2020-11-23,21.7,3.3,84,12.3,3.86,Kampala,0.35,32.58
2020-11-24,22.3,1.0,78,8.3,3.97,Kampala,0.35,32.58
2020-11-25,18.6,25.5,94,10.2,1.3,Kampala,0.35,32.58
2020-11-26,20.0,2.1,85,9.7,4.29,Kampala,0.35,32.58
2020-11-27,21.0,5.0,87,7.6,3.47,Kampala,0.35,32.58
2020-11-28,21.0,6.6,88,8.4,3.52,Kampala,0.35,32.58
2020-11-29,19.7,24.9,92,11.0,2.36,Kampala,0.35,32.58
2020-11-30,20.0,1.9,88,7.3,3.72,Kampala,0.35,32.58
2020-12-01,20.3,0.2,85,9.4,4.11,Kampala,0.35,32.58
2020-12-02,21.2,0.0,80,9.9,3.85,Kampala,0.35,32.58
2020-12-03,20.7,0.3,81,11.5,3.73,Kampala,0.35,32.58
2020-12-04,19.8,6.7,91,11.1,2.19,Kampala,0.35,32.58
2020-12-05,20.7,0.8,81,10.7,4.06,Kampala,0.35,32.58
2020-12-06,20.5,0.6,84,7.6,3.99,Kampala,0.35,32.58
2020-12-07,20.8,2.5,84,9.8,4.08,Kampala,0.35,32.58
2020-12-08,21.3,6.7,84,11.5,3.44,Kampala,0.35,32.58
2020-12-09,21.2,0.8,84,8.5,3.9,Kampala,0.35,32.58
2020-12-10,20.8,1.1,86,8.3,3.58,Kampala,0.35,32.58
2020-12-11,21.3,6.9,82,10.8,3.72,Kampala,0.35,32.58
2020-12-12,21.1,1.2,84,9.9,4.03,Kampala,0.35,32.58
2020-12-13,20.5,0.3,79,10.9,4.23,Kampala,0.35,32.58
2020-12-14,20.7,0.1,76,14.2,4.32,Kampala,0.35,32.58
2020-12-15,20.9,0.8,82,10.7,3.8,Kampala,0.35,32.58
2020-12-16,20.9,0.0,77,11.4,4.53,Kampala,0.35,32.58
2020-12-17,21.5,0.2,76,11.8,3.77,Kampala,0.35,32.58
2020-12-18,21.2,6.2,87,11.7,3.26,Kampala,0.35,32.58
2020-12-19,21.0,10.9,86,9.0,3.12,Kampala,0.35,32.58
2020-12-20,20.5,3.5,87,12.9,3.3,Kampala,0.35,32.58
2020-12-21,20.4,7.0,85,10.6,3.39,Kampala,0.35,32.58
2020-12-22,20.6,3.8,84,7.9,3.43,Kampala,0.35,32.58
2020-12-23,21.1,0.8,79,8.3,4.05,Kampala,0.35,32.58
2020-12-24,20.5,1.0,86,7.6,2.17,Kampala,0.35,32.58
2020-12-25,20.6,4.3,85,12.7,3.58,Kampala,0.35,32.58
2020-12-26,21.2,2.2,83,12.6,3.78,Kampala,0.35,32.58
2020-12-27,21.2,5.7,84,10.4,3.57,Kampala,0.35,32.58
2020-12-28,21.4,0.0,79,11.1,4.7,Kampala,0.35,32.58
2020-12-29,21.3,0.0,74,14.1,4.54,Kampala,0.35,32.58
2020-12-30,21.9,1.8,79,9.0,4.09,Kampala,0.35,32.58
2020-12-31,20.2,2.3,85,15.5,2.84,Kampala,0.35,32.58
2021-01-01,19.9,5.3,90,11.0,2.12,Kampala,0.35,32.58
2021-01-02,19.6,5.4,89,9.4,2.88,Kampala,0.35,32.58
2021-01-03,19.9,1.5,87,10.4,3.09,Kampala,0.35,32.58
2021-01-04,20.7,0.6,84,10.8,3.67,Kampala,0.35,32.58
2021-01-05,21.0,0.4,79,9.4,4.29,Kampala,0.35,32.58
2021-01-06,21.0,1.9,84,14.6,3.68,Kampala,0.35,32.58
2021-01-07,21.8,0.0,76,12.1,4.54,Kampala,0.35,32.58
2021-01-08,21.8,0.0,72,10.1,4.62,Kampala,0.35,32.58
2021-01-09,20.6,3.5,84,12.9,2.54,Kampala,0.35,32.58
2021-01-10,19.9,4.5,90,11.8,2.87,Kampala,0.35,32.58
2021-01-11,20.0,3.8,88,7.9,2.65,Kampala,0.35,32.58
2021-01-12,20.7,0.0,81,8.3,2.94,Kampala,0.35,32.58
2021-01-13,21.8,9.0,79,8.9,3.84,Kampala,0.35,32.58
2021-01-14,21.5,1.7,84,11.6,3.34,Kampala,0.35,32.58
2021-01-15,21.1,6.6,87,11.4,3.11,Kampala,0.35,32.58
2021-01-16,19.8,2.1,90,12.2,1.97,Kampala,0.35,32.58
2021-01-17,20.8,1.1,84,8.0,4.12,Kampala,0.35,32.58
2021-01-18,21.4,0.1,80,7.3,3.56,Kampala,0.35,32.58
2021-01-19,21.4,5.9,81,8.1,3.24,Kampala,0.35,32.58
2021-01-20,21.7,3.9,84,11.5,4.0,Kampala,0.35,32.58
2021-01-21,21.4,0.4,81,9.4,4.17,Kampala,0.35,32.58
2021-01-22,21.5,0.1,76,10.4,4.15,Kampala,0.35,32.58
2021-01-23,22.1,0.4,76,10.7,4.33,Kampala,0.35,32.58
2021-01-24,21.9,1.3,76,10.2,4.21,Kampala,0.35,32.58
2021-01-25,21.2,2.0,81,10.7,3.47,Kampala,0.35,32.58
2021-01-26,21.2,3.0,82,14.6,3.83,Kampala,0.35,32.58
2021-01-27,21.6,1.1,79,12.6,4.49,Kampala,0.35,32.58
2021-01-28,21.8,0.3,79,13.4,4.43,Kampala,0.35,32.58
2021-01-29,22.4,0.0,75,9.3,4.61,Kampala,0.35,32.58
2021-01-30,21.5,5.9,83,13.6,3.28,Kampala,0.35,32.58
2021-01-31,21.9,0.8,80,13.5,4.07,Kampala,0.35,32.58
2021-02-01,22.2,0.0,69,17.7,5.46,Kampala,0.35,32.58
2021-02-02,21.7,0.8,77,14.4,4.45,Kampala,0.35,32.58
2021-02-03,22.2,1.1,77,13.7,4.57,Kampala,0.35,32.58
2021-02-04,22.3,0.8,77,16.3,4.36,Kampala,0.35,32.58
2021-02-05,22.6,0.5,77,18.4,3.81,Kampala,0.35,32.58
2021-02-06,23.5,0.3,67,14.9,5.2,Kampala,0.35,32.58
2021-02-07,23.1,0.0,60,12.1,5.45,Kampala,0.35,32.58
2021-02-08,23.2,0.0,50,13.9,5.82,Kampala,0.35,32.58
2021-02-09,23.0,0.2,62,16.9,5.08,Kampala,0.35,32.58
2021-02-10,22.4,2.2,83,11.6,3.5,Kampala,0.35,32.58
2021-02-11,21.6,22.0,85,13.0,2.83,Kampala,0.35,32.58
2021-02-12,22.0,14.6,86,12.2,3.58,Kampala,0.35,32.58
2021-02-13,22.0,3.0,85,15.8,3.26,Kampala,0.35,32.58
2021-02-14,22.4,1.9,83,15.7,3.62,Kampala,0.35,32.58
2021-02-15,22.9,0.5,79,13.0,4.32,Kampala,0.35,32.58
2021-02-16,21.3,1.5,86,13.4,2.87,Kampala,0.35,32.58
2021-02-17,22.5,0.2,80,13.4,3.91,Kampala,0.35,32.58
2021-02-18,21.6,6.9,84,14.0,3.29,Kampala,0.35,32.58
2021-02-19,21.8,0.0,73,11.8,4.28,Kampala,0.35,32.58
2021-02-20,22.6,0.0,59,10.8,5.31,Kampala,0.35,32.58
2021-02-21,21.7,0.0,56,13.7,5.21,Kampala,0.35,32.58
2021-02-22,20.8,13.3,83,13.2,2.97,Kampala,0.35,32.58
2021-02-23,21.7,2.3,79,11.4,3.9,Kampala,0.35,32.58
2021-02-24,22.4,1.1,71,13.2,4.2,Kampala,0.35,32.58
2021-02-25,22.1,1.1,75,16.0,4.53,Kampala,0.35,32.58
2021-02-26,22.3,0.6,71,16.8,4.6,Kampala,0.35,32.58
2021-02-27,22.8,0.0,69,14.2,4.77,Kampala,0.35,32.58
2021-02-28,22.9,0.3,74,12.5,4.63,Kampala,0.35,32.58
2021-03-01,23.0,2.2,72,17.5,4.57,Kampala,0.35,32.58
2021-03-02,23.6,0.8,73,13.8,4.65,Kampala,0.35,32.58
2021-03-03,23.0,5.7,79,14.2,3.45,Kampala,0.35,32.58
2021-03-04,22.3,9.8,83,15.2,3.37,Kampala,0.35,32.58
2021-03-05,22.5,8.6,80,13.3,3.82,Kampala,0.35,32.58
2021-03-06,22.5,4.4,80,18.1,3.89,Kampala,0.35,32.58
2021-03-07,22.4,0.4,78,14.8,4.42,Kampala,0.35,32.58
2021-03-08,21.4,12.2,84,12.0,3.96,Kampala,0.35,32.58
2021-03-09,20.7,7.2,87,14.0,3.5,Kampala,0.35,32.58
2021-03-10,21.9,1.8,80,15.6,4.41,Kampala,0.35,32.58
2021-03-11,23.0,0.0,75,12.7,5.05,Kampala,0.35,32.58
2021-03-12,22.9,0.0,73,15.3,5.27,Kampala,0.35,32.58
2021-03-13,23.0,0.1,71,13.0,5.38,Kampala,0.35,32.58
2021-03-14,23.3,0.3,68,13.1,5.09,Kampala,0.35,32.58
2021-03-15,22.6,0.7,75,13.6,3.97,Kampala,0.35,32.58
2021-03-16,22.1,1.6,78,12.7,4.24,Kampala,0.35,32.58
2021-03-17,21.6,8.5,83,11.8,3.89,Kampala,0.35,32.58
2021-03-18,21.5,1.4,82,9.4,3.72,Kampala,0.35,32.58
2021-03-19,22.1,0.9,80,13.2,4.16,Kampala,0.35,32.58
2021-03-20,22.2,0.7,79,13.6,3.78,Kampala,0.35,32.58
2021-03-21,22.7,4.0,74,15.1,4.1,Kampala,0.35,32.58
2021-03-22,22.4,0.2,76,14.2,4.05,Kampala,0.35,32.58
2021-03-23,22.3,0.7,79,12.5,4.27,Kampala,0.35,32.58
2021-03-24,22.6,0.3,76,11.8,4.8,Kampala,0.35,32.58
2021-03-25,22.6,0.4,73,14.3,4.87,Kampala,0.35,32.58
2021-03-26,22.0,0.2,74,14.2,4.56,Kampala,0.35,32.58
2021-03-27,21.2,0.0,68,21.3,3.27,Kampala,0.35,32.58
2021-03-28,22.0,0.7,71,9.6,4.26,Kampala,0.35,32.58
2021-03-29,21.8,0.3,77,12.0,3.94,Kampala,0.35,32.58
2021-03-30,19.5,2.8,85,11.8,2.55,Kampala,0.35,32.58
2021-03-31,20.3,3.6,81,9.8,3.86,Kampala,0.35,32.58
2021-04-01,21.1,4.8,84,15.7,4.06,Kampala,0.35,32.58
2021-04-02,20.8,5.2,84,8.0,3.69,Kampala,0.35,32.58
2021-04-03,21.0,5.3,86,14.7,3.38,Kampala,0.35,32.58
2021-04-04,21.4,8.4,85,18.3,3.38,Kampala,0.35,32.58
2021-04-05,20.6,4.0,88,18.9,3.06,Kampala,0.35,32.58
2021-04-06,20.9,6.0,86,13.6,2.92,Kampala,0.35,32.58
2021-04-07,21.7,2.7,85,14.0,3.89,Kampala,0.35,32.58
2021-04-08,21.3,13.8,87,14.0,3.0,Kampala,0.35,32.58
2021-04-09,21.9,1.2,82,18.6,3.59,Kampala,0.35,32.58
2021-04-10,21.6,1.1,83,13.7,4.05,Kampala,0.35,32.58
2021-04-11,21.2,4.4,83,19.6,3.0,Kampala,0.35,32.58
2021-04-12,21.5,2.7,84,14.5,3.11,Kampala,0.35,32.58
2021-04-13,20.2,26.9,87,10.1,1.94,Kampala,0.35,32.58
2021-04-14,20.2,2.8,83,11.3,3.12,Kampala,0.35,32.58
2021-04-15,21.5,4.6,82,15.1,3.97,Kampala,0.35,32.58
2021-04-16,20.9,3.6,87,15.5,3.87,Kampala,0.35,32.58
2021-04-17,21.7,1.5,84,14.4,3.75,Kampala,0.35,32.58
2021-04-18,20.9,5.1,86,13.8,3.49,Kampala,0.35,32.58
2021-04-19,21.0,10.3,88,10.5,3.12,Kampala,0.35,32.58
2021-04-20,20.6,12.3,88,14.7,2.06,Kampala,0.35,32.58
2021-04-21,20.7,2.7,87,16.6,2.77,Kampala,0.35,32.58
2021-04-22,20.7,2.5,88,14.1,2.56,Kampala,0.35,32.58
2021-04-23,20.3,8.2,88,14.4,2.47,Kampala,0.35,32.58
2021-04-24,20.8,16.3,89,13.8,2.43,Kampala,0.35,32.58
2021-04-25,19.3,17.3,93,9.5,1.84,Kampala,0.35,32.58
2021-04-26,19.8,0.3,84,8.6,4.2,Kampala,0.35,32.58
2021-04-27,20.5,1.8,84,13.0,3.91,Kampala,0.35,32.58
2021-04-28,21.4,8.8,87,11.8,3.22,Kampala,0.35,32.58
2021-04-29,21.4,3.8,87,11.4,3.73,Kampala,0.35,32.58
2021-04-30,21.2,2.7,86,6.8,3.65,Kampala,0.35,32.58
2021-05-01,20.6,1.4,87,11.9,3.57,Kampala,0.35,32.58
2021-05-02,20.5,1.2,86,16.6,3.52,Kampala,0.35,32.58
2021-05-03,20.0,11.1,91,11.9,2.33,Kampala,0.35,32.58
2021-05-04,20.4,2.0,90,10.9,3.02,Kampala,0.35,32.58
2021-05-05,20.3,4.9,89,12.0,3.37,Kampala,0.35,32.58
2021-05-06,20.1,3.3,87,10.4,3.06,Kampala,0.35,32.58
2021-05-07,20.0,6.1,87,11.5,2.72,Kampala,0.35,32.58
2021-05-08,19.8,4.7,85,11.3,3.03,Kampala,0.35,32.58
2021-05-09,19.5,15.0,90,12.7,2.07,Kampala,0.35,32.58
2021-05-10,18.6,7.0,92,12.2,1.65,Kampala,0.35,32.58
2021-05-11,19.3,11.6,87,7.8,3.38,Kampala,0.35,32.58
2021-05-12,18.7,10.5,91,6.8,1.52,Kampala,0.35,32.58
2021-05-13,20.2,0.1,84,10.3,4.21,Kampala,0.35,32.58
2021-05-14,20.9,6.0,87,8.0,3.16,Kampala,0.35,32.58
2021-05-15,20.0,9.0,92,11.6,2.38,Kampala,0.35,32.58
2021-05-16,20.5,0.6,89,10.0,3.59,Kampala,0.35,32.58
2021-05-17,21.3,1.3,86,8.8,4.08,Kampala,0.35,32.58
2021-05-18,21.4,6.9,88,14.1,3.52,Kampala,0.35,32.58
2021-05-19,20.6,9.0,90,10.8,2.15,Kampala,0.35,32.58
2021-05-20,20.4,5.4,91,9.9,3.21,Kampala,0.35,32.58
2021-05-21,21.2,0.9,86,13.4,3.4,Kampala,0.35,32.58
2021-05-22,21.1,2.3,88,12.2,3.46,Kampala,0.35,32.58
2021-05-23,21.5,1.7,82,16.5,3.68,Kampala,0.35,32.58
2021-05-24,21.5,0.6,76,20.2,3.84,Kampala,0.35,32.58
2021-05-25,21.0,0.6,78,18.0,4.07,Kampala,0.35,32.58
2021-05-26,21.3,0.6,81,18.2,3.53,Kampala,0.35,32.58
2021-05-27,21.6,0.3,81,13.9,3.89,Kampala,0.35,32.58
2021-05-28,20.6,0.6,84,12.2,3.85,Kampala,0.35,32.58
2021-05-29,21.1,0.3,81,12.8,3.99,Kampala,0.35,32.58
2021-05-30,21.2,1.5,84,11.8,3.7,Kampala,0.35,32.58
2021-05-31,21.9,0.3,83,15.3,3.49,Kampala,0.35,32.58
2021-06-01,21.5,1.1,80,19.5,3.73,Kampala,0.35,32.58
2021-06-02,21.1,0.1,80,16.2,3.8,Kampala,0.35,32.58
2021-06-03,20.4,2.1,87,8.1,3.1,Kampala,0.35,32.58
2021-06-04,20.5,4.7,85,12.3,3.11,Kampala,0.35,32.58
2021-06-05,20.4,5.7,88,12.3,2.98,Kampala,0.35,32.58
2021-06-06,20.3,8.7,88,10.7,2.48,Kampala,0.35,32.58
2021-06-07,20.6,2.9,83,11.3,3.62,Kampala,0.35,32.58
2021-06-08,20.8,0.5,79,18.0,3.77,Kampala,0.35,32.58
2021-06-09,20.9,0.3,78,15.6,3.99,Kampala,0.35,32.58
2021-06-10,20.0,0.6,81,18.3,3.81,Kampala,0.35,32.58
2021-06-11,20.6,0.3,78,18.2,3.86,Kampala,0.35,32.58
2021-06-12,20.9,1.5,79,15.5,3.58,Kampala,0.35,32.58
2021-06-13,21.1,0.0,75,20.9,4.22,Kampala,0.35,32.58
2021-06-14,21.2,0.6,74,14.8,4.12,Kampala,0.35,32.58
2021-06-15,20.8,0.5,76,14.8,3.88,Kampala,0.35,32.58
2021-06-16,20.9,0.1,81,10.4,3.6,Kampala,0.35,32.58
2021-06-17,20.5,4.8,84,11.9,3.14,Kampala,0.35,32.58
2021-06-18,19.8,5.4,88,10.5,2.74,Kampala,0.35,32.58
2021-06-19,19.6,13.5,89,12.1,2.44,Kampala,0.35,32.58
2021-06-20,20.0,4.5,84,13.7,3.26,Kampala,0.35,32.58
2021-06-21,20.2,0.7,79,20.6,3.41,Kampala,0.35,32.58
2021-06-22,20.4,1.2,76,17.5,3.89,Kampala,0.35,32.58
2021-06-23,20.5,0.3,78,18.0,3.73,Kampala,0.35,32.58
2021-06-24,20.0,0.4,79,14.2,3.72,Kampala,0.35,32.58
2021-06-25,20.2,0.1,76,11.2,3.57,Kampala,0.35,32.58
2021-06-26,20.8,1.0,76,15.2,3.71,Kampala,0.35,32.58
2021-06-27,20.9,0.7,74,15.3,4.11,Kampala,0.35,32.58
2021-06-28,20.6,0.4,78,17.7,3.43,Kampala,0.35,32.58
2021-06-29,20.6,1.8,76,19.0,3.6,Kampala,0.35,32.58
2021-06-30,19.6,8.3,84,16.7,3.18,Kampala,0.35,32.58
2021-07-01,19.8,0.5,83,12.0,3.81,Kampala,0.35,32.58
2021-07-02,20.6,0.2,81,12.3,3.83,Kampala,0.35,32.58
2021-07-03,20.6,0.2,79,13.3,4.1,Kampala,0.35,32.58
2021-07-04,21.0,0.3,78,14.4,3.61,Kampala,0.35,32.58
2021-07-05,21.6,0.3,72,18.7,4.3,Kampala,0.35,32.58
2021-07-06,20.6,0.7,73,19.2,4.02,Kampala,0.35,32.58
2021-07-07,19.8,1.8,77,15.3,3.54,Kampala,0.35,32.58
2021-07-08,19.9,0.3,79,10.0,3.4,Kampala,0.35,32.58
2021-07-09,19.8,1.1,81,15.9,3.37,Kampala,0.35,32.58
2021-07-10,21.3,0.1,68,18.2,4.29,Kampala,0.35,32.58
2021-07-11,20.1,2.0,76,16.7,3.02,Kampala,0.35,32.58
2021-07-12,20.0,3.4,73,13.2,2.87,Kampala,0.35,32.58
2021-07-13,20.4,7.4,78,9.8,3.0,Kampala,0.35,32.58
2021-07-14,20.1,5.9,84,11.6,3.1,Kampala,0.35,32.58
2021-07-15,19.8,8.5,89,12.6,2.63,Kampala,0.35,32.58
2021-07-16,19.9,7.2,83,15.0,2.89,Kampala,0.35,32.58
2021-07-17,20.0,0.0,73,23.6,4.23,Kampala,0.35,32.58
2021-07-18,21.1,0.0,65,21.0,4.64,Kampala,0.35,32.58
2021-07-19,21.4,0.0,67,19.6,4.48,Kampala,0.35,32.58
2021-07-20,20.9,0.4,70,14.1,4.13,Kampala,0.35,32.58
2021-07-21,21.1,0.1,75,16.5,4.13,Kampala,0.35,32.58
2021-07-22,21.7,0.1,69,18.3,4.65,Kampala,0.35,32.58
2021-07-23,21.0,0.1,67,18.7,4.56,Kampala,0.35,32.58
2021-07-24,20.9,0.1,66,25.1,3.96,Kampala,0.35,32.58
2021-07-25,21.7,0.0,60,23.2,4.64,Kampala,0.35,32.58
2021-07-26,21.2,0.0,60,23.5,4.77,Kampala,0.35,32.58
2021-07-27,21.1,0.0,66,18.8,3.72,Kampala,0.35,32.58
2021-07-28,21.1,0.1,71,15.9,3.4,Kampala,0.35,32.58
2021-07-29,21.8,1.0,71,13.0,4.06,Kampala,0.35,32.58
2021-07-30,20.4,0.7,77,18.7,3.86,Kampala,0.35,32.58
2021-07-31,21.4,0.0,66,23.2,4.34,Kampala,0.35,32.58
2021-08-01,21.4,0.0,63,22.1,4.91,Kampala,0.35,32.58
2021-08-02,21.1,1.0,67,18.3,3.94,Kampala,0.35,32.58
2021-08-03,21.1,0.5,71,16.5,4.53,Kampala,0.35,32.58
2021-08-04,22.2,0.7,71,13.3,4.52,Kampala,0.35,32.58
2021-08-05,21.8,0.8,75,13.0,3.91,Kampala,0.35,32.58
2021-08-06,21.1,1.9,78,13.1,3.27,Kampala,0.35,32.58
2021-08-07,21.6,1.1,77,13.4,4.22,Kampala,0.35,32.58
2021-08-08,22.1,1.6,71,12.7,4.2,Kampala,0.35,32.58
2021-08-09,21.0,4.7,78,16.4,2.94,Kampala,0.35,32.58
2021-08-10,20.5,7.2,85,8.7,3.54,Kampala,0.35,32.58
2021-08-11,20.9,5.5,82,16.3,3.99,Kampala,0.35,32.58
2021-08-12,21.0,3.9,81,12.4,3.66,Kampala,0.35,32.58
2021-08-13,21.9,10.4,76,10.6,3.97,Kampala,0.35,32.58
2021-08-14,19.6,15.5,89,12.0,2.29,Kampala,0.35,32.58
2021-08-15,19.6,9.3,84,13.2,3.0,Kampala,0.35,32.58
2021-08-16,19.9,1.6,76,13.5,4.05,Kampala,0.35,32.58
2021-08-17,20.5,0.8,79,14.4,3.73,Kampala,0.35,32.58
2021-08-18,20.6,1.2,78,11.7,3.89,Kampala,0.35,32.58
2021-08-19,21.1,1.2,75,13.4,3.8,Kampala,0.35,32.58
2021-08-20,20.1,9.5,84,20.3,3.42,Kampala,0.35,32.58
2021-08-21,20.7,3.2,80,9.8,4.0,Kampala,0.35,32.58
2021-08-22,20.7,4.3,78,8.8,3.79,Kampala,0.35,32.58
2021-08-23,20.1,0.6,78,16.1,4.19,Kampala,0.35,32.58
2021-08-24,20.2,0.1,75,16.2,4.06,Kampala,0.35,32.58
2021-08-25,20.7,1.9,73,15.0,4.47,Kampala,0.35,32.58
2021-08-26,21.0,0.4,74,10.8,4.54,Kampala,0.35,32.58
2021-08-27,21.8,0.2,69,14.1,4.92,Kampala,0.35,32.58
2021-08-28,21.5,0.4,73,13.1,4.23,Kampala,0.35,32.58
2021-08-29,23.0,0.0,62,14.3,5.21,Kampala,0.35,32.58
2021-08-30,22.7,0.2,70,18.9,4.53,Kampala,0.35,32.58
2021-08-31,22.6,0.7,72,13.0,4.48,Kampala,0.35,32.58
2021-09-01,20.1,4.0,89,16.3,1.86,Kampala,0.35,32.58
2021-09-02,20.9,1.1,78,15.7,3.73,Kampala,0.35,32.58
2021-09-03,20.3,7.2,82,12.8,3.05,Kampala,0.35,32.58
2021-09-04,20.6,8.7,85,12.9,3.0,Kampala,0.35,32.58
2021-09-05,20.8,3.4,84,12.5,3.03,Kampala,0.35,32.58
2021-09-06,20.7,7.4,85,15.3,2.91,Kampala,0.35,32.58
2021-09-07,21.4,2.7,81,13.4,3.85,Kampala,0.35,32.58
2021-09-08,20.3,8.3,88,17.1,2.76,Kampala,0.35,32.58
2021-09-09,20.7,8.5,83,17.7,3.25,Kampala,0.35,32.58
2021-09-10,20.6,2.0,81,17.7,3.88,Kampala,0.35,32.58
2021-09-11,20.2,6.0,81,16.8,3.45,Kampala,0.35,32.58
2021-09-12,20.3,1.4,79,12.6,3.35,Kampala,0.35,32.58
2021-09-13,21.0,1.0,77,11.3,3.86,Kampala,0.35,32.58
2021-09-14,21.5,0.6,76,10.2,4.45,Kampala,0.35,32.58
2021-09-15,22.7,2.2,76,14.9,3.94,Kampala,0.35,32.58
2021-09-16,21.2,3.8,86,8.7,3.47,Kampala,0.35,32.58
2021-09-17,21.1,5.4,85,12.4,3.87,Kampala,0.35,32.58
2021-09-18,19.4,9.1,92,17.1,1.9,Kampala,0.35,32.58
2021-09-19,20.5,0.6,83,14.6,3.59,Kampala,0.35,32.58
2021-09-20,21.3,4.0,80,12.2,3.25,Kampala,0.35,32.58
2021-09-21,21.9,1.3,82,14.2,4.29,Kampala,0.35,32.58
2021-09-22,20.6,13.2,86,12.8,3.25,Kampala,0.35,32.58
2021-09-23,21.6,1.1,78,12.9,4.17,Kampala,0.35,32.58
2021-09-24,20.7,3.3,81,12.4,3.33,Kampala,0.35,32.58
2021-09-25,20.0,5.5,86,8.8,2.96,Kampala,0.35,32.58
2021-09-26,20.5,12.2,85,11.9,3.13,Kampala,0.35,32.58
2021-09-27,20.7,1.9,85,11.2,3.91,Kampala,0.35,32.58
2021-09-28,21.4,6.1,82,8.8,3.79,Kampala,0.35,32.58
2021-09-29,22.3,0.4,79,12.1,4.72,Kampala,0.35,32.58
2021-09-30,21.6,2.4,83,12.7,3.6,Kampala,0.35,32.58
2021-10-01,21.2,0.9,82,13.6,3.98,Kampala,0.35,32.58
2021-10-02,21.0,2.8,86,10.7,2.97,Kampala,0.35,32.58
2021-10-03,21.3,3.3,82,16.0,3.48,Kampala,0.35,32.58
2021-10-04,21.0,4.9,85,11.0,3.78,Kampala,0.35,32.58
2021-10-05,21.4,2.6,81,13.9,4.12,Kampala,0.35,32.58
2021-10-06,21.1,5.9,82,10.1,3.48,Kampala,0.35,32.58
2021-10-07,21.7,0.4,79,12.7,4.53,Kampala,0.35,32.58
2021-10-08,22.6,5.5,73,15.4,4.3,Kampala,0.35,32.58
2021-10-09,22.6,2.4,76,11.5,3.76,Kampala,0.35,32.58
2021-10-10,22.9,2.1,80,13.1,4.25,Kampala,0.35,32.58
2021-10-11,21.2,6.2,86,12.6,2.96,Kampala,0.35,32.58
2021-10-12,19.9,7.0,86,10.8,2.53,Kampala,0.35,32.58
2021-10-13,21.0,1.2,78,12.1,4.67,Kampala,0.35,32.58
2021-10-14,21.5,1.9,82,19.7,4.55,Kampala,0.35,32.58
2021-10-15,21.1,7.2,82,10.8,3.92,Kampala,0.35,32.58
2021-10-16,21.8,0.8,77,10.6,4.24,Kampala,0.35,32.58
2021-10-17,21.5,3.8,79,13.7,4.22,Kampala,0.35,32.58
2021-10-18,21.7,3.0,80,12.1,3.83,Kampala,0.35,32.58
2021-10-19,21.5,7.2,82,11.9,3.55,Kampala,0.35,32.58
2021-10-20,21.3,19.9,84,11.4,3.86,Kampala,0.35,32.58
2021-10-21,20.5,10.5,87,8.7,3.15,Kampala,0.35,32.58
2021-10-22,20.7,3.2,84,11.5,4.12,Kampala,0.35,32.58
2021-10-23,21.8,0.2,80,12.1,4.8,Kampala,0.35,32.58
2021-10-24,23.1,0.0,73,9.9,5.34,Kampala,0.35,32.58
2021-10-25,22.9,0.4,71,16.3,5.17,Kampala,0.35,32.58
2021-10-26,22.1,0.0,73,11.9,4.9,Kampala,0.35,32.58
2021-10-27,22.3,1.8,73,15.9,4.71,Kampala,0.35,32.58
2021-10-28,21.8,2.0,77,12.1,4.55,Kampala,0.35,32.58
2021-10-29,21.8,2.0,79,8.4,4.31,Kampala,0.35,32.58
2021-10-30,22.4,0.3,75,12.1,4.56,Kampala,0.35,32.58
2021-10-31,22.4,1.9,76,15.5,4.68,Kampala,0.35,32.58
2021-11-01,22.5,1.6,74,11.9,4.38,Kampala,0.35,32.58
2021-11-02,21.5,6.3,79,14.9,3.6,Kampala,0.35,32.58
2021-11-03,20.2,9.2,86,20.1,3.25,Kampala,0.35,32.58
2021-11-04,20.8,2.7,83,12.5,3.47,Kampala,0.35,32.58
2021-11-05,21.0,6.2,83,11.0,3.56,Kampala,0.35,32.58
2021-11-06,21.2,7.3,82,12.8,3.74,Kampala,0.35,32.58
2021-11-07,21.4,1.1,78,17.1,4.05,Kampala,0.35,32.58
2021-11-08,22.5,9.3,76,11.5,4.08,Kampala,0.35,32.58
2021-11-09,22.9,0.5,71,14.7,4.93,Kampala,0.35,32.58
2021-11-10,23.2,0.8,69,14.3,4.69,Kampala,0.35,32.58
2021-11-11,22.7,1.3,77,11.6,4.57,Kampala,0.35,32.58
2021-11-12,22.9,1.6,70,11.8,4.35,Kampala,0.35,32.58
2021-11-13,23.6,0.9,64,12.4,5.02,Kampala,0.35,32.58
2021-11-14,23.1,0.2,65,14.6,5.18,Kampala,0.35,32.58
2021-11-15,22.9,0.0,70,14.6,4.96,Kampala,0.35,32.58
2021-11-16,23.4,0.0,68,16.2,4.43,Kampala,0.35,32.58
2021-11-17,22.3,3.7,78,13.2,4.23,Kampala,0.35,32.58
2021-11-18,22.7,0.6,71,13.4,4.89,Kampala,0.35,32.58
2021-11-19,22.3,0.2,73,13.0,4.41,Kampala,0.35,32.58
2021-11-20,23.2,0.0,72,11.2,4.91,Kampala,0.35,32.58
2021-11-21,22.2,6.9,79,12.2,3.82,Kampala,0.35,32.58
2021-11-22,21.7,3.8,78,11.0,4.37,Kampala,0.35,32.58
2021-11-23,22.2,0.0,70,12.0,5.07,Kampala,0.35,32.58
2021-11-24,22.7,0.0,68,11.8,5.16,Kampala,0.35,32.58
2021-11-25,22.9,1.4,69,20.2,4.77,Kampala,0.35,32.58
2021-11-26,20.6,10.6,83,13.7,2.32,Kampala,0.35,32.58
2021-11-27,20.7,10.0,82,11.4,3.03,Kampala,0.35,32.58
2021-11-28,22.2,0.4,75,7.6,4.4,Kampala,0.35,32.58
2021-11-29,22.4,3.7,76,13.8,4.44,Kampala,0.35,32.58
2021-11-30,21.4,15.3,81,11.4,2.88,Kampala,0.35,32.58
2021-12-01,21.2,1.1,79,11.9,3.21,Kampala,0.35,32.58
2021-12-02,21.9,1.6,80,17.1,3.96,Kampala,0.35,32.58
2021-12-03,21.7,4.7,82,10.9,3.12,Kampala,0.35,32.58
2021-12-04,22.3,1.3,77,9.4,4.4,Kampala,0.35,32.58
2021-12-05,22.1,1.4,77,15.2,4.21,Kampala,0.35,32.58
2021-12-06,22.2,0.5,78,11.8,4.42,Kampala,0.35,32.58
2021-12-07,22.4,2.1,76,11.3,4.51,Kampala,0.35,32.58
2021-12-08,22.7,0.2,75,9.7,4.24,Kampala,0.35,32.58
2021-12-09,22.0,4.7,80,12.6,3.58,Kampala,0.35,32.58
2021-12-10,22.2,8.4,80,13.3,3.87,Kampala,0.35,32.58
2021-12-11,22.1,0.5,80,9.0,4.25,Kampala,0.35,32.58
2021-12-12,22.0,0.2,64,16.1,5.16,Kampala,0.35,32.58
2021-12-13,21.8,1.4,72,16.8,4.45,Kampala,0.35,32.58
2021-12-14,22.2,2.0,79,13.0,3.85,Kampala,0.35,32.58
2021-12-15,22.0,3.8,80,9.4,3.62,Kampala,0.35,32.58
2021-12-16,22.0,0.6,80,14.9,4.03,Kampala,0.35,32.58
2021-12-17,22.2,0.6,76,15.3,4.67,Kampala,0.35,32.58
2021-12-18,22.0,0.4,78,12.0,4.48,Kampala,0.35,32.58
2021-12-19,21.1,9.2,85,14.8,3.18,Kampala,0.35,32.58
2021-12-20,22.4,0.9,82,20.1,3.71,Kampala,0.35,32.58
2021-12-21,21.7,1.6,83,15.5,4.04,Kampala,0.35,32.58
2021-12-22,22.0,2.6,84,10.4,3.32,Kampala,0.35,32.58
2021-12-23,21.9,1.5,82,11.7,3.4,Kampala,0.35,32.58
2021-12-24,21.5,12.2,85,9.4,3.19,Kampala,0.35,32.58
2021-12-25,21.8,2.2,83,9.0,3.7,Kampala,0.35,32.58
2021-12-26,20.8,22.4,87,15.6,3.0,Kampala,0.35,32.58
2021-12-27,21.8,12.0,82,11.9,3.84,Kampala,0.35,32.58
2021-12-28,21.4,0.1,76,12.5,3.94,Kampala,0.35,32.58
2021-12-29,21.8,0.5,79,14.0,3.67,Kampala,0.35,32.58
2021-12-30,22.0,2.2,79,9.6,3.37,Kampala,0.35,32.58
2021-12-31,20.0,20.7,88,15.0,1.83,Kampala,0.35,32.58
2020-01-01,23.2,0.3,77,9.7,4.55,Jinja,0.42,33.2
2020-01-02,23.0,0.0,78,11.3,4.68,Jinja,0.42,33.2
2020-01-03,23.1,0.0,74,13.0,4.76,Jinja,0.42,33.2
2020-01-04,23.1,0.0,74,16.4,4.76,Jinja,0.42,33.2
2020-01-05,22.5,3.6,82,9.7,3.99,Jinja,0.42,33.2
2020-01-06,22.1,5.2,82,10.0,3.86,Jinja,0.42,33.2
2020-01-07,23.2,0.1,80,7.6,4.31,Jinja,0.42,33.2
2020-01-08,22.5,7.0,82,11.2,3.86,Jinja,0.42,33.2
2020-01-09,22.6,5.7,85,10.9,3.89,Jinja,0.42,33.2
2020-01-10,21.8,5.4,85,13.7,3.56,Jinja,0.42,33.2
2020-01-11,22.7,6.1,80,9.8,4.27,Jinja,0.42,33.2
2020-01-12,22.4,0.7,74,13.1,4.37,Jinja,0.42,33.2
2020-01-13,21.6,1.4,82,12.6,3.5,Jinja,0.42,33.2
2020-01-14,23.0,0.0,76,9.5,4.93,Jinja,0.42,33.2
2020-01-15,24.0,0.0,74,11.6,4.92,Jinja,0.42,33.2
2020-01-16,23.1,1.6,83,14.7,3.97,Jinja,0.42,33.2
2020-01-17,23.9,2.0,80,12.1,4.44,Jinja,0.42,33.2
2020-01-18,23.2,6.7,85,11.0,4.08,Jinja,0.42,33.2
2020-01-19,23.5,0.0,71,12.6,5.01,Jinja,0.42,33.2
2020-01-20,23.1,0.0,65,13.6,5.46,Jinja,0.42,33.2
2020-01-21,22.9,0.0,56,17.1,5.91,Jinja,0.42,33.2
2020-01-22,22.9,0.0,56,18.1,5.65,Jinja,0.42,33.2
2020-01-23,22.8,0.0,55,15.1,5.7,Jinja,0.42,33.2
2020-01-24,23.3,0.0,56,12.3,5.56,Jinja,0.42,33.2
2020-01-25,23.1,0.2,76,9.2,2.92,Jinja,0.42,33.2
2020-01-26,22.2,7.0,85,10.0,3.16,Jinja,0.42,33.2
2020-01-27,21.8,16.9,88,9.9,2.86,Jinja,0.42,33.2
2020-01-28,21.1,27.5,88,8.8,2.7,Jinja,0.42,33.2
2020-01-29,20.2,31.9,93,9.7,1.17,Jinja,0.42,33.2
2020-01-30,20.7,8.1,88,7.2,2.2,Jinja,0.42,33.2
2020-01-31,20.6,12.9,90,10.4,2.49,Jinja,0.42,33.2
2020-02-01,20.3,5.6,89,9.1,3.21,Jinja,0.42,33.2
2020-02-02,21.5,0.0,82,12.0,4.01,Jinja,0.42,33.2
2020-02-03,21.7,8.3,85,13.4,3.66,Jinja,0.42,33.2
2020-02-04,21.6,9.3,88,11.7,3.73,Jinja,0.42,33.2
2020-02-05,21.2,13.5,89,10.5,3.65,Jinja,0.42,33.2
2020-02-06,21.2,9.6,87,8.2,3.8,Jinja,0.42,33.2
2020-02-07,22.7,0.0,81,9.0,4.54,Jinja,0.42,33.2
2020-02-08,23.1,0.0,77,10.1,4.89,Jinja,0.42,33.2
2020-02-09,23.2,0.9,71,13.3,5.24,Jinja,0.42,33.2
2020-02-10,23.0,0.0,71,9.4,5.28,Jinja,0.42,33.2
2020-02-11,23.8,0.0,75,7.9,5.07,Jinja,0.42,33.2
2020-02-12,23.7,4.0,79,10.0,4.32,Jinja,0.42,33.2
2020-02-13,24.1,0.0,70,15.0,5.03,Jinja,0.42,33.2
2020-02-14,23.2,1.2,78,12.1,4.43,Jinja,0.42,33.2
2020-02-15,22.8,6.3,81,12.8,4.35,Jinja,0.42,33.2
2020-02-16,23.7,0.0,74,15.5,5.04,Jinja,0.42,33.2
2020-02-17,24.4,1.5,75,9.3,4.53,Jinja,0.42,33.2
2020-02-18,23.3,5.3,85,12.6,4.1,Jinja,0.42,33.2
2020-02-19,23.0,10.3,83,11.4,4.55,Jinja,0.42,33.2
2020-02-20,23.7,0.6,79,11.7,4.5,Jinja,0.42,33.2
2020-02-21,23.9,0.3,78,14.4,4.22,Jinja,0.42,33.2
2020-02-22,24.0,0.6,80,9.5,4.58,Jinja,0.42,33.2
2020-02-23,24.6,0.2,76,11.0,4.78,Jinja,0.42,33.2
2020-02-24,24.8,0.7,76,16.1,4.61,Jinja,0.42,33.2
2020-02-25,22.4,10.3,86,16.6,2.68,Jinja,0.42,33.2
2020-02-26,23.9,1.7,77,12.7,4.12,Jinja,0.42,33.2
2020-02-27,23.8,3.7,80,12.3,4.2,Jinja,0.42,33.2
2020-02-28,22.7,12.1,87,11.0,3.35,Jinja,0.42,33.2
2020-02-29,22.6,0.8,84,17.7,3.81,Jinja,0.42,33.2
2020-03-01,22.8,1.8,85,18.4,3.38,Jinja,0.42,33.2
2020-03-02,22.2,5.7,86,19.3,3.22,Jinja,0.42,33.2
2020-03-03,22.7,2.0,86,15.2,3.64,Jinja,0.42,33.2
2020-03-04,22.0,5.6,88,17.6,3.24,Jinja,0.42,33.2
2020-03-05,23.4,0.3,81,16.3,4.29,Jinja,0.42,33.2
2020-03-06,23.8,2.3,79,14.6,4.77,Jinja,0.42,33.2
2020-03-07,24.4,0.3,78,16.4,4.64,Jinja,0.42,33.2
2020-03-08,23.6,2.7,86,12.3,3.29,Jinja,0.42,33.2
2020-03-09,22.0,18.7,87,12.6,3.16,Jinja,0.42,33.2
2020-03-10,23.2,0.9,79,10.8,3.97,Jinja,0.42,33.2
2020-03-11,23.1,3.7,82,14.1,3.88,Jinja,0.42,33.2
2020-03-12,22.1,4.3,85,14.0,3.49,Jinja,0.42,33.2
2020-03-13,22.4,2.8,85,16.9,3.8,Jinja,0.42,33.2
2020-03-14,22.9,1.4,83,13.6,4.23,Jinja,0.42,33.2
2020-03-15,23.5,1.2,81,13.4,4.24,Jinja,0.42,33.2
2020-03-16,22.4,16.4,88,5.7,3.37,Jinja,0.42,33.2
2020-03-17,23.2,3.9,84,10.2,4.37,Jinja,0.42,33.2
2020-03-18,22.1,33.3,87,20.3,3.59,Jinja,0.42,33.2
2020-03-19,21.6,6.4,88,14.8,3.13,Jinja,0.42,33.2
2020-03-20,23.0,6.2,83,9.7,4.28,Jinja,0.42,33.2
2020-03-21,22.9,8.6,85,13.6,4.67,Jinja,0.42,33.2
2020-03-22,22.6,10.6,82,15.0,4.36,Jinja,0.42,33.2
2020-03-23,22.8,3.3,84,12.2,4.26,Jinja,0.42,33.2
2020-03-24,22.7,13.0,84,13.9,3.9,Jinja,0.42,33.2
2020-03-25,22.1,17.4,87,15.1,3.4,Jinja,0.42,33.2
2020-03-26,22.1,4.5,82,14.1,3.49,Jinja,0.42,33.2
2020-03-27,21.9,6.8,85,13.1,2.61,Jinja,0.42,33.2
2020-03-28,21.2,14.7,87,13.7,2.75,Jinja,0.42,33.2
2020-03-29,22.3,3.0,84,12.4,3.96,Jinja,0.42,33.2
2020-03-30,23.4,0.3,80,12.6,4.78,Jinja,0.42,33.2
2020-03-31,23.0,2.4,84,11.5,4.07,Jinja,0.42,33.2
2020-04-01,23.7,0.6,81,12.6,4.59,Jinja,0.42,33.2
2020-04-02,24.3,0.3,79,8.4,4.94,Jinja,0.42,33.2
2020-04-03,24.0,1.2,82,14.1,4.64,Jinja,0.42,33.2
2020-04-04,23.2,3.2,84,15.7,4.26,Jinja,0.42,33.2
2020-04-05,23.2,3.2,83,10.5,4.32,Jinja,0.42,33.2
2020-04-06,23.5,0.6,81,13.8,4.32,Jinja,0.42,33.2
2020-04-07,24.0,1.7,78,12.2,4.11,Jinja,0.42,33.2
2020-04-08,23.7,0.4,79,15.9,4.47,Jinja,0.42,33.2
2020-04-09,24.1,0.1,80,13.7,4.81,Jinja,0.42,33.2
2020-04-10,23.3,12.4,84,13.2,3.72,Jinja,0.42,33.2
2020-04-11,23.4,5.9,82,15.2,4.23,Jinja,0.42,33.2
2020-04-12,22.3,35.7,87,15.7,2.17,Jinja,0.42,33.2
2020-04-13,22.4,17.0,86,10.7,3.21,Jinja,0.42,33.2
2020-04-14,21.5,16.6,89,15.9,2.48,Jinja,0.42,33.2
2020-04-15,21.9,5.7,86,12.3,3.14,Jinja,0.42,33.2
2020-04-16,23.3,2.2,83,11.4,4.22,Jinja,0.42,33.2
2020-04-17,22.3,14.3,88,19.6,2.62,Jinja,0.42,33.2
2020-04-18,21.2,18.3,92,12.8,2.29,Jinja,0.42,33.2
2020-04-19,21.6,10.5,84,9.7,2.9,Jinja,0.42,33.2
2020-04-20,19.5,31.2,95,13.4,1.23,Jinja,0.42,33.2
2020-04-21,20.9,4.9,88,8.8,2.4,Jinja,0.42,33.2
2020-04-22,21.8,4.8,84,9.8,4.06,Jinja,0.42,33.2
2020-04-23,20.6,16.7,91,18.4,1.61,Jinja,0.42,33.2
2020-04-24,21.7,3.1,86,12.7,3.63,Jinja,0.42,33.2
2020-04-25,22.2,1.2,86,15.4,3.07,Jinja,0.42,33.2
2020-04-26,22.0,4.6,83,15.9,3.69,Jinja,0.42,33.2
2020-04-27,22.9,3.0,81,17.1,3.86,Jinja,0.42,33.2
2020-04-28,22.1,14.2,85,10.5,4.03,Jinja,0.42,33.2
2020-04-29,21.4,8.6,87,16.7,3.06,Jinja,0.42,33.2
2020-04-30,22.1,4.8,84,16.6,3.82,Jinja,0.42,33.2
2020-05-01,21.7,2.1,88,12.6,2.49,Jinja,0.42,33.2
2020-05-02,21.1,7.6,90,13.7,2.58,Jinja,0.42,33.2
2020-05-03,20.7,12.9,89,12.6,2.85,Jinja,0.42,33.2
2020-05-04,22.3,1.4,85,12.0,4.16,Jinja,0.42,33.2
2020-05-05,22.1,4.5,86,12.6,3.51,Jinja,0.42,33.2
2020-05-06,21.7,6.0,88,16.0,2.81,Jinja,0.42,33.2
2020-05-07,22.0,8.6,86,14.3,3.26,Jinja,0.42,33.2
2020-05-08,21.3,14.7,89,14.1,2.16,Jinja,0.42,33.2
2020-05-09,21.5,8.0,89,13.0,2.97,Jinja,0.42,33.2
2020-05-10,21.1,14.8,90,12.2,2.5,Jinja,0.42,33.2
2020-05-11,21.9,10.8,86,13.7,3.25,Jinja,0.42,33.2
2020-05-12,21.2,12.4,90,18.5,2.58,Jinja,0.42,33.2
2020-05-13,22.1,3.9,87,10.5,3.8,Jinja,0.42,33.2
2020-05-14,22.7,0.3,84,12.3,4.04,Jinja,0.42,33.2
2020-05-15,22.2,0.7,85,12.9,3.55,Jinja,0.42,33.2
2020-05-16,22.0,7.8,86,11.6,3.71,Jinja,0.42,33.2
2020-05-17,22.5,2.5,83,14.1,3.8,Jinja,0.42,33.2
2020-05-18,21.9,2.9,85,15.3,3.58,Jinja,0.42,33.2
2020-05-19,21.6,6.2,86,9.7,3.66,Jinja,0.42,33.2
2020-05-20,21.7,2.4,87,12.7,3.63,Jinja,0.42,33.2
2020-05-21,21.7,9.0,85,17.1,3.41,Jinja,0.42,33.2
2020-05-22,21.2,8.9,86,14.4,3.16,Jinja,0.42,33.2
2020-05-23,21.7,0.8,83,10.7,4.08,Jinja,0.42,33.2
2020-05-24,21.1,4.7,87,10.4,2.5,Jinja,0.42,33.2
2020-05-25,22.0,0.6,83,11.0,3.85,Jinja,0.42,33.2
2020-05-26,22.3,0.4,83,13.5,3.97,Jinja,0.42,33.2
2020-05-27,22.7,0.2,84,14.0,4.24,Jinja,0.42,33.2
2020-05-28,22.3,0.5,84,10.5,4.12,Jinja,0.42,33.2
2020-05-29,21.9,0.5,86,12.1,3.24,Jinja,0.42,33.2
2020-05-30,22.0,4.9,84,14.6,3.91,Jinja,0.42,33.2
2020-05-31,22.0,0.0,82,13.6,4.06,Jinja,0.42,33.2
2020-06-01,22.3,0.4,80,12.8,3.94,Jinja,0.42,33.2
2020-06-02,21.7,2.8,85,14.0,3.67,Jinja,0.42,33.2
2020-06-03,21.7,1.0,86,12.0,3.43,Jinja,0.42,33.2
2020-06-04,21.0,6.6,88,12.1,3.25,Jinja,0.42,33.2
2020-06-05,21.7,0.2,85,12.6,3.96,Jinja,0.42,33.2
2020-06-06,21.4,2.2,85,13.4,3.77,Jinja,0.42,33.2
2020-06-07,21.8,1.5,83,14.8,3.82,Jinja,0.42,33.2
2020-06-08,20.1,28.7,91,12.5,1.67,Jinja,0.42,33.2
2020-06-09,21.8,0.7,79,13.4,3.61,Jinja,0.42,33.2
2020-06-10,20.8,4.4,87,12.2,2.45,Jinja,0.42,33.2
2020-06-11,21.0,11.1,88,9.0,3.59,Jinja,0.42,33.2
2020-06-12,20.2,7.5,91,10.3,3.18,Jinja,0.42,33.2
2020-06-13,20.9,1.8,87,15.5,3.54,Jinja,0.42,33.2
2020-06-14,20.9,7.3,85,16.2,3.41,Jinja,0.42,33.2
2020-06-15,20.9,0.4,83,13.4,3.67,Jinja,0.42,33.2
2020-06-16,21.7,1.1,78,16.5,3.79,Jinja,0.42,33.2
2020-06-17,22.2,0.0,71,19.8,4.53,Jinja,0.42,33.2
2020-06-18,21.9,0.2,77,15.7,4.0,Jinja,0.42,33.2
2020-06-19,20.8,5.5,87,13.0,3.1,Jinja,0.42,33.2
2020-06-20,20.4,7.7,89,11.2,2.35,Jinja,0.42,33.2
2020-06-21,20.6,6.2,89,15.4,3.29,Jinja,0.42,33.2
2020-06-22,20.9,0.8,87,12.6,3.57,Jinja,0.42,33.2
2020-06-23,21.2,0.5,86,15.2,3.72,Jinja,0.42,33.2
2020-06-24,22.2,0.5,81,15.1,3.86,Jinja,0.42,33.2
2020-06-25,21.4,0.9,84,13.0,3.8,Jinja,0.42,33.2
2020-06-26,20.7,1.3,85,9.4,3.49,Jinja,0.42,33.2
2020-06-27,20.9,0.8,86,10.8,3.5,Jinja,0.42,33.2
2020-06-28,21.3,0.2,83,12.3,3.99,Jinja,0.42,33.2
2020-06-29,21.6,0.0,83,13.0,3.75,Jinja,0.42,33.2
2020-06-30,21.0,0.5,82,13.5,3.75,Jinja,0.42,33.2
2020-07-01,21.0,5.6,85,10.5,3.39,Jinja,0.42,33.2
2020-07-02,21.0,6.5,84,12.8,3.47,Jinja,0.42,33.2
2020-07-03,21.3,2.1,82,14.5,3.91,Jinja,0.42,33.2
2020-07-04,21.6,0.3,82,11.6,3.44,Jinja,0.42,33.2
2020-07-05,21.3,1.5,84,16.7,3.34,Jinja,0.42,33.2
2020-07-06,20.7,3.1,87,10.6,2.74,Jinja,0.42,33.2
2020-07-07,19.7,14.0,91,10.8,1.48,Jinja,0.42,33.2
2020-07-08,20.3,4.9,90,9.0,2.74,Jinja,0.42,33.2
2020-07-09,21.1,0.0,83,10.5,4.11,Jinja,0.42,33.2
2020-07-10,20.5,9.7,86,10.7,3.1,Jinja,0.42,33.2
2020-07-11,20.6,16.2,90,17.8,2.93,Jinja,0.42,33.2
2020-07-12,20.9,0.7,87,10.2,3.44,Jinja,0.42,33.2
2020-07-13,20.6,1.7,86,13.8,3.34,Jinja,0.42,33.2
2020-07-14,20.7,4.1,87,12.6,3.39,Jinja,0.42,33.2
2020-07-15,20.8,2.4,87,14.2,3.09,Jinja,0.42,33.2
2020-07-16,20.0,15.8,89,13.6,1.9,Jinja,0.42,33.2
2020-07-17,20.1,2.6,84,20.5,2.72,Jinja,0.42,33.2
2020-07-18,20.9,0.0,66,24.0,3.91,Jinja,0.42,33.2
2020-07-19,20.4,0.0,71,14.4,3.74,Jinja,0.42,33.2
2020-07-20,20.8,0.0,76,12.6,4.28,Jinja,0.42,33.2
2020-07-21,20.3,0.6,86,13.2,3.21,Jinja,0.42,33.2
2020-07-22,20.1,0.8,88,18.4,3.56,Jinja,0.42,33.2
2020-07-23,20.4,9.1,87,11.8,3.62,Jinja,0.42,33.2
2020-07-24,20.5,8.3,85,15.9,3.44,Jinja,0.42,33.2
2020-07-25,20.8,0.6,80,18.2,3.84,Jinja,0.42,33.2
2020-07-26,21.2,0.9,74,12.2,4.28,Jinja,0.42,33.2
2020-07-27,20.8,0.4,77,16.7,4.34,Jinja,0.42,33.2
2020-07-28,20.0,0.0,81,13.3,2.11,Jinja,0.42,33.2
2020-07-29,20.6,0.1,82,13.7,3.82,Jinja,0.42,33.2
2020-07-30,21.1,0.4,83,11.6,3.7,Jinja,0.42,33.2
2020-07-31,21.8,0.0,81,13.4,4.4,Jinja,0.42,33.2
2020-08-01,21.4,0.2,81,16.2,4.07,Jinja,0.42,33.2
2020-08-02,21.0,0.5,81,17.2,3.91,Jinja,0.42,33.2
2020-08-03,20.7,0.0,80,16.2,3.37,Jinja,0.42,33.2
2020-08-04,20.4,3.9,86,12.2,2.54,Jinja,0.42,33.2
2020-08-05,20.9,0.2,80,13.8,4.34,Jinja,0.42,33.2
2020-08-06,21.5,0.5,82,14.6,4.15,Jinja,0.42,33.2
2020-08-07,21.7,0.3,83,20.6,3.99,Jinja,0.42,33.2
2020-08-08,20.8,6.5,88,16.5,3.26,Jinja,0.42,33.2
2020-08-09,20.7,0.3,83,10.2,3.99,Jinja,0.42,33.2
2020-08-10,21.5,0.1,81,14.8,4.34,Jinja,0.42,33.2
2020-08-11,21.9,0.9,83,17.7,4.18,Jinja,0.42,33.2
2020-08-12,21.9,1.0,85,12.6,3.91,Jinja,0.42,33.2
2020-08-13,21.7,2.4,87,18.1,3.77,Jinja,0.42,33.2
2020-08-14,21.6,3.6,88,14.8,3.28,Jinja,0.42,33.2
2020-08-15,21.8,5.0,89,10.0,3.85,Jinja,0.42,33.2
2020-08-16,21.5,1.1,87,15.4,3.75,Jinja,0.42,33.2
2020-08-17,21.4,5.5,86,13.9,3.48,Jinja,0.42,33.2
2020-08-18,22.0,6.4,83,17.6,3.81,Jinja,0.42,33.2
2020-08-19,21.7,0.1,84,11.3,3.83,Jinja,0.42,33.2
2020-08-20,21.3,5.4,89,12.4,3.26,Jinja,0.42,33.2
2020-08-21,22.1,0.3,83,10.1,4.11,Jinja,0.42,33.2
2020-08-22,21.3,0.5,85,12.5,3.91,Jinja,0.42,33.2
2020-08-23,21.1,4.5,85,10.8,3.8,Jinja,0.42,33.2
2020-08-24,20.3,9.9,88,15.6,3.02,Jinja,0.42,33.2
2020-08-25,20.7,0.5,87,16.4,3.61,Jinja,0.42,33.2
2020-08-26,21.1,1.6,86,11.9,4.01,Jinja,0.42,33.2
2020-08-27,21.6,1.8,84,9.0,4.34,Jinja,0.42,33.2
2020-08-28,21.6,0.2,84,10.5,4.08,Jinja,0.42,33.2
2020-08-29,21.1,4.1,90,11.5,3.45,Jinja,0.42,33.2
2020-08-30,21.1,1.0,87,20.2,3.8,Jinja,0.42,33.2
2020-08-31,21.0,5.8,89,13.1,3.47,Jinja,0.42,33.2
2020-09-01,21.5,0.8,84,10.0,4.17,Jinja,0.42,33.2
2020-09-02,21.9,0.0,79,16.2,4.58,Jinja,0.42,33.2
2020-09-03,21.2,1.1,81,14.7,4.13,Jinja,0.42,33.2
2020-09-04,22.3,0.3,76,14.7,4.67,Jinja,0.42,33.2
2020-09-05,22.1,2.4,83,13.0,4.54,Jinja,0.42,33.2
2020-09-06,21.2,6.3,86,17.6,3.74,Jinja,0.42,33.2
2020-09-07,19.3,7.9,92,13.9,1.96,Jinja,0.42,33.2
2020-09-08,20.9,0.2,82,10.1,4.45,Jinja,0.42,33.2
2020-09-09,21.3,0.4,83,12.7,4.2,Jinja,0.42,33.2
2020-09-10,21.4,1.5,84,11.5,4.32,Jinja,0.42,33.2
2020-09-11,21.8,0.8,82,13.9,4.16,Jinja,0.42,33.2
2020-09-12,21.4,7.6,87,9.7,4.19,Jinja,0.42,33.2
2020-09-13,22.0,0.4,80,12.1,4.82,Jinja,0.42,33.2
2020-09-14,21.7,1.2,84,12.8,4.18,Jinja,0.42,33.2
2020-09-15,22.4,0.2,81,11.8,4.52,Jinja,0.42,33.2
2020-09-16,21.9,1.0,84,13.2,4.33,Jinja,0.42,33.2
2020-09-17,22.9,0.0,78,10.1,4.92,Jinja,0.42,33.2
2020-09-18,23.1,0.4,80,9.7,4.65,Jinja,0.42,33.2
2020-09-19,22.6,1.5,82,12.6,4.55,Jinja,0.42,33.2
2020-09-20,22.3,1.1,81,12.4,4.63,Jinja,0.42,33.2
2020-09-21,21.9,3.2,84,16.9,3.72,Jinja,0.42,33.2
2020-09-22,21.8,4.6,86,10.7,4.0,Jinja,0.42,33.2
2020-09-23,21.6,8.6,85,14.1,4.02,Jinja,0.42,33.2
2020-09-24,21.5,10.4,86,14.5,3.94,Jinja,0.42,33.2
2020-09-25,20.8,11.3,90,14.8,2.96,Jinja,0.42,33.2
2020-09-26,21.5,5.4,87,12.8,3.42,Jinja,0.42,33.2
2020-09-27,22.1,1.4,85,15.3,4.46,Jinja,0.42,33.2
2020-09-28,21.6,9.4,86,14.1,3.98,Jinja,0.42,33.2
2020-09-29,21.5,6.5,86,7.4,4.39,Jinja,0.42,33.2
2020-09-30,21.1,8.8,87,18.2,3.51,Jinja,0.42,33.2
2020-10-01,21.2,8.0,87,15.6,4.03,Jinja,0.42,33.2
2020-10-02,21.8,2.6,84,12.2,4.25,Jinja,0.42,33.2
2020-10-03,22.2,0.8,81,11.6,4.37,Jinja,0.42,33.2
2020-10-04,22.1,0.6,82,16.6,4.28,Jinja,0.42,33.2
2020-10-05,22.4,0.3,81,11.6,4.74,Jinja,0.42,33.2
2020-10-06,22.1,0.8,83,11.3,4.4,Jinja,0.42,33.2
2020-10-07,21.7,3.5,87,11.9,3.75,Jinja,0.42,33.2
2020-10-08,22.6,1.9,83,10.4,4.47,Jinja,0.42,33.2
2020-10-09,21.9,3.1,85,16.8,3.47,Jinja,0.42,33.2
2020-10-10,20.6,6.2,91,18.7,3.09,Jinja,0.42,33.2
2020-10-11,21.8,0.0,82,10.2,4.66,Jinja,0.42,33.2
2020-10-12,21.3,6.9,88,8.7,3.11,Jinja,0.42,33.2
2020-10-13,20.7,2.6,90,11.7,2.87,Jinja,0.42,33.2
2020-10-14,21.4,0.6,86,11.1,4.09,Jinja,0.42,33.2
2020-10-15,21.7,0.4,84,10.4,4.29,Jinja,0.42,33.2
2020-10-16,22.2,0.7,81,13.7,4.72,Jinja,0.42,33.2
2020-10-17,21.4,7.2,85,12.2,3.59,Jinja,0.42,33.2
2020-10-18,22.0,2.4,81,15.2,4.46,Jinja,0.42,33.2
2020-10-19,21.8,1.7,86,11.4,4.41,Jinja,0.42,33.2
2020-10-20,21.8,4.6,87,13.1,3.38,Jinja,0.42,33.2
2020-10-21,21.7,2.7,85,11.2,3.65,Jinja,0.42,33.2
2020-10-22,21.8,3.7,87,10.1,4.03,Jinja,0.42,33.2
2020-10-23,21.5,1.0,88,13.2,3.91,Jinja,0.42,33.2
2020-10-24,22.2,0.5,84,10.6,4.47,Jinja,0.42,33.2
2020-10-25,22.7,7.2,83,15.1,4.34,Jinja,0.42,33.2
2020-10-26,20.6,23.9,92,11.1,2.25,Jinja,0.42,33.2
2020-10-27,21.1,6.1,91,8.3,2.81,Jinja,0.42,33.2
2020-10-28,21.8,6.4,88,11.2,3.11,Jinja,0.42,33.2
2020-10-29,21.5,25.9,88,13.0,2.81,Jinja,0.42,33.2
2020-10-30,20.3,43.3,93,9.0,2.61,Jinja,0.42,33.2
2020-10-31,21.0,5.5,86,9.4,3.3,Jinja,0.42,33.2
2020-11-01,21.7,0.2,82,10.1,4.23,Jinja,0.42,33.2
2020-11-02,22.5,2.5,80,8.7,4.51,Jinja,0.42,33.2
2020-11-03,22.6,1.7,81,8.9,4.65,Jinja,0.42,33.2
2020-11-04,22.8,1.9,82,9.7,4.59,Jinja,0.42,33.2
2020-11-05,22.6,4.6,84,10.9,3.88,Jinja,0.42,33.2
2020-11-06,21.1,18.9,92,15.1,2.2,Jinja,0.42,33.2
2020-11-07,21.0,2.7,92,10.1,3.34,Jinja,0.42,33.2
2020-11-08,22.1,0.8,84,8.3,4.17,Jinja,0.42,33.2
2020-11-09,21.0,8.4,89,13.7,3.17,Jinja,0.42,33.2
2020-11-10,21.7,6.0,83,14.1,4.17,Jinja,0.42,33.2
2020-11-11,20.4,14.8,91,11.5,2.29,Jinja,0.42,33.2
2020-11-12,21.1,5.3,86,6.8,4.17,Jinja,0.42,33.2
2020-11-13,22.1,6.5,83,9.4,4.09,Jinja,0.42,33.2
2020-11-14,20.4,36.7,91,8.5,2.27,Jinja,0.42,33.2
2020-11-15,20.7,4.4,88,10.3,3.39,Jinja,0.42,33.2
2020-11-16,19.8,16.5,93,8.0,1.68,Jinja,0.42,33.2
2020-11-17,21.0,7.7,88,8.4,3.86,Jinja,0.42,33.2
2020-11-18,21.0,4.7,87,10.8,2.63,Jinja,0.42,33.2
2020-11-19,21.7,0.4,83,13.7,3.86,Jinja,0.42,33.2
2020-11-20,21.8,1.0,85,8.9,4.13,Jinja,0.42,33.2
2020-11-21,22.3,1.2,87,9.4,3.79,Jinja,0.42,33.2
2020-11-22,21.8,15.5,87,13.4,3.71,Jinja,0.42,33.2
2020-11-23,22.7,0.2,82,13.0,4.17,Jinja,0.42,33.2
2020-11-24,22.6,1.9,84,8.7,4.1,Jinja,0.42,33.2
2020-11-25,20.0,21.7,91,13.0,1.72,Jinja,0.42,33.2
2020-11-26,21.5,0.0,84,8.7,4.49,Jinja,0.42,33.2
2020-11-27,21.9,4.8,85,10.0,4.1,Jinja,0.42,33.2
2020-11-28,22.0,15.9,86,11.7,3.62,Jinja,0.42,33.2
2020-11-29,20.3,18.0,92,12.1,3.15,Jinja,0.42,33.2
2020-11-30,20.6,0.5,88,10.3,3.76,Jinja,0.42,33.2
2020-12-01,21.5,0.5,84,8.2,4.31,Jinja,0.42,33.2
2020-12-02,22.1,0.0,82,9.5,3.69,Jinja,0.42,33.2
2020-12-03,21.5,0.7,83,13.6,3.33,Jinja,0.42,33.2
2020-12-04,21.0,2.0,87,12.8,2.85,Jinja,0.42,33.2
2020-12-05,21.0,3.9,86,12.2,3.96,Jinja,0.42,33.2
2020-12-06,21.7,0.9,83,7.6,4.27,Jinja,0.42,33.2
2020-12-07,22.0,1.0,82,13.0,4.04,Jinja,0.42,33.2
2020-12-08,22.0,6.1,85,12.9,3.89,Jinja,0.42,33.2
2020-12-09,21.8,3.3,86,11.2,3.9,Jinja,0.42,33.2
2020-12-10,21.9,4.5,85,14.3,3.39,Jinja,0.42,33.2
2020-12-11,21.8,7.9,86,9.0,3.78,Jinja,0.42,33.2
2020-12-12,22.2,0.2,81,11.4,4.14,Jinja,0.42,33.2
2020-12-13,22.0,0.9,83,9.4,4.05,Jinja,0.42,33.2
2020-12-14,21.7,1.3,80,14.9,4.23,Jinja,0.42,33.2
2020-12-15,22.3,1.2,80,12.6,4.16,Jinja,0.42,33.2
2020-12-16,22.1,0.0,78,10.8,4.57,Jinja,0.42,33.2
2020-12-17,22.5,1.2,81,11.3,3.66,Jinja,0.42,33.2
2020-12-18,22.0,7.7,84,13.2,3.36,Jinja,0.42,33.2
2020-12-19,21.6,7.5,86,10.2,3.39,Jinja,0.42,33.2
2020-12-20,21.3,6.1,86,12.4,3.41,Jinja,0.42,33.2
2020-12-21,21.5,4.4,86,10.8,3.74,Jinja,0.42,33.2
2020-12-22,21.3,2.3,83,11.7,3.94,Jinja,0.42,33.2
2020-12-23,21.8,1.6,83,7.7,3.98,Jinja,0.42,33.2
2020-12-24,21.3,2.2,88,10.5,2.26,Jinja,0.42,33.2
2020-12-25,21.4,4.1,86,13.0,3.29,Jinja,0.42,33.2
2020-12-26,22.3,2.0,84,12.7,3.93,Jinja,0.42,33.2
2020-12-27,22.3,1.1,84,11.4,3.81,Jinja,0.42,33.2
2020-12-28,22.3,1.0,85,12.0,3.82,Jinja,0.42,33.2
2020-12-29,22.7,0.2,78,12.4,4.6,Jinja,0.42,33.2
2020-12-30,23.1,0.3,78,9.8,4.46,Jinja,0.42,33.2
2020-12-31,21.0,3.4,87,9.5,2.78,Jinja,0.42,33.2
2021-01-01,20.6,8.7,90,9.8,2.42,Jinja,0.42,33.2
2021-01-02,20.6,5.3,88,11.9,3.03,Jinja,0.42,33.2
2021-01-03,21.1,1.7,86,13.2,3.43,Jinja,0.42,33.2
2021-01-04,22.0,1.7,83,12.6,4.04,Jinja,0.42,33.2
2021-01-05,22.3,0.4,79,10.8,4.34,Jinja,0.42,33.2
2021-01-06,22.3,0.4,82,13.7,3.92,Jinja,0.42,33.2
2021-01-07,22.5,0.3,79,14.3,4.47,Jinja,0.42,33.2
2021-01-08,22.7,0.0,79,9.4,4.06,Jinja,0.42,33.2
2021-01-09,21.0,7.5,88,10.8,2.24,Jinja,0.42,33.2
2021-01-10,20.8,6.9,87,10.1,3.18,Jinja,0.42,33.2
2021-01-11,21.0,2.7,87,10.4,3.32,Jinja,0.42,33.2
2021-01-12,21.3,1.4,83,10.3,3.13,Jinja,0.42,33.2
2021-01-13,22.5,3.1,81,10.3,4.28,Jinja,0.42,33.2
2021-01-14,22.3,1.2,84,13.6,3.53,Jinja,0.42,33.2
2021-01-15,21.6,16.6,87,14.6,3.17,Jinja,0.42,33.2
2021-01-16,20.6,16.0,88,12.8,2.81,Jinja,0.42,33.2
2021-01-17,21.5,0.3,83,10.0,4.18,Jinja,0.42,33.2
2021-01-18,21.7,3.7,84,8.4,4.02,Jinja,0.42,33.2
2021-01-19,21.9,12.5,84,10.9,3.65,Jinja,0.42,33.2
2021-01-20,22.4,1.5,83,15.1,4.06,Jinja,0.42,33.2
2021-01-21,22.3,2.9,83,9.9,4.1,Jinja,0.42,33.2
2021-01-22,22.3,14.2,85,7.5,3.45,Jinja,0.42,33.2
2021-01-23,22.7,1.5,79,7.7,4.42,Jinja,0.42,33.2
2021-01-24,22.2,2.3,81,10.0,4.3,Jinja,0.42,33.2
2021-01-25,22.2,2.1,82,12.0,3.9,Jinja,0.42,33.2
2021-01-26,22.4,1.7,81,14.3,4.04,Jinja,0.42,33.2
2021-01-27,22.6,0.2,78,14.3,4.63,Jinja,0.42,33.2
2021-01-28,23.1,0.0,76,14.2,4.82,Jinja,0.42,33.2
2021-01-29,22.7,0.4,82,11.7,4.49,Jinja,0.42,33.2
2021-01-30,22.9,2.2,81,16.9,3.76,Jinja,0.42,33.2
2021-01-31,23.0,1.1,81,14.8,4.26,Jinja,0.42,33.2
2021-02-01,22.7,0.0,70,15.9,5.45,Jinja,0.42,33.2
2021-02-02,22.8,0.0,80,18.5,4.59,Jinja,0.42,33.2
2021-02-03,23.4,0.6,79,15.7,4.85,Jinja,0.42,33.2
2021-02-04,23.4,3.1,78,15.2,4.35,Jinja,0.42,33.2
2021-02-05,22.8,0.4,84,16.0,4.02,Jinja,0.42,33.2
2021-02-06,23.1,0.0,73,16.2,5.11,Jinja,0.42,33.2
2021-02-07,23.5,0.0,68,8.2,5.04,Jinja,0.42,33.2
2021-02-08,23.6,0.0,62,12.2,5.49,Jinja,0.42,33.2
2021-02-09,23.4,0.2,71,14.4,4.74,Jinja,0.42,33.2
2021-02-10,23.2,4.0,82,12.6,3.99,Jinja,0.42,33.2
2021-02-11,21.7,22.8,87,14.2,2.19,Jinja,0.42,33.2
2021-02-12,22.7,2.3,83,11.8,3.96,Jinja,0.42,33.2
2021-02-13,22.3,4.0,86,17.5,3.31,Jinja,0.42,33.2
2021-02-14,23.6,1.0,77,15.3,3.84,Jinja,0.42,33.2
2021-02-15,24.1,0.0,75,12.6,4.69,Jinja,0.42,33.2
2021-02-16,22.9,1.0,82,15.5,3.22,Jinja,0.42,33.2
2021-02-17,23.5,0.2,78,15.7,4.24,Jinja,0.42,33.2
2021-02-18,22.7,10.4,83,12.3,3.63,Jinja,0.42,33.2
2021-02-19,22.5,0.5,76,11.3,4.48,Jinja,0.42,33.2
2021-02-20,23.3,0.0,68,10.4,5.35,Jinja,0.42,33.2
2021-02-21,22.7,0.0,60,19.1,5.44,Jinja,0.42,33.2
2021-02-22,22.1,6.8,78,18.4,3.46,Jinja,0.42,33.2
2021-02-23,22.5,2.8,79,16.3,4.08,Jinja,0.42,33.2
2021-02-24,22.5,1.1,76,13.8,4.02,Jinja,0.42,33.2
2021-02-25,23.1,1.0,77,16.0,4.57,Jinja,0.42,33.2
2021-02-26,23.0,0.9,79,16.3,4.2,Jinja,0.42,33.2
2021-02-27,22.9,2.4,80,11.3,4.42,Jinja,0.42,33.2
2021-02-28,23.7,0.2,76,13.2,4.86,Jinja,0.42,33.2
2021-03-01,24.4,0.1,74,16.5,5.0,Jinja,0.42,33.2
2021-03-02,24.5,0.0,70,19.5,5.45,Jinja,0.42,33.2
2021-03-03,23.4,3.8,82,17.2,3.71,Jinja,0.42,33.2
2021-03-04,22.8,3.8,81,19.1,3.58,Jinja,0.42,33.2
2021-03-05,22.9,8.0,82,15.9,3.6,Jinja,0.42,33.2
2021-03-06,22.8,9.5,80,18.5,3.88,Jinja,0.42,33.2
2021-03-07,22.9,1.3,81,18.6,4.36,Jinja,0.42,33.2
2021-03-08,22.0,5.5,84,16.8,3.84,Jinja,0.42,33.2
2021-03-09,21.6,10.3,84,17.8,3.96,Jinja,0.42,33.2
2021-03-10,22.6,4.8,80,15.8,4.63,Jinja,0.42,33.2
2021-03-11,24.0,0.0,73,14.6,5.27,Jinja,0.42,33.2
2021-03-12,23.6,0.0,69,18.2,5.61,Jinja,0.42,33.2
2021-03-13,24.3,0.0,69,15.6,5.57,Jinja,0.42,33.2
2021-03-14,24.3,0.1,71,15.2,5.27,Jinja,0.42,33.2
2021-03-15,23.3,2.1,79,17.4,4.33,Jinja,0.42,33.2
2021-03-16,22.4,6.5,83,14.0,3.77,Jinja,0.42,33.2
2021-03-17,22.3,0.7,82,16.9,4.07,Jinja,0.42,33.2
2021-03-18,21.4,4.9,87,11.6,3.78,Jinja,0.42,33.2
2021-03-19,23.0,0.1,79,13.8,4.91,Jinja,0.42,33.2
2021-03-20,22.5,0.1,80,15.0,3.98,Jinja,0.42,33.2
2021-03-21,23.1,0.9,77,13.4,4.22,Jinja,0.42,33.2
2021-03-22,22.8,6.0,80,12.0,4.21,Jinja,0.42,33.2
2021-03-23,23.5,0.1,77,15.0,4.86,Jinja,0.42,33.2
2021-03-24,23.3,0.2,77,13.8,4.9,Jinja,0.42,33.2
2021-03-25,24.0,0.0,73,18.1,5.34,Jinja,0.42,33.2
2021-03-26,23.0,0.6,80,16.3,4.24,Jinja,0.42,33.2
2021-03-27,21.5,3.1,77,12.7,2.87,Jinja,0.42,33.2
2021-03-28,22.7,1.0,74,13.7,4.55,Jinja,0.42,33.2
2021-03-29,22.7,1.6,79,12.2,4.69,Jinja,0.42,33.2
2021-03-30,20.4,15.3,88,13.0,2.73,Jinja,0.42,33.2
2021-03-31,21.1,7.8,84,16.2,3.51,Jinja,0.42,33.2
2021-04-01,21.7,1.7,84,16.0,4.21,Jinja,0.42,33.2
2021-04-02,21.1,20.8,88,10.9,3.88,Jinja,0.42,33.2
2021-04-03,21.7,8.2,86,13.3,3.89,Jinja,0.42,33.2
2021-04-04,22.1,5.7,85,13.4,3.48,Jinja,0.42,33.2
2021-04-05,21.6,1.4,86,19.7,3.27,Jinja,0.42,33.2
2021-04-06,21.7,20.8,86,12.9,3.15,Jinja,0.42,33.2
2021-04-07,22.7,4.5,81,10.1,4.49,Jinja,0.42,33.2
2021-04-08,22.1,15.5,86,15.5,3.94,Jinja,0.42,33.2
2021-04-09,22.2,5.3,84,18.8,3.68,Jinja,0.42,33.2
2021-04-10,22.2,0.5,82,14.2,3.88,Jinja,0.42,33.2
2021-04-11,21.9,2.6,81,23.0,3.84,Jinja,0.42,33.2
2021-04-12,22.2,1.1,83,14.4,3.79,Jinja,0.42,33.2
2021-04-13,21.1,37.6,89,7.3,2.7,Jinja,0.42,33.2
2021-04-14,21.4,5.4,85,12.3,3.13,Jinja,0.42,33.2
2021-04-15,22.1,1.3,82,16.3,4.01,Jinja,0.42,33.2
2021-04-16,22.2,2.7,85,15.8,3.5,Jinja,0.42,33.2
2021-04-17,22.3,1.4,83,15.3,4.12,Jinja,0.42,33.2
2021-04-18,22.0,1.9,85,13.6,3.9,Jinja,0.42,33.2
2021-04-19,21.7,11.7,87,13.7,3.52,Jinja,0.42,33.2
2021-04-20,21.3,19.2,88,14.7,2.65,Jinja,0.42,33.2
2021-04-21,21.4,5.8,86,18.2,2.82,Jinja,0.42,33.2
2021-04-22,21.3,13.2,86,14.7,2.83,Jinja,0.42,33.2
2021-04-23,21.4,4.6,87,15.3,3.17,Jinja,0.42,33.2
2021-04-24,21.5,6.0,88,16.8,2.81,Jinja,0.42,33.2
2021-04-25,20.5,11.7,90,12.7,1.67,Jinja,0.42,33.2
2021-04-26,21.0,0.4,84,9.9,4.32,Jinja,0.42,33.2
2021-04-27,21.8,0.1,82,10.5,4.51,Jinja,0.42,33.2
2021-04-28,22.3,8.2,85,12.1,3.54,Jinja,0.42,33.2
2021-04-29,21.9,3.7,87,14.1,3.69,Jinja,0.42,33.2
2021-04-30,21.8,3.1,86,8.9,3.94,Jinja,0.42,33.2
2021-05-01,21.6,1.8,86,12.9,3.54,Jinja,0.42,33.2
2021-05-02,21.1,1.2,87,17.4,3.2,Jinja,0.42,33.2
2021-05-03,21.3,6.3,89,10.6,3.18,Jinja,0.42,33.2
2021-05-04,21.7,0.3,85,12.5,2.92,Jinja,0.42,33.2
2021-05-05,21.4,7.2,87,11.7,3.56,Jinja,0.42,33.2
2021-05-06,21.4,2.9,86,10.3,3.38,Jinja,0.42,33.2
2021-05-07,20.9,6.7,86,12.9,3.18,Jinja,0.42,33.2
2021-05-08,20.3,4.1,88,12.0,2.33,Jinja,0.42,33.2
2021-05-09,19.9,12.2,92,11.1,2.22,Jinja,0.42,33.2
2021-05-10,19.5,3.2,89,13.3,2.34,Jinja,0.42,33.2
2021-05-11,19.9,6.7,89,10.6,3.57,Jinja,0.42,33.2
2021-05-12,19.6,0.9,88,7.0,2.48,Jinja,0.42,33.2
2021-05-13,20.7,0.0,81,9.1,4.52,Jinja,0.42,33.2
2021-05-14,21.7,5.0,86,9.4,3.46,Jinja,0.42,33.2
2021-05-15,20.6,16.3,91,12.8,2.11,Jinja,0.42,33.2
2021-05-16,21.7,0.5,86,13.0,3.95,Jinja,0.42,33.2
2021-05-17,22.4,0.8,84,13.8,4.01,Jinja,0.42,33.2
2021-05-18,22.0,4.9,86,16.8,3.44,Jinja,0.42,33.2
2021-05-19,21.7,11.5,89,11.1,2.96,Jinja,0.42,33.2
2021-05-20,21.6,1.7,89,8.4,3.36,Jinja,0.42,33.2
2021-05-21,22.1,1.2,85,14.5,3.42,Jinja,0.42,33.2
2021-05-22,22.1,1.3,87,13.3,3.65,Jinja,0.42,33.2
2021-05-23,22.4,2.3,81,19.4,3.79,Jinja,0.42,33.2
2021-05-24,22.1,4.1,77,16.4,3.85,Jinja,0.42,33.2
2021-05-25,21.7,2.5,82,13.4,3.82,Jinja,0.42,33.2
2021-05-26,22.4,0.9,77,14.2,3.7,Jinja,0.42,33.2
2021-05-27,22.3,0.6,81,15.1,3.93,Jinja,0.42,33.2
2021-05-28,21.6,1.3,84,11.4,3.55,Jinja,0.42,33.2
2021-05-29,22.1,0.5,83,13.9,3.93,Jinja,0.42,33.2
2021-05-30,22.4,1.0,82,9.7,3.88,Jinja,0.42,33.2
2021-05-31,23.2,1.3,79,15.5,4.04,Jinja,0.42,33.2
2021-06-01,22.4,0.8,78,18.5,3.6,Jinja,0.42,33.2
2021-06-02,22.5,0.1,76,14.1,4.08,Jinja,0.42,33.2
2021-06-03,21.7,0.9,84,15.2,3.2,Jinja,0.42,33.2
2021-06-04,21.8,0.2,84,9.4,3.41,Jinja,0.42,33.2
2021-06-05,21.5,6.6,87,10.0,3.53,Jinja,0.42,33.2
2021-06-06,21.9,2.6,83,13.4,3.23,Jinja,0.42,33.2
2021-06-07,21.9,1.6,81,11.8,4.04,Jinja,0.42,33.2
2021-06-08,22.1,0.9,77,14.8,3.98,Jinja,0.42,33.2
2021-06-09,21.9,0.0,75,15.0,4.38,Jinja,0.42,33.2
2021-06-10,21.6,0.4,79,17.0,4.06,Jinja,0.42,33.2
2021-06-11,21.5,0.6,78,19.2,3.79,Jinja,0.42,33.2
2021-06-12,21.9,0.6,79,14.9,3.82,Jinja,0.42,33.2
2021-06-13,22.1,0.0,74,17.7,4.12,Jinja,0.42,33.2
2021-06-14,21.9,0.0,75,14.9,4.29,Jinja,0.42,33.2
2021-06-15,21.5,0.0,77,12.6,4.23,Jinja,0.42,33.2
2021-06-16,21.4,0.1,82,14.4,3.69,Jinja,0.42,33.2
2021-06-17,21.1,7.9,85,19.1,3.4,Jinja,0.42,33.2
2021-06-18,20.5,8.7,89,9.9,2.88,Jinja,0.42,33.2
2021-06-19,20.7,7.0,85,14.5,3.24,Jinja,0.42,33.2
2021-06-20,21.1,1.9,84,11.3,3.37,Jinja,0.42,33.2
2021-06-21,20.9,4.2,82,15.5,3.39,Jinja,0.42,33.2
2021-06-22,21.8,0.0,72,15.8,4.43,Jinja,0.42,33.2
2021-06-23,21.3,0.6,80,14.9,3.86,Jinja,0.42,33.2
2021-06-24,21.2,0.0,79,13.4,4.17,Jinja,0.42,33.2
2021-06-25,21.0,1.0,80,12.4,3.6,Jinja,0.42,33.2
2021-06-26,21.6,0.3,79,14.8,3.79,Jinja,0.42,33.2
2021-06-27,21.8,0.1,76,14.8,4.03,Jinja,0.42,33.2
2021-06-28,21.7,0.5,80,14.3,3.4,Jinja,0.42,33.2
2021-06-29,21.5,1.3,75,19.1,3.79,Jinja,0.42,33.2
2021-06-30,20.1,8.2,83,14.2,3.12,Jinja,0.42,33.2
2021-07-01,20.7,0.0,81,10.5,3.95,Jinja,0.42,33.2
2021-07-02,21.3,0.3,81,10.0,3.97,Jinja,0.42,33.2
2021-07-03,21.2,0.9,81,11.6,4.04,Jinja,0.42,33.2
2021-07-04,21.6,4.9,80,12.6,3.72,Jinja,0.42,33.2
2021-07-05,22.3,0.0,74,16.4,4.15,Jinja,0.42,33.2
2021-07-06,20.9,4.1,80,18.4,3.63,Jinja,0.42,33.2
2021-07-07,20.4,1.0,78,13.1,3.82,Jinja,0.42,33.2
2021-07-08,20.1,10.8,86,10.3,3.29,Jinja,0.42,33.2
2021-07-09,20.1,7.6,84,15.6,3.33,Jinja,0.42,33.2
2021-07-10,21.5,0.0,71,15.8,4.02,Jinja,0.42,33.2
2021-07-11,21.0,1.6,77,16.1,3.55,Jinja,0.42,33.2
2021-07-12,20.4,0.5,81,8.3,2.04,Jinja,0.42,33.2
2021-07-13,20.6,0.1,79,12.8,3.71,Jinja,0.42,33.2
2021-07-14,20.6,0.9,83,11.4,3.6,Jinja,0.42,33.2
2021-07-15,20.4,9.5,85,11.5,3.24,Jinja,0.42,33.2
2021-07-16,19.8,15.2,88,13.0,2.9,Jinja,0.42,33.2
2021-07-17,20.8,0.3,77,22.4,4.0,Jinja,0.42,33.2
2021-07-18,21.2,0.0,72,20.6,4.29,Jinja,0.42,33.2
2021-07-19,21.8,0.2,73,15.9,4.28,Jinja,0.42,33.2
2021-07-20,21.1,0.5,77,13.1,3.96,Jinja,0.42,33.2
2021-07-21,21.3,0.1,79,13.4,4.14,Jinja,0.42,33.2
2021-07-22,21.8,0.1,74,14.8,4.4,Jinja,0.42,33.2
2021-07-23,21.8,0.2,72,17.6,4.3,Jinja,0.42,33.2
2021-07-24,21.3,0.0,69,24.5,4.27,Jinja,0.42,33.2
2021-07-25,21.3,0.0,71,19.8,4.07,Jinja,0.42,33.2
2021-07-26,21.4,0.0,64,24.1,4.98,Jinja,0.42,33.2
2021-07-27,21.1,0.0,72,20.8,3.84,Jinja,0.42,33.2
2021-07-28,21.5,0.2,74,14.5,3.94,Jinja,0.42,33.2
2021-07-29,21.3,0.3,80,12.4,3.83,Jinja,0.42,33.2
2021-07-30,21.0,0.0,81,14.0,3.9,Jinja,0.42,33.2
2021-07-31,21.3,0.1,76,22.3,4.07,Jinja,0.42,33.2
2021-08-01,20.6,0.0,74,19.5,4.05,Jinja,0.42,33.2
2021-08-02,20.8,0.4,76,14.1,3.29,Jinja,0.42,33.2
2021-08-03,21.7,0.0,72,18.6,4.69,Jinja,0.42,33.2
2021-08-04,22.7,0.1,72,12.1,4.61,Jinja,0.42,33.2
2021-08-05,21.7,0.7,80,13.0,3.94,Jinja,0.42,33.2
2021-08-06,22.1,0.8,79,10.5,3.93,Jinja,0.42,33.2
2021-08-07,22.0,0.6,78,12.9,4.07,Jinja,0.42,33.2
2021-08-08,22.3,1.2,74,14.8,4.26,Jinja,0.42,33.2
2021-08-09,20.9,4.3,84,21.0,3.0,Jinja,0.42,33.2
2021-08-10,20.9,1.3,85,11.6,3.54,Jinja,0.42,33.2
2021-08-11,21.0,3.0,86,15.1,3.65,Jinja,0.42,33.2
2021-08-12,21.2,4.1,83,15.1,3.86,Jinja,0.42,33.2
2021-08-13,21.8,8.2,82,13.0,4.0,Jinja,0.42,33.2
2021-08-14,20.0,34.3,90,14.2,2.23,Jinja,0.42,33.2
2021-08-15,20.1,2.7,85,9.1,3.48,Jinja,0.42,33.2
2021-08-16,20.9,0.1,78,13.7,4.26,Jinja,0.42,33.2
2021-08-17,21.5,0.0,79,13.1,4.15,Jinja,0.42,33.2
2021-08-18,21.5,3.4,81,11.7,4.26,Jinja,0.42,33.2
2021-08-19,21.2,9.3,84,10.2,3.76,Jinja,0.42,33.2
2021-08-20,21.1,3.8,83,17.5,3.97,Jinja,0.42,33.2
2021-08-21,20.9,0.7,83,11.9,3.94,Jinja,0.42,33.2
2021-08-22,21.3,1.0,81,8.0,3.58,Jinja,0.42,33.2
2021-08-23,20.6,0.3,83,14.8,4.19,Jinja,0.42,33.2
2021-08-24,21.4,0.1,79,14.0,4.15,Jinja,0.42,33.2
2021-08-25,21.9,0.0,76,14.1,4.53,Jinja,0.42,33.2
2021-08-26,22.3,0.0,74,9.3,4.86,Jinja,0.42,33.2
2021-08-27,22.5,0.2,73,13.1,4.76,Jinja,0.42,33.2
2021-08-28,22.2,0.2,78,17.0,4.28,Jinja,0.42,33.2
2021-08-29,23.0,0.0,69,14.5,4.99,Jinja,0.42,33.2
2021-08-30,22.5,0.2,74,21.7,4.55,Jinja,0.42,33.2
2021-08-31,22.5,0.3,79,11.2,4.38,Jinja,0.42,33.2
2021-09-01,20.8,7.1,89,18.7,2.36,Jinja,0.42,33.2
2021-09-02,21.4,0.0,81,14.1,2.94,Jinja,0.42,33.2
2021-09-03,20.4,3.9,87,9.2,3.34,Jinja,0.42,33.2
2021-09-04,21.2,6.6,84,14.5,3.97,Jinja,0.42,33.2
2021-09-05,21.1,1.2,87,13.2,3.02,Jinja,0.42,33.2
2021-09-06,21.4,1.8,84,17.6,3.85,Jinja,0.42,33.2
2021-09-07,21.8,2.8,82,12.6,4.25,Jinja,0.42,33.2
2021-09-08,20.7,28.3,89,15.5,3.27,Jinja,0.42,33.2
2021-09-09,20.9,0.9,86,13.8,3.25,Jinja,0.42,33.2
2021-09-10,21.4,0.7,83,13.8,4.11,Jinja,0.42,33.2
2021-09-11,21.1,1.8,82,15.1,3.95,Jinja,0.42,33.2
2021-09-12,20.3,5.8,85,15.7,2.75,Jinja,0.42,33.2
2021-09-13,21.5,1.1,79,8.7,4.48,Jinja,0.42,33.2
2021-09-14,21.8,0.6,80,12.0,4.52,Jinja,0.42,33.2
2021-09-15,23.1,0.1,77,15.2,4.59,Jinja,0.42,33.2
2021-09-16,21.6,1.9,87,11.5,3.66,Jinja,0.42,33.2
2021-09-17,21.8,4.7,86,10.8,3.85,Jinja,0.42,33.2
2021-09-18,19.9,7.3,92,18.5,2.21,Jinja,0.42,33.2
2021-09-19,20.8,0.2,85,12.0,3.56,Jinja,0.42,33.2
2021-09-20,21.8,0.0,79,13.4,4.06,Jinja,0.42,33.2
2021-09-21,22.0,7.0,85,15.1,4.38,Jinja,0.42,33.2
2021-09-22,21.0,6.0,86,16.0,3.69,Jinja,0.42,33.2
2021-09-23,22.0,0.7,80,10.8,4.63,Jinja,0.42,33.2
2021-09-24,21.2,6.7,82,14.5,3.14,Jinja,0.42,33.2
2021-09-25,20.6,8.9,89,12.6,2.85,Jinja,0.42,33.2
2021-09-26,21.3,0.9,83,10.7,4.19,Jinja,0.42,33.2
2021-09-27,21.7,3.5,83,10.0,4.57,Jinja,0.42,33.2
2021-09-28,22.4,1.1,80,9.3,4.44,Jinja,0.42,33.2
2021-09-29,23.0,0.1,78,12.8,4.99,Jinja,0.42,33.2
2021-09-30,22.2,0.8,81,14.8,3.91,Jinja,0.42,33.2
2021-10-01,21.6,3.7,85,12.4,3.81,Jinja,0.42,33.2
2021-10-02,21.8,0.1,83,11.1,3.25,Jinja,0.42,33.2
2021-10-03,21.2,0.3,86,18.7,2.71,Jinja,0.42,33.2
2021-10-04,21.7,0.9,85,11.5,4.12,Jinja,0.42,33.2
2021-10-05,22.0,0.8,83,13.8,4.31,Jinja,0.42,33.2
2021-10-06,22.1,1.4,83,11.4,4.28,Jinja,0.42,33.2
2021-10-07,22.0,0.5,84,11.6,4.31,Jinja,0.42,33.2
2021-10-08,22.9,6.0,78,16.2,4.59,Jinja,0.42,33.2
2021-10-09,23.2,0.6,76,9.4,4.14,Jinja,0.42,33.2
2021-10-10,23.3,0.2,79,11.4,4.92,Jinja,0.42,33.2
2021-10-11,22.3,4.1,84,14.9,3.48,Jinja,0.42,33.2
2021-10-12,20.8,7.1,86,13.0,2.9,Jinja,0.42,33.2
2021-10-13,21.2,2.3,82,13.9,4.43,Jinja,0.42,33.2
2021-10-14,22.8,0.8,74,9.0,5.1,Jinja,0.42,33.2
2021-10-15,21.7,23.4,82,17.5,4.31,Jinja,0.42,33.2
2021-10-16,22.6,5.3,79,11.0,4.25,Jinja,0.42,33.2
2021-10-17,22.0,4.3,80,11.3,4.07,Jinja,0.42,33.2
2021-10-18,22.6,4.5,82,10.4,4.43,Jinja,0.42,33.2
2021-10-19,22.3,1.6,82,17.0,3.97,Jinja,0.42,33.2
2021-10-20,22.0,9.7,84,20.2,4.05,Jinja,0.42,33.2
2021-10-21,21.4,16.2,86,10.0,3.41,Jinja,0.42,33.2
2021-10-22,21.4,17.8,85,11.2,4.15,Jinja,0.42,33.2
2021-10-23,22.7,1.7,80,15.0,4.92,Jinja,0.42,33.2
2021-10-24,23.6,0.0,73,10.5,5.31,Jinja,0.42,33.2
2021-10-25,22.7,0.0,75,16.1,5.1,Jinja,0.42,33.2
2021-10-26,22.7,0.0,78,14.1,4.9,Jinja,0.42,33.2
2021-10-27,23.3,0.1,75,11.4,4.92,Jinja,0.42,33.2
2021-10-28,22.0,6.6,80,15.5,4.52,Jinja,0.42,33.2
2021-10-29,22.2,2.9,80,12.4,4.27,Jinja,0.42,33.2
2021-10-30,22.3,2.7,83,14.7,4.19,Jinja,0.42,33.2
2021-10-31,22.8,1.6,80,11.3,4.7,Jinja,0.42,33.2
2021-11-01,23.2,0.2,79,13.8,4.73,Jinja,0.42,33.2
2021-11-02,22.2,0.8,81,11.5,3.33,Jinja,0.42,33.2
2021-11-03,21.3,5.4,84,15.3,3.44,Jinja,0.42,33.2
2021-11-04,21.9,2.9,82,12.0,3.31,Jinja,0.42,33.2
2021-11-05,21.4,11.9,84,13.0,3.59,Jinja,0.42,33.2
2021-11-06,22.5,0.1,82,11.2,4.3,Jinja,0.42,33.2
2021-11-07,22.4,0.4,77,14.9,4.63,Jinja,0.42,33.2
2021-11-08,23.0,0.2,76,11.7,4.57,Jinja,0.42,33.2
2021-11-09,23.6,0.0,69,16.5,5.16,Jinja,0.42,33.2
2021-11-10,23.1,0.0,72,13.7,5.04,Jinja,0.42,33.2
2021-11-11,23.3,0.0,79,11.6,4.09,Jinja,0.42,33.2
2021-11-12,22.8,0.0,75,14.4,4.22,Jinja,0.42,33.2
2021-11-13,23.3,0.0,70,11.8,4.95,Jinja,0.42,33.2
2021-11-14,22.8,0.0,73,14.0,4.91,Jinja,0.42,33.2
2021-11-15,22.9,0.0,74,15.0,4.99,Jinja,0.42,33.2
2021-11-16,23.5,3.5,74,15.0,4.37,Jinja,0.42,33.2
2021-11-17,23.6,0.3,75,15.3,4.9,Jinja,0.42,33.2
2021-11-18,22.3,0.5,78,15.9,4.39,Jinja,0.42,33.2
2021-11-19,22.3,2.5,80,16.2,4.63,Jinja,0.42,33.2
2021-11-20,23.0,0.1,79,13.6,4.7,Jinja,0.42,33.2
2021-11-21,22.6,3.6,81,17.9,3.78,Jinja,0.42,33.2
2021-11-22,21.7,11.2,82,19.3,4.06,Jinja,0.42,33.2
2021-11-23,22.8,0.0,74,12.0,4.9,Jinja,0.42,33.2
2021-11-24,22.9,0.0,75,10.2,4.85,Jinja,0.42,33.2
2021-11-25,23.0,2.9,74,19.5,4.69,Jinja,0.42,33.2
2021-11-26,21.2,12.4,84,19.2,2.44,Jinja,0.42,33.2
2021-11-27,21.2,2.8,84,14.6,3.16,Jinja,0.42,33.2
2021-11-28,21.9,0.7,81,8.0,4.12,Jinja,0.42,33.2
2021-11-29,22.4,0.2,81,10.5,4.22,Jinja,0.42,33.2
2021-11-30,21.8,12.8,83,10.5,3.63,Jinja,0.42,33.2
2021-12-01,22.4,3.4,81,11.5,3.37,Jinja,0.42,33.2
2021-12-02,22.4,1.4,83,15.1,3.62,Jinja,0.42,33.2
2021-12-03,23.0,14.2,79,12.2,3.65,Jinja,0.42,33.2
2021-12-04,23.4,0.1,75,10.8,4.7,Jinja,0.42,33.2
2021-12-05,23.3,0.0,76,12.3,4.66,Jinja,0.42,33.2
2021-12-06,23.0,0.3,79,12.7,4.66,Jinja,0.42,33.2
2021-12-07,23.2,0.1,76,13.1,4.69,Jinja,0.42,33.2
2021-12-08,23.4,0.5,76,12.2,4.48,Jinja,0.42,33.2
2021-12-09,22.8,1.4,80,13.7,3.54,Jinja,0.42,33.2
2021-12-10,23.1,2.1,79,15.3,3.9,Jinja,0.42,33.2
2021-12-11,23.0,3.8,76,12.8,4.7,Jinja,0.42,33.2
2021-12-12,22.6,0.0,64,22.0,5.38,Jinja,0.42,33.2
2021-12-13,22.7,0.1,74,15.5,4.75,Jinja,0.42,33.2
2021-12-14,23.2,0.7,79,13.0,4.23,Jinja,0.42,33.2
2021-12-15,22.8,13.3,82,11.8,3.73,Jinja,0.42,33.2
2021-12-16,23.2,0.0,80,14.8,4.42,Jinja,0.42,33.2
2021-12-17,22.7,1.3,78,17.0,4.49,Jinja,0.42,33.2
2021-12-18,22.8,0.8,79,13.7,4.44,Jinja,0.42,33.2
2021-12-19,21.4,11.9,87,11.9,3.25,Jinja,0.42,33.2
2021-12-20,23.1,3.1,81,10.8,4.13,Jinja,0.42,33.2
2021-12-21,22.3,1.3,83,19.5,4.25,Jinja,0.42,33.2
2021-12-22,23.0,2.3,80,10.8,3.93,Jinja,0.42,33.2
2021-12-23,23.1,1.8,80,14.3,4.27,Jinja,0.42,33.2
2021-12-24,22.8,0.5,81,14.2,3.21,Jinja,0.42,33.2
2021-12-25,22.8,3.5,80,11.2,3.84,Jinja,0.42,33.2
2021-12-26,22.0,23.9,84,13.4,3.13,Jinja,0.42,33.2
2021-12-27,23.1,9.6,76,13.8,4.46,Jinja,0.42,33.2
2021-12-28,22.5,0.5,79,16.7,4.25,Jinja,0.42,33.2
2021-12-29,22.9,0.8,80,13.9,3.83,Jinja,0.42,33.2
2021-12-30,22.9,0.2,79,10.4,3.63,Jinja,0.42,33.2
2021-12-31,20.8,22.1,88,15.9,2.77,Jinja,0.42,33.2
2020-01-01,24.9,0.0,48,19.1,6.04,Gulu,2.77,32.3
2020-01-02,24.7,0.0,49,18.8,5.72,Gulu,2.77,32.3
2020-01-03,25.3,0.0,49,19.3,5.71,Gulu,2.77,32.3
2020-01-04,24.7,0.0,53,17.8,5.38,Gulu,2.77,32.3
2020-01-05,24.0,0.6,61,13.4,4.5,Gulu,2.77,32.3
2020-01-06,23.6,0.5,59,13.5,4.46,Gulu,2.77,32.3
2020-01-07,24.5,1.0,59,14.7,4.5,Gulu,2.77,32.3
2020-01-08,24.8,0.4,59,19.7,5.09,Gulu,2.77,32.3
2020-01-09,24.7,0.0,57,13.7,5.02,Gulu,2.77,32.3
2020-01-10,23.9,0.4,62,12.4,4.74,Gulu,2.77,32.3
2020-01-11,24.1,0.0,35,16.3,6.24,Gulu,2.77,32.3
2020-01-12,22.9,0.0,32,13.6,6.0,Gulu,2.77,32.3
2020-01-13,23.3,0.0,34,11.8,5.5,Gulu,2.77,32.3
2020-01-14,24.4,0.0,44,10.2,5.64,Gulu,2.77,32.3
2020-01-15,25.4,0.0,48,13.0,5.35,Gulu,2.77,32.3
2020-01-16,26.5,0.0,46,17.4,5.91,Gulu,2.77,32.3
2020-01-17,26.6,0.0,47,12.5,5.59,Gulu,2.77,32.3
2020-01-18,26.1,0.0,49,12.5,5.48,Gulu,2.77,32.3
2020-01-19,25.0,0.0,41,16.9,6.51,Gulu,2.77,32.3
2020-01-20,24.8,0.0,33,16.0,6.63,Gulu,2.77,32.3
2020-01-21,24.9,0.0,35,17.9,6.52,Gulu,2.77,32.3
2020-01-22,24.9,0.0,34,17.6,6.53,Gulu,2.77,32.3
2020-01-23,24.4,0.0,30,18.2,6.86,Gulu,2.77,32.3
2020-01-24,24.9,0.0,28,17.8,6.8,Gulu,2.77,32.3
2020-01-25,25.8,0.0,35,13.6,5.99,Gulu,2.77,32.3
2020-01-26,25.2,1.1,47,15.0,5.58,Gulu,2.77,32.3
2020-01-27,24.3,1.9,68,14.3,3.92,Gulu,2.77,32.3
2020-01-28,22.5,7.4,81,10.0,2.89,Gulu,2.77,32.3
2020-01-29,21.8,5.6,84,12.9,2.61,Gulu,2.77,32.3
2020-01-30,22.2,0.7,78,15.3,3.12,Gulu,2.77,32.3
2020-01-31,21.0,10.7,85,7.8,3.09,Gulu,2.77,32.3
2020-02-01,20.9,6.6,82,8.7,3.08,Gulu,2.77,32.3
2020-02-02,22.9,0.6,73,11.3,4.51,Gulu,2.77,32.3
2020-02-03,23.1,3.7,74,9.2,4.08,Gulu,2.77,32.3
2020-02-04,22.6,7.2,79,9.1,3.82,Gulu,2.77,32.3
2020-02-05,21.9,5.2,84,10.5,3.71,Gulu,2.77,32.3
2020-02-06,22.3,3.3,79,11.2,3.77,Gulu,2.77,32.3
2020-02-07,24.4,0.0,62,13.0,5.61,Gulu,2.77,32.3
2020-02-08,25.4,0.0,50,19.5,6.49,Gulu,2.77,32.3
2020-02-09,25.2,0.0,47,18.4,6.5,Gulu,2.77,32.3
2020-02-10,25.5,0.0,47,16.6,6.03,Gulu,2.77,32.3
2020-02-11,25.2,0.0,48,13.8,5.62,Gulu,2.77,32.3
2020-02-12,24.9,0.0,40,15.4,6.38,Gulu,2.77,32.3
2020-02-13,24.6,0.0,39,19.6,6.47,Gulu,2.77,32.3
2020-02-14,23.9,6.6,66,14.8,4.45,Gulu,2.77,32.3
2020-02-15,25.0,0.0,53,18.0,5.86,Gulu,2.77,32.3
2020-02-16,25.4,0.0,50,20.2,5.96,Gulu,2.77,32.3
2020-02-17,26.0,0.0,53,15.6,6.01,Gulu,2.77,32.3
2020-02-18,25.9,0.0,53,15.2,5.94,Gulu,2.77,32.3
2020-02-19,25.4,0.1,59,13.8,5.19,Gulu,2.77,32.3
2020-02-20,26.4,0.2,54,11.6,5.13,Gulu,2.77,32.3
2020-02-21,26.1,0.0,56,11.9,4.88,Gulu,2.77,32.3
2020-02-22,26.3,0.3,52,15.9,5.41,Gulu,2.77,32.3
2020-02-23,27.4,0.0,46,21.6,6.67,Gulu,2.77,32.3
2020-02-24,27.3,0.0,39,16.3,6.44,Gulu,2.77,32.3
2020-02-25,27.0,0.0,42,10.3,5.03,Gulu,2.77,32.3
2020-02-26,26.5,0.0,40,11.9,5.62,Gulu,2.77,32.3
2020-02-27,27.6,0.1,48,17.1,5.72,Gulu,2.77,32.3
2020-02-28,25.5,0.5,58,9.5,4.3,Gulu,2.77,32.3
2020-02-29,25.0,5.0,66,15.4,4.22,Gulu,2.77,32.3
2020-03-01,25.7,3.6,62,12.2,4.91,Gulu,2.77,32.3
2020-03-02,25.7,0.1,61,15.1,5.14,Gulu,2.77,32.3
2020-03-03,25.3,0.0,65,13.4,4.95,Gulu,2.77,32.3
2020-03-04,25.2,0.9,60,14.8,4.76,Gulu,2.77,32.3
2020-03-05,26.1,0.0,62,15.9,5.22,Gulu,2.77,32.3
2020-03-06,27.1,0.0,48,12.6,5.79,Gulu,2.77,32.3
2020-03-07,27.4,0.0,55,14.3,5.78,Gulu,2.77,32.3
2020-03-08,25.7,9.1,64,12.6,4.86,Gulu,2.77,32.3
2020-03-09,23.5,7.1,82,14.0,3.7,Gulu,2.77,32.3
2020-03-10,24.7,1.9,74,11.0,4.39,Gulu,2.77,32.3
2020-03-11,23.8,5.9,79,11.4,4.09,Gulu,2.77,32.3
2020-03-12,24.7,0.8,72,14.8,5.07,Gulu,2.77,32.3
2020-03-13,24.9,1.3,69,11.7,4.78,Gulu,2.77,32.3
2020-03-14,24.0,3.7,75,10.4,4.24,Gulu,2.77,32.3
2020-03-15,25.2,0.3,67,10.8,4.53,Gulu,2.77,32.3
2020-03-16,24.6,0.7,69,13.4,4.28,Gulu,2.77,32.3
2020-03-17,24.7,3.3,69,15.8,4.7,Gulu,2.77,32.3
2020-03-18,23.3,12.3,79,11.4,3.45,Gulu,2.77,32.3
2020-03-19,23.6,2.0,77,15.0,4.66,Gulu,2.77,32.3
2020-03-20,24.3,0.1,74,13.2,4.75,Gulu,2.77,32.3
2020-03-21,25.3,0.3,65,15.1,5.31,Gulu,2.77,32.3
2020-03-22,24.4,2.8,68,13.8,5.38,Gulu,2.77,32.3
2020-03-23,24.0,0.7,73,11.5,4.43,Gulu,2.77,32.3
2020-03-24,23.3,8.5,80,11.9,3.62,Gulu,2.77,32.3
2020-03-25,23.0,10.4,84,14.0,3.6,Gulu,2.77,32.3
2020-03-26,24.0,0.1,73,14.4,4.74,Gulu,2.77,32.3
2020-03-27,23.4,7.4,74,14.4,4.57,Gulu,2.77,32.3
2020-03-28,22.9,1.6,79,14.7,4.52,Gulu,2.77,32.3
2020-03-29,24.0,0.0,67,13.5,4.63,Gulu,2.77,32.3
2020-03-30,24.6,0.2,69,13.2,5.32,Gulu,2.77,32.3
2020-03-31,24.2,2.2,71,12.6,4.8,Gulu,2.77,32.3
2020-04-01,25.9,0.0,58,14.2,5.97,Gulu,2.77,32.3
2020-04-02,25.6,0.0,57,14.2,5.89,Gulu,2.77,32.3
2020-04-03,26.2,0.1,52,17.6,5.87,Gulu,2.77,32.3
2020-04-04,25.8,0.0,61,12.2,5.41,Gulu,2.77,32.3
2020-04-05,25.6,0.0,56,16.6,5.46,Gulu,2.77,32.3
2020-04-06,26.4,0.0,47,14.7,6.4,Gulu,2.77,32.3
2020-04-07,26.2,0.0,59,14.8,5.44,Gulu,2.77,32.3
2020-04-08,26.7,0.1,55,14.3,5.75,Gulu,2.77,32.3
2020-04-09,26.2,0.0,54,15.2,5.94,Gulu,2.77,32.3
2020-04-10,25.3,0.5,63,12.9,4.62,Gulu,2.77,32.3
2020-04-11,25.6,0.7,64,12.6,4.9,Gulu,2.77,32.3
2020-04-12,24.9,0.3,69,12.6,4.66,Gulu,2.77,32.3
2020-04-13,23.3,5.9,77,11.4,3.57,Gulu,2.77,32.3
2020-04-14,22.4,22.4,85,9.5,3.77,Gulu,2.77,32.3
2020-04-15,22.5,14.6,85,11.6,3.65,Gulu,2.77,32.3
2020-04-16,24.1,5.3,77,12.6,4.12,Gulu,2.77,32.3
2020-04-17,23.0,20.8,83,11.7,3.05,Gulu,2.77,32.3
2020-04-18,21.3,21.5,90,8.5,1.98,Gulu,2.77,32.3
2020-04-19,22.0,2.9,82,10.0,3.02,Gulu,2.77,32.3
2020-04-20,20.6,12.1,86,12.0,2.49,Gulu,2.77,32.3
2020-04-21,21.4,6.7,83,8.0,2.9,Gulu,2.77,32.3
2020-04-22,21.8,0.1,77,10.9,2.36,Gulu,2.77,32.3
2020-04-23,22.6,6.9,75,12.5,4.28,Gulu,2.77,32.3
2020-04-24,22.8,1.6,78,14.4,4.66,Gulu,2.77,32.3
2020-04-25,24.1,0.0,67,12.6,5.35,Gulu,2.77,32.3
2020-04-26,23.4,3.7,77,15.3,4.32,Gulu,2.77,32.3
2020-04-27,23.1,14.6,79,11.0,4.61,Gulu,2.77,32.3
2020-04-28,22.2,7.5,85,8.0,3.95,Gulu,2.77,32.3
2020-04-29,22.8,10.3,81,13.1,3.87,Gulu,2.77,32.3
2020-04-30,22.4,3.9,85,12.5,3.89,Gulu,2.77,32.3
2020-05-01,23.2,4.4,81,11.6,3.76,Gulu,2.77,32.3
2020-05-02,22.1,10.3,84,15.8,3.25,Gulu,2.77,32.3
2020-05-03,22.5,2.2,75,10.9,4.4,Gulu,2.77,32.3
2020-05-04,23.9,0.0,74,12.6,4.78,Gulu,2.77,32.3
2020-05-05,22.9,15.1,81,9.4,4.19,Gulu,2.77,32.3
2020-05-06,22.7,7.7,86,10.1,4.02,Gulu,2.77,32.3
2020-05-07,22.7,4.6,84,12.3,3.5,Gulu,2.77,32.3
2020-05-08,22.2,10.9,85,10.8,3.38,Gulu,2.77,32.3
2020-05-09,22.2,5.3,86,8.4,3.45,Gulu,2.77,32.3
2020-05-10,21.6,8.5,89,9.1,3.52,Gulu,2.77,32.3
2020-05-11,22.0,8.1,88,11.2,3.6,Gulu,2.77,32.3
2020-05-12,22.1,18.8,87,10.3,3.33,Gulu,2.77,32.3
2020-05-13,22.8,1.4,82,9.6,4.35,Gulu,2.77,32.3
2020-05-14,23.0,7.9,80,8.1,3.99,Gulu,2.77,32.3
2020-05-15,22.6,2.1,84,10.5,4.05,Gulu,2.77,32.3
2020-05-16,23.1,0.8,79,12.2,4.42,Gulu,2.77,32.3
2020-05-17,23.5,0.0,75,10.2,4.6,Gulu,2.77,32.3
2020-05-18,23.0,2.0,81,9.8,4.14,Gulu,2.77,32.3
2020-05-19,23.0,0.4,77,11.2,4.15,Gulu,2.77,32.3
2020-05-20,23.4,2.2,73,10.8,4.5,Gulu,2.77,32.3
2020-05-21,22.9,1.0,77,9.3,3.89,Gulu,2.77,32.3
2020-05-22,20.7,14.9,89,10.1,1.86,Gulu,2.77,32.3
2020-05-23,21.5,0.3,79,10.7,3.79,Gulu,2.77,32.3
2020-05-24,22.8,3.0,75,12.3,4.49,Gulu,2.77,32.3
2020-05-25,23.3,0.2,70,14.1,4.9,Gulu,2.77,32.3
2020-05-26,23.7,0.7,72,7.8,4.64,Gulu,2.77,32.3
2020-05-27,23.1,5.4,79,9.2,4.27,Gulu,2.77,32.3
2020-05-28,23.0,4.7,83,10.2,4.16,Gulu,2.77,32.3
2020-05-29,23.1,12.5,79,10.4,4.28,Gulu,2.77,32.3
2020-05-30,22.5,5.6,84,6.6,3.87,Gulu,2.77,32.3
2020-05-31,22.9,1.7,81,10.2,3.63,Gulu,2.77,32.3
2020-06-01,23.1,0.4,76,9.1,4.26,Gulu,2.77,32.3
2020-06-02,22.9,1.0,77,11.6,4.07,Gulu,2.77,32.3
2020-06-03,23.1,0.6,73,10.2,4.14,Gulu,2.77,32.3
2020-06-04,22.1,0.3,78,9.7,3.81,Gulu,2.77,32.3
2020-06-05,22.8,0.3,75,9.8,3.76,Gulu,2.77,32.3
2020-06-06,22.1,11.2,80,10.1,3.03,Gulu,2.77,32.3
2020-06-07,23.4,0.3,70,7.4,4.29,Gulu,2.77,32.3
2020-06-08,21.6,1.9,81,15.0,3.65,Gulu,2.77,32.3
2020-06-09,21.7,2.5,83,9.5,3.44,Gulu,2.77,32.3
2020-06-10,21.7,4.6,83,9.8,2.89,Gulu,2.77,32.3
2020-06-11,20.9,5.7,85,12.2,3.31,Gulu,2.77,32.3
2020-06-12,20.6,16.0,89,8.0,2.74,Gulu,2.77,32.3
2020-06-13,21.5,8.1,85,11.6,3.84,Gulu,2.77,32.3
2020-06-14,21.9,0.5,80,12.0,3.99,Gulu,2.77,32.3
2020-06-15,22.0,0.4,81,7.5,3.71,Gulu,2.77,32.3
2020-06-16,22.7,0.0,73,12.8,4.53,Gulu,2.77,32.3
2020-06-17,22.9,1.2,71,14.0,4.37,Gulu,2.77,32.3
2020-06-18,23.0,0.8,64,10.2,4.16,Gulu,2.77,32.3
2020-06-19,22.3,2.8,74,6.3,3.9,Gulu,2.77,32.3
2020-06-20,22.3,3.4,76,9.4,3.46,Gulu,2.77,32.3
2020-06-21,22.2,4.6,79,11.0,3.99,Gulu,2.77,32.3
2020-06-22,21.5,4.4,83,7.2,3.55,Gulu,2.77,32.3
2020-06-23,22.4,0.4,77,8.6,3.99,Gulu,2.77,32.3
2020-06-24,22.9,0.4,74,12.3,4.47,Gulu,2.77,32.3
2020-06-25,22.1,3.0,82,8.3,3.63,Gulu,2.77,32.3
2020-06-26,21.1,6.7,85,11.3,3.18,Gulu,2.77,32.3
2020-06-27,21.7,2.4,82,10.2,3.63,Gulu,2.77,32.3
2020-06-28,22.5,1.7,77,9.4,4.06,Gulu,2.77,32.3
2020-06-29,22.3,6.4,80,9.9,3.86,Gulu,2.77,32.3
2020-06-30,22.5,1.7,76,10.1,3.99,Gulu,2.77,32.3
2020-07-01,21.7,6.9,80,12.6,3.17,Gulu,2.77,32.3
2020-07-02,21.5,3.4,79,10.8,3.96,Gulu,2.77,32.3
2020-07-03,22.4,1.7,74,11.2,4.22,Gulu,2.77,32.3
2020-07-04,22.8,1.8,70,10.9,3.99,Gulu,2.77,32.3
2020-07-05,22.9,2.2,73,10.2,3.9,Gulu,2.77,32.3
2020-07-06,20.3,11.5,89,10.2,2.05,Gulu,2.77,32.3
2020-07-07,20.0,5.6,91,9.9,1.8,Gulu,2.77,32.3
2020-07-08,21.2,3.9,84,10.5,3.03,Gulu,2.77,32.3
2020-07-09,21.4,8.5,84,8.4,3.42,Gulu,2.77,32.3
2020-07-10,22.1,5.3,81,9.5,4.12,Gulu,2.77,32.3
2020-07-11,21.4,31.1,86,12.9,3.62,Gulu,2.77,32.3
2020-07-12,21.0,3.4,85,11.2,3.72,Gulu,2.77,32.3
2020-07-13,20.8,14.3,86,10.0,3.35,Gulu,2.77,32.3
2020-07-14,21.0,16.6,85,9.1,3.43,Gulu,2.77,32.3
2020-07-15,20.7,15.6,87,9.9,3.33,Gulu,2.77,32.3
2020-07-16,20.5,8.4,88,10.9,2.96,Gulu,2.77,32.3
2020-07-17,20.7,3.7,84,10.8,3.37,Gulu,2.77,32.3
2020-07-18,20.1,1.1,79,12.3,2.59,Gulu,2.77,32.3
2020-07-19,19.8,4.4,78,12.6,2.9,Gulu,2.77,32.3
2020-07-20,20.9,6.4,78,9.7,4.19,Gulu,2.77,32.3
2020-07-21,20.7,26.8,88,10.5,3.05,Gulu,2.77,32.3
2020-07-22,21.2,0.6,82,14.1,4.03,Gulu,2.77,32.3
2020-07-23,20.7,2.5,86,10.4,2.79,Gulu,2.77,32.3
2020-07-24,20.9,1.1,85,7.4,2.81,Gulu,2.77,32.3
2020-07-25,21.3,3.4,84,9.2,3.23,Gulu,2.77,32.3
2020-07-26,21.0,7.6,86,9.5,2.8,Gulu,2.77,32.3
2020-07-27,20.8,13.1,87,11.3,3.2,Gulu,2.77,32.3
2020-07-28,20.8,7.7,86,7.7,3.07,Gulu,2.77,32.3
2020-07-29,21.9,4.5,74,11.0,4.44,Gulu,2.77,32.3
2020-07-30,21.9,1.0,77,12.2,4.36,Gulu,2.77,32.3
2020-07-31,22.3,1.9,79,9.5,4.09,Gulu,2.77,32.3
2020-08-01,23.1,0.7,75,10.2,4.43,Gulu,2.77,32.3
2020-08-02,22.2,4.6,80,9.5,3.83,Gulu,2.77,32.3
2020-08-03,22.0,0.2,74,9.4,4.11,Gulu,2.77,32.3
2020-08-04,20.8,1.6,79,8.3,2.31,Gulu,2.77,32.3
2020-08-05,21.2,8.5,83,9.4,3.14,Gulu,2.77,32.3
2020-08-06,21.1,9.0,85,10.0,3.68,Gulu,2.77,32.3
2020-08-07,21.2,1.0,85,11.4,3.7,Gulu,2.77,32.3
2020-08-08,21.9,7.1,83,9.5,4.06,Gulu,2.77,32.3
2020-08-09,20.9,3.8,85,7.7,2.71,Gulu,2.77,32.3
2020-08-10,21.1,9.3,85,9.6,3.89,Gulu,2.77,32.3
2020-08-11,21.9,0.7,82,10.5,4.22,Gulu,2.77,32.3
2020-08-12,22.2,1.6,80,13.6,4.04,Gulu,2.77,32.3
2020-08-13,22.5,0.9,76,10.4,4.63,Gulu,2.77,32.3
2020-08-14,22.4,3.4,79,12.3,3.75,Gulu,2.77,32.3
2020-08-15,22.1,8.8,84,8.1,3.75,Gulu,2.77,32.3
2020-08-16,21.9,5.9,85,5.8,3.82,Gulu,2.77,32.3
2020-08-17,21.5,11.7,87,8.6,3.45,Gulu,2.77,32.3
2020-08-18,21.0,17.2,90,14.1,2.49,Gulu,2.77,32.3
2020-08-19,21.3,7.0,86,10.3,3.65,Gulu,2.77,32.3
2020-08-20,21.5,9.5,88,7.1,3.5,Gulu,2.77,32.3
2020-08-21,22.7,1.4,79,12.0,4.71,Gulu,2.77,32.3
2020-08-22,21.9,8.9,83,6.5,3.89,Gulu,2.77,32.3
2020-08-23,21.8,9.0,82,10.9,4.3,Gulu,2.77,32.3
2020-08-24,21.2,13.0,83,7.7,3.84,Gulu,2.77,32.3
2020-08-25,21.1,1.4,84,9.7,3.71,Gulu,2.77,32.3
2020-08-26,21.8,0.6,80,10.8,4.44,Gulu,2.77,32.3
2020-08-27,22.5,1.3,78,7.0,4.52,Gulu,2.77,32.3
2020-08-28,22.0,5.5,83,8.0,4.33,Gulu,2.77,32.3
2020-08-29,20.4,15.0,90,12.4,3.33,Gulu,2.77,32.3
2020-08-30,20.9,2.4,85,9.4,3.97,Gulu,2.77,32.3
2020-08-31,21.2,4.9,84,11.2,3.71,Gulu,2.77,32.3
2020-09-01,21.3,4.2,85,11.2,4.27,Gulu,2.77,32.3
2020-09-02,22.1,10.7,80,13.2,4.41,Gulu,2.77,32.3
2020-09-03,21.2,4.3,80,9.0,3.79,Gulu,2.77,32.3
2020-09-04,22.4,4.3,73,8.5,4.49,Gulu,2.77,32.3
2020-09-05,21.9,3.7,83,7.9,4.33,Gulu,2.77,32.3
2020-09-06,20.9,4.4,89,12.2,3.32,Gulu,2.77,32.3
2020-09-07,20.0,10.9,90,11.5,2.78,Gulu,2.77,32.3
2020-09-08,21.4,0.7,78,9.3,4.64,Gulu,2.77,32.3
2020-09-09,21.4,2.0,83,9.2,3.89,Gulu,2.77,32.3
2020-09-10,22.0,2.9,82,7.0,4.43,Gulu,2.77,32.3
2020-09-11,22.1,9.3,81,9.4,4.11,Gulu,2.77,32.3
2020-09-12,22.1,1.8,80,9.3,4.42,Gulu,2.77,32.3
2020-09-13,21.1,7.7,86,10.2,4.02,Gulu,2.77,32.3
2020-09-14,21.8,1.4,85,10.4,4.32,Gulu,2.77,32.3
2020-09-15,22.4,5.2,80,9.9,4.21,Gulu,2.77,32.3
2020-09-16,21.7,7.4,84,8.5,4.27,Gulu,2.77,32.3
2020-09-17,23.5,0.3,73,8.9,5.02,Gulu,2.77,32.3
2020-09-18,22.8,1.9,78,8.7,4.7,Gulu,2.77,32.3
2020-09-19,22.3,2.4,81,10.9,4.44,Gulu,2.77,32.3
2020-09-20,21.7,4.9,84,8.2,4.1,Gulu,2.77,32.3
2020-09-21,21.4,3.5,85,9.7,3.79,Gulu,2.77,32.3
2020-09-22,22.2,6.0,83,8.4,3.94,Gulu,2.77,32.3
2020-09-23,21.1,21.7,87,9.3,3.93,Gulu,2.77,32.3
2020-09-24,21.3,5.4,84,9.8,3.87,Gulu,2.77,32.3
2020-09-25,20.6,4.2,87,9.4,2.84,Gulu,2.77,32.3
2020-09-26,20.7,22.8,89,13.1,3.04,Gulu,2.77,32.3
2020-09-27,21.9,0.6,82,12.0,4.57,Gulu,2.77,32.3
2020-09-28,21.8,8.5,83,9.4,4.02,Gulu,2.77,32.3
2020-09-29,21.4,5.8,85,10.8,4.16,Gulu,2.77,32.3
2020-09-30,20.9,5.4,86,10.0,3.64,Gulu,2.77,32.3
2020-10-01,21.3,4.2,84,7.6,4.1,Gulu,2.77,32.3
2020-10-02,21.7,13.3,82,8.0,3.79,Gulu,2.77,32.3
2020-10-03,21.1,11.1,87,10.7,4.05,Gulu,2.77,32.3
2020-10-04,21.3,5.2,84,9.6,3.95,Gulu,2.77,32.3
2020-10-05,22.7,1.4,76,10.6,4.74,Gulu,2.77,32.3
2020-10-06,21.9,4.8,82,9.0,4.52,Gulu,2.77,32.3
2020-10-07,22.7,3.2,79,9.9,4.41,Gulu,2.77,32.3
2020-10-08,22.8,2.0,74,10.4,4.79,Gulu,2.77,32.3
2020-10-09,21.9,8.0,86,10.8,3.97,Gulu,2.77,32.3
2020-10-10,20.9,4.6,87,9.4,3.06,Gulu,2.77,32.3
2020-10-11,22.4,0.0,79,7.0,4.7,Gulu,2.77,32.3
2020-10-12,21.7,21.6,82,11.0,3.46,Gulu,2.77,32.3
2020-10-13,20.4,13.2,91,11.9,2.85,Gulu,2.77,32.3
2020-10-14,20.5,12.6,90,9.8,3.5,Gulu,2.77,32.3
2020-10-15,21.6,6.8,85,9.5,3.99,Gulu,2.77,32.3
2020-10-16,23.1,0.1,72,8.4,4.41,Gulu,2.77,32.3
2020-10-17,21.2,7.0,86,8.5,3.15,Gulu,2.77,32.3
2020-10-18,21.0,1.0,88,8.4,3.12,Gulu,2.77,32.3
2020-10-19,21.7,3.1,84,11.9,4.06,Gulu,2.77,32.3
2020-10-20,21.6,14.8,83,10.3,4.02,Gulu,2.77,32.3
2020-10-21,21.3,15.5,88,13.0,3.37,Gulu,2.77,32.3
2020-10-22,21.9,8.9,84,11.4,3.7,Gulu,2.77,32.3
2020-10-23,21.7,7.5,87,7.7,4.19,Gulu,2.77,32.3
2020-10-24,22.2,7.3,83,10.5,4.18,Gulu,2.77,32.3
2020-10-25,23.0,2.1,78,11.6,4.67,Gulu,2.77,32.3
2020-10-26,20.8,17.3,91,9.6,2.1,Gulu,2.77,32.3
2020-10-27,21.8,5.2,85,9.9,3.87,Gulu,2.77,32.3
2020-10-28,22.5,6.1,81,11.6,4.26,Gulu,2.77,32.3
2020-10-29,22.3,7.6,80,13.0,4.39,Gulu,2.77,32.3
2020-10-30,20.6,11.4,88,9.2,2.0,Gulu,2.77,32.3
2020-10-31,21.8,0.0,78,10.2,4.21,Gulu,2.77,32.3
2020-11-01,22.8,0.9,73,11.9,5.05,Gulu,2.77,32.3
2020-11-02,23.1,0.2,72,15.5,4.88,Gulu,2.77,32.3
2020-11-03,22.9,0.7,71,15.8,4.84,Gulu,2.77,32.3
2020-11-04,23.6,0.0,63,17.7,5.27,Gulu,2.77,32.3
2020-11-05,23.8,0.0,61,14.4,5.15,Gulu,2.77,32.3
2020-11-06,23.6,5.0,72,11.6,4.45,Gulu,2.77,32.3
2020-11-07,21.9,10.7,84,9.2,3.78,Gulu,2.77,32.3
2020-11-08,21.2,15.2,88,13.4,3.28,Gulu,2.77,32.3
2020-11-09,21.4,10.3,83,13.6,4.04,Gulu,2.77,32.3
2020-11-10,21.7,0.8,79,16.5,4.06,Gulu,2.77,32.3
2020-11-11,21.1,7.2,85,10.2,3.27,Gulu,2.77,32.3
2020-11-12,21.8,0.1,80,12.0,4.27,Gulu,2.77,32.3
2020-11-13,22.5,0.2,72,13.3,4.14,Gulu,2.77,32.3
2020-11-14,22.3,4.0,78,14.9,3.86,Gulu,2.77,32.3
2020-11-15,21.9,4.8,83,8.3,4.37,Gulu,2.77,32.3
2020-11-16,20.7,21.3,89,11.9,2.74,Gulu,2.77,32.3
2020-11-17,22.0,0.1,79,9.4,4.42,Gulu,2.77,32.3
2020-11-18,23.0,0.0,69,12.4,4.81,Gulu,2.77,32.3
2020-11-19,22.8,0.1,74,10.9,4.38,Gulu,2.77,32.3
2020-11-20,23.5,0.0,68,10.3,4.6,Gulu,2.77,32.3
2020-11-21,23.9,0.3,64,10.4,4.88,Gulu,2.77,32.3
2020-11-22,23.6,0.1,67,14.2,4.67,Gulu,2.77,32.3
2020-11-23,23.7,0.1,66,9.7,4.78,Gulu,2.77,32.3
2020-11-24,23.7,0.0,65,9.0,5.12,Gulu,2.77,32.3
2020-11-25,22.1,5.8,83,15.0,3.7,Gulu,2.77,32.3
2020-11-26,22.1,2.3,79,13.3,4.21,Gulu,2.77,32.3
2020-11-27,22.2,6.6,82,15.0,3.76,Gulu,2.77,32.3
2020-11-28,22.5,7.9,79,14.2,4.36,Gulu,2.77,32.3
2020-11-29,20.4,7.5,86,12.0,2.71,Gulu,2.77,32.3
2020-11-30,21.2,0.5,75,9.8,4.18,Gulu,2.77,32.3
2020-12-01,22.6,0.0,68,11.5,4.49,Gulu,2.77,32.3
2020-12-02,23.2,0.2,63,12.1,4.5,Gulu,2.77,32.3
2020-12-03,22.9,0.1,67,17.0,4.54,Gulu,2.77,32.3
2020-12-04,22.8,0.2,66,14.6,4.67,Gulu,2.77,32.3
2020-12-05,22.5,0.4,76,9.9,4.21,Gulu,2.77,32.3
2020-12-06,22.9,0.0,66,12.2,4.55,Gulu,2.77,32.3
2020-12-07,24.0,0.1,62,11.7,4.69,Gulu,2.77,32.3
2020-12-08,22.3,7.5,75,11.5,3.31,Gulu,2.77,32.3
2020-12-09,23.3,0.5,66,18.2,4.88,Gulu,2.77,32.3
2020-12-10,23.5,0.0,55,15.1,5.03,Gulu,2.77,32.3
2020-12-11,24.2,0.0,49,14.1,5.28,Gulu,2.77,32.3
2020-12-12,23.5,0.0,59,13.1,5.18,Gulu,2.77,32.3
2020-12-13,23.9,0.0,51,14.4,5.54,Gulu,2.77,32.3
2020-12-14,24.6,0.0,44,14.7,5.53,Gulu,2.77,32.3
2020-12-15,23.8,0.0,48,14.8,5.52,Gulu,2.77,32.3
2020-12-16,24.2,0.0,46,15.0,5.8,Gulu,2.77,32.3
2020-12-17,24.7,0.0,43,16.2,6.01,Gulu,2.77,32.3
2020-12-18,24.4,0.0,45,14.4,5.62,Gulu,2.77,32.3
2020-12-19,23.5,0.0,52,12.7,5.13,Gulu,2.77,32.3
2020-12-20,23.6,0.1,55,13.8,4.59,Gulu,2.77,32.3
2020-12-21,23.5,0.3,62,18.2,4.73,Gulu,2.77,32.3
2020-12-22,23.5,0.0,61,17.6,4.68,Gulu,2.77,32.3
2020-12-23,23.6,0.0,61,12.2,4.62,Gulu,2.77,32.3
2020-12-24,24.2,0.0,58,11.4,4.63,Gulu,2.77,32.3
2020-12-25,24.0,0.0,58,9.2,4.88,Gulu,2.77,32.3
2020-12-26,24.4,0.1,60,11.8,4.87,Gulu,2.77,32.3
2020-12-27,25.7,0.0,43,13.7,5.78,Gulu,2.77,32.3
2020-12-28,24.3,0.0,38,15.9,6.32,Gulu,2.77,32.3
2020-12-29,25.1,0.0,38,20.0,6.1,Gulu,2.77,32.3
2020-12-30,24.8,0.0,44,17.9,5.48,Gulu,2.77,32.3
2020-12-31,23.1,0.3,62,17.0,3.73,Gulu,2.77,32.3
2021-01-01,22.4,2.1,73,12.1,3.32,Gulu,2.77,32.3
2021-01-02,22.3,0.1,70,9.7,3.66,Gulu,2.77,32.3
2021-01-03,23.1,0.2,66,11.9,4.3,Gulu,2.77,32.3
2021-01-04,24.1,0.0,57,13.2,4.77,Gulu,2.77,32.3
2021-01-05,24.7,0.0,48,12.3,5.63,Gulu,2.77,32.3
2021-01-06,24.9,0.0,44,13.9,5.76,Gulu,2.77,32.3
2021-01-07,24.8,0.0,43,13.7,6.09,Gulu,2.77,32.3
2021-01-08,26.0,0.0,38,9.2,5.44,Gulu,2.77,32.3
2021-01-09,24.3,0.0,53,14.4,5.02,Gulu,2.77,32.3
2021-01-10,23.6,0.0,63,12.7,4.71,Gulu,2.77,32.3
2021-01-11,23.8,0.1,64,11.8,4.54,Gulu,2.77,32.3
2021-01-12,25.9,0.0,46,12.1,4.44,Gulu,2.77,32.3
2021-01-13,25.5,0.0,50,14.9,5.22,Gulu,2.77,32.3
2021-01-14,25.8,0.0,44,11.5,5.11,Gulu,2.77,32.3
2021-01-15,25.7,0.0,49,10.9,4.58,Gulu,2.77,32.3
2021-01-16,24.8,0.0,54,12.7,4.65,Gulu,2.77,32.3
2021-01-17,24.2,1.0,58,16.8,4.64,Gulu,2.77,32.3
2021-01-18,24.9,0.0,51,12.1,4.65,Gulu,2.77,32.3
2021-01-19,24.7,0.5,51,13.0,4.54,Gulu,2.77,32.3
2021-01-20,25.3,0.0,44,16.6,5.33,Gulu,2.77,32.3
2021-01-21,24.3,0.0,47,11.7,4.99,Gulu,2.77,32.3
2021-01-22,24.4,0.5,43,15.8,5.08,Gulu,2.77,32.3
2021-01-23,24.8,0.0,51,15.5,4.84,Gulu,2.77,32.3
2021-01-24,25.4,0.0,51,17.0,5.44,Gulu,2.77,32.3
2021-01-25,26.1,0.0,43,17.5,5.9,Gulu,2.77,32.3
2021-01-26,25.8,0.1,42,15.2,5.62,Gulu,2.77,32.3
2021-01-27,25.7,0.0,43,15.5,6.24,Gulu,2.77,32.3
2021-01-28,26.0,0.0,35,17.2,6.45,Gulu,2.77,32.3
2021-01-29,26.1,0.0,38,13.4,5.83,Gulu,2.77,32.3
2021-01-30,27.2,0.0,37,16.2,5.78,Gulu,2.77,32.3
2021-01-31,26.2,0.0,46,13.6,5.99,Gulu,2.77,32.3
2021-02-01,26.5,0.0,30,18.0,7.22,Gulu,2.77,32.3
2021-02-02,26.9,0.0,27,17.6,7.58,Gulu,2.77,32.3
2021-02-03,26.6,0.0,39,14.1,6.55,Gulu,2.77,32.3
2021-02-04,27.0,0.0,39,13.6,6.37,Gulu,2.77,32.3
2021-02-05,25.4,0.4,52,11.7,4.6,Gulu,2.77,32.3
2021-02-06,25.9,0.0,29,19.4,7.45,Gulu,2.77,32.3
2021-02-07,24.8,0.0,22,17.9,7.29,Gulu,2.77,32.3
2021-02-08,25.3,0.0,26,14.2,6.85,Gulu,2.77,32.3
2021-02-09,26.2,0.0,37,17.1,5.49,Gulu,2.77,32.3
2021-02-10,27.9,0.0,36,12.3,5.18,Gulu,2.77,32.3
2021-02-11,27.0,0.0,41,12.4,5.2,Gulu,2.77,32.3
2021-02-12,26.1,0.0,55,14.1,5.35,Gulu,2.77,32.3
2021-02-13,27.0,0.0,48,14.1,5.57,Gulu,2.77,32.3
2021-02-14,26.7,0.0,53,14.3,5.29,Gulu,2.77,32.3
2021-02-15,27.4,0.0,49,12.8,5.83,Gulu,2.77,32.3
2021-02-16,27.6,0.0,43,17.0,5.81,Gulu,2.77,32.3
2021-02-17,26.1,0.0,54,13.1,4.97,Gulu,2.77,32.3
2021-02-18,26.0,0.1,50,16.1,5.52,Gulu,2.77,32.3
2021-02-19,24.6,0.0,37,14.5,6.28,Gulu,2.77,32.3
2021-02-20,25.1,0.0,26,15.4,7.14,Gulu,2.77,32.3
2021-02-21,25.6,0.0,27,12.6,6.93,Gulu,2.77,32.3
2021-02-22,26.3,0.0,33,10.4,5.8,Gulu,2.77,32.3
2021-02-23,26.7,0.0,39,14.3,6.14,Gulu,2.77,32.3
2021-02-24,26.5,0.0,36,15.8,5.36,Gulu,2.77,32.3
2021-02-25,26.0,0.0,34,10.5,5.28,Gulu,2.77,32.3
2021-02-26,26.6,0.0,28,11.6,6.15,Gulu,2.77,32.3
2021-02-27,27.0,0.0,28,12.0,5.48,Gulu,2.77,32.3
2021-02-28,27.7,0.0,29,14.0,6.09,Gulu,2.77,32.3
2021-03-01,28.2,0.0,32,19.2,6.66,Gulu,2.77,32.3
2021-03-02,29.0,0.0,31,17.8,7.13,Gulu,2.77,32.3
2021-03-03,29.3,0.0,30,16.5,6.83,Gulu,2.77,32.3
2021-03-04,27.4,0.0,43,18.3,5.84,Gulu,2.77,32.3
2021-03-05,27.0,1.7,51,15.1,5.71,Gulu,2.77,32.3
2021-03-06,26.8,0.0,50,14.6,5.92,Gulu,2.77,32.3
2021-03-07,26.3,0.4,52,14.8,5.61,Gulu,2.77,32.3
2021-03-08,25.4,0.1,56,14.1,5.06,Gulu,2.77,32.3
2021-03-09,24.9,0.0,60,15.3,5.27,Gulu,2.77,32.3
2021-03-10,26.2,0.0,52,18.8,6.4,Gulu,2.77,32.3
2021-03-11,27.1,0.0,38,17.7,6.82,Gulu,2.77,32.3
2021-03-12,28.0,0.0,32,18.4,7.41,Gulu,2.77,32.3
2021-03-13,28.0,0.0,33,19.6,7.29,Gulu,2.77,32.3
2021-03-14,27.3,0.0,35,11.3,6.08,Gulu,2.77,32.3
2021-03-15,26.1,0.3,48,12.7,5.22,Gulu,2.77,32.3
2021-03-16,24.7,4.5,60,18.1,4.64,Gulu,2.77,32.3
2021-03-17,23.5,5.1,73,16.3,4.16,Gulu,2.77,32.3
2021-03-18,23.4,5.7,72,10.5,4.76,Gulu,2.77,32.3
2021-03-19,23.7,2.0,72,19.1,4.81,Gulu,2.77,32.3
2021-03-20,25.2,0.0,59,16.9,5.75,Gulu,2.77,32.3
2021-03-21,24.4,0.4,67,15.2,5.11,Gulu,2.77,32.3
2021-03-22,23.6,0.4,74,12.7,4.22,Gulu,2.77,32.3
2021-03-23,25.3,0.0,59,14.5,4.93,Gulu,2.77,32.3
2021-03-24,25.7,0.0,50,20.2,5.92,Gulu,2.77,32.3
2021-03-25,26.4,0.0,40,14.7,6.74,Gulu,2.77,32.3
2021-03-26,25.4,0.0,51,20.1,5.52,Gulu,2.77,32.3
2021-03-27,22.0,10.4,77,17.0,3.81,Gulu,2.77,32.3
2021-03-28,23.9,0.0,66,8.9,5.03,Gulu,2.77,32.3
2021-03-29,26.5,0.2,48,11.0,5.77,Gulu,2.77,32.3
2021-03-30,22.9,4.3,73,10.0,4.08,Gulu,2.77,32.3
2021-03-31,22.4,3.6,75,12.7,3.87,Gulu,2.77,32.3
2021-04-01,23.5,4.9,76,11.3,4.87,Gulu,2.77,32.3
2021-04-02,22.4,8.0,80,10.9,3.88,Gulu,2.77,32.3
2021-04-03,22.6,2.2,79,10.3,4.14,Gulu,2.77,32.3
2021-04-04,23.2,4.0,79,12.8,4.01,Gulu,2.77,32.3
2021-04-05,22.8,17.5,82,11.4,4.2,Gulu,2.77,32.3
2021-04-06,22.8,2.1,82,12.8,3.91,Gulu,2.77,32.3
2021-04-07,23.1,0.2,76,15.7,3.93,Gulu,2.77,32.3
2021-04-08,24.1,0.1,65,13.3,5.24,Gulu,2.77,32.3
2021-04-09,23.3,1.6,73,13.3,4.61,Gulu,2.77,32.3
2021-04-10,23.3,2.6,77,11.3,4.4,Gulu,2.77,32.3
2021-04-11,22.7,3.8,78,16.9,4.1,Gulu,2.77,32.3
2021-04-12,23.0,5.7,79,11.2,4.16,Gulu,2.77,32.3
2021-04-13,22.1,3.4,81,11.0,3.85,Gulu,2.77,32.3
2021-04-14,23.0,0.4,73,8.9,4.58,Gulu,2.77,32.3
2021-04-15,23.7,0.6,66,12.3,5.0,Gulu,2.77,32.3
2021-04-16,23.3,1.4,73,10.6,4.68,Gulu,2.77,32.3
2021-04-17,24.3,0.2,69,12.9,5.0,Gulu,2.77,32.3
2021-04-18,24.0,0.2,70,12.9,5.02,Gulu,2.77,32.3
2021-04-19,23.5,2.8,76,14.0,4.4,Gulu,2.77,32.3
2021-04-20,23.4,1.8,76,13.0,4.52,Gulu,2.77,32.3
2021-04-21,22.5,6.2,80,13.3,3.53,Gulu,2.77,32.3
2021-04-22,21.9,3.9,84,10.6,3.27,Gulu,2.77,32.3
2021-04-23,22.7,0.0,79,12.5,4.48,Gulu,2.77,32.3
2021-04-24,22.9,5.9,82,11.7,4.2,Gulu,2.77,32.3
2021-04-25,20.5,31.4,89,14.0,2.56,Gulu,2.77,32.3
2021-04-26,21.0,2.2,86,8.7,3.28,Gulu,2.77,32.3
2021-04-27,22.7,1.7,77,9.6,3.66,Gulu,2.77,32.3
2021-04-28,22.6,5.3,78,12.2,3.25,Gulu,2.77,32.3
2021-04-29,22.9,3.6,79,12.3,4.28,Gulu,2.77,32.3
2021-04-30,23.2,1.9,75,9.0,4.48,Gulu,2.77,32.3
2021-05-01,23.2,0.2,75,9.2,4.39,Gulu,2.77,32.3
2021-05-02,22.9,4.3,80,11.2,3.95,Gulu,2.77,32.3
2021-05-03,21.5,8.7,81,12.3,3.1,Gulu,2.77,32.3
2021-05-04,22.3,9.3,76,9.2,4.41,Gulu,2.77,32.3
2021-05-05,21.5,17.7,88,10.2,3.49,Gulu,2.77,32.3
2021-05-06,21.2,8.5,89,9.0,3.3,Gulu,2.77,32.3
2021-05-07,20.8,4.2,89,10.1,3.14,Gulu,2.77,32.3
2021-05-08,20.4,16.9,90,11.1,1.87,Gulu,2.77,32.3
2021-05-09,20.0,16.5,91,8.0,1.7,Gulu,2.77,32.3
2021-05-10,20.2,9.3,90,11.0,2.45,Gulu,2.77,32.3
2021-05-11,19.8,4.0,89,7.4,1.92,Gulu,2.77,32.3
2021-05-12,20.0,2.3,86,8.0,1.86,Gulu,2.77,32.3
2021-05-13,21.8,0.7,81,9.2,4.37,Gulu,2.77,32.3
2021-05-14,22.3,6.5,83,8.7,4.08,Gulu,2.77,32.3
2021-05-15,22.6,2.7,81,9.2,3.81,Gulu,2.77,32.3
2021-05-16,23.1,0.4,75,9.8,4.55,Gulu,2.77,32.3
2021-05-17,23.8,0.7,74,10.4,4.5,Gulu,2.77,32.3
2021-05-18,23.2,3.3,80,12.0,4.08,Gulu,2.77,32.3
2021-05-19,21.5,9.2,88,7.6,3.25,Gulu,2.77,32.3
2021-05-20,22.6,0.4,82,7.2,3.86,Gulu,2.77,32.3
2021-05-21,22.8,1.6,80,9.8,4.09,Gulu,2.77,32.3
2021-05-22,23.2,2.0,79,12.4,4.07,Gulu,2.77,32.3
2021-05-23,22.6,7.0,83,11.4,3.86,Gulu,2.77,32.3
2021-05-24,21.6,9.9,85,11.3,2.55,Gulu,2.77,32.3
2021-05-25,22.6,0.7,75,10.4,4.37,Gulu,2.77,32.3
2021-05-26,22.4,2.1,78,10.2,3.83,Gulu,2.77,32.3
2021-05-27,22.5,2.7,77,9.8,3.9,Gulu,2.77,32.3
2021-05-28,22.7,0.4,75,7.4,4.54,Gulu,2.77,32.3
2021-05-29,23.4,0.1,75,8.5,4.11,Gulu,2.77,32.3
2021-05-30,23.7,0.9,69,11.4,4.53,Gulu,2.77,32.3
2021-05-31,24.2,0.0,64,11.2,4.98,Gulu,2.77,32.3
2021-06-01,23.1,0.1,72,12.3,4.44,Gulu,2.77,32.3
2021-06-02,23.3,0.1,71,12.7,4.47,Gulu,2.77,32.3
2021-06-03,22.3,2.1,76,8.7,3.38,Gulu,2.77,32.3
2021-06-04,22.6,2.7,78,7.9,3.66,Gulu,2.77,32.3
2021-06-05,23.1,0.3,75,9.2,4.09,Gulu,2.77,32.3
2021-06-06,23.2,1.4,74,14.9,4.12,Gulu,2.77,32.3
2021-06-07,23.0,0.6,70,12.3,4.55,Gulu,2.77,32.3
2021-06-08,23.2,0.4,64,12.5,4.74,Gulu,2.77,32.3
2021-06-09,23.1,0.0,64,12.3,5.11,Gulu,2.77,32.3
2021-06-10,23.4,0.0,64,10.9,5.07,Gulu,2.77,32.3
2021-06-11,23.8,0.1,61,13.9,4.71,Gulu,2.77,32.3
2021-06-12,23.4,0.6,68,13.1,4.41,Gulu,2.77,32.3
2021-06-13,23.0,0.7,71,13.4,4.12,Gulu,2.77,32.3
2021-06-14,23.1,0.6,67,11.2,4.36,Gulu,2.77,32.3
2021-06-15,22.8,2.7,72,8.0,4.06,Gulu,2.77,32.3
2021-06-16,20.7,20.6,87,8.0,1.73,Gulu,2.77,32.3
2021-06-17,21.0,2.5,86,9.3,2.2,Gulu,2.77,32.3
2021-06-18,21.6,3.9,81,10.0,3.45,Gulu,2.77,32.3
2021-06-19,21.0,6.2,84,9.0,3.14,Gulu,2.77,32.3
2021-06-20,21.7,0.9,80,7.3,4.02,Gulu,2.77,32.3
2021-06-21,21.9,3.5,75,10.4,4.19,Gulu,2.77,32.3
2021-06-22,22.4,0.3,68,12.3,4.47,Gulu,2.77,32.3
2021-06-23,22.9,0.2,65,11.3,4.58,Gulu,2.77,32.3
2021-06-24,22.7,0.7,66,9.3,4.44,Gulu,2.77,32.3
2021-06-25,23.3,0.2,65,10.5,4.46,Gulu,2.77,32.3
2021-06-26,23.5,0.2,64,9.1,4.49,Gulu,2.77,32.3
2021-06-27,24.1,0.0,59,12.6,5.03,Gulu,2.77,32.3
2021-06-28,23.8,0.2,58,11.2,4.54,Gulu,2.77,32.3
2021-06-29,22.7,0.8,66,11.8,4.31,Gulu,2.77,32.3
2021-06-30,20.8,7.4,79,7.9,2.99,Gulu,2.77,32.3
2021-07-01,22.0,0.4,71,7.0,3.93,Gulu,2.77,32.3
2021-07-02,22.8,1.4,69,9.7,4.13,Gulu,2.77,32.3
2021-07-03,22.3,3.9,76,6.9,3.7,Gulu,2.77,32.3
2021-07-04,23.2,0.7,69,9.1,4.21,Gulu,2.77,32.3
2021-07-05,23.4,0.2,63,10.3,4.38,Gulu,2.77,32.3
2021-07-06,20.7,8.7,84,9.9,3.08,Gulu,2.77,32.3
2021-07-07,20.5,0.8,82,6.9,3.39,Gulu,2.77,32.3
2021-07-08,20.0,10.4,83,9.5,2.83,Gulu,2.77,32.3
2021-07-09,21.4,0.6,77,9.5,4.21,Gulu,2.77,32.3
2021-07-10,21.6,3.5,74,12.7,3.69,Gulu,2.77,32.3
2021-07-11,21.7,0.3,74,13.7,4.03,Gulu,2.77,32.3
2021-07-12,21.1,0.1,74,8.7,2.51,Gulu,2.77,32.3
2021-07-13,21.5,4.5,73,8.1,3.03,Gulu,2.77,32.3
2021-07-14,20.9,10.8,82,10.8,3.5,Gulu,2.77,32.3
2021-07-15,20.5,16.1,88,11.5,2.77,Gulu,2.77,32.3
2021-07-16,20.9,5.4,86,12.1,3.6,Gulu,2.77,32.3
2021-07-17,22.0,0.5,72,15.5,4.44,Gulu,2.77,32.3
2021-07-18,21.6,0.2,74,10.7,3.3,Gulu,2.77,32.3
2021-07-19,22.0,0.4,69,8.9,3.84,Gulu,2.77,32.3
2021-07-20,20.7,2.5,81,9.7,3.25,Gulu,2.77,32.3
2021-07-21,21.8,0.7,76,11.3,3.35,Gulu,2.77,32.3
2021-07-22,22.6,1.2,70,9.3,4.19,Gulu,2.77,32.3
2021-07-23,23.6,0.0,60,12.9,4.56,Gulu,2.77,32.3
2021-07-24,21.9,3.0,76,13.9,2.94,Gulu,2.77,32.3
2021-07-25,22.4,0.0,63,13.5,3.48,Gulu,2.77,32.3
2021-07-26,22.2,0.7,64,10.9,3.43,Gulu,2.77,32.3
2021-07-27,22.2,0.0,64,11.6,3.54,Gulu,2.77,32.3
2021-07-28,22.0,0.0,69,8.4,3.33,Gulu,2.77,32.3
2021-07-29,20.2,9.4,87,8.5,1.97,Gulu,2.77,32.3
2021-07-30,22.5,0.6,71,13.1,4.33,Gulu,2.77,32.3
2021-07-31,22.7,1.2,69,13.7,4.47,Gulu,2.77,32.3
2021-08-01,22.8,0.5,64,12.2,4.49,Gulu,2.77,32.3
2021-08-02,21.5,0.1,71,9.8,2.9,Gulu,2.77,32.3
2021-08-03,22.8,0.8,67,12.4,4.46,Gulu,2.77,32.3
2021-08-04,22.7,5.4,76,7.9,4.4,Gulu,2.77,32.3
2021-08-05,24.1,0.0,61,10.5,5.27,Gulu,2.77,32.3
2021-08-06,23.7,0.2,60,9.2,4.41,Gulu,2.77,32.3
2021-08-07,23.1,0.3,69,9.2,4.24,Gulu,2.77,32.3
2021-08-08,21.7,3.1,78,12.6,3.59,Gulu,2.77,32.3
2021-08-09,21.1,3.0,83,13.5,3.07,Gulu,2.77,32.3
2021-08-10,21.2,3.9,84,9.1,3.51,Gulu,2.77,32.3
2021-08-11,21.2,7.3,83,12.1,3.29,Gulu,2.77,32.3
2021-08-12,22.0,4.2,79,9.0,4.13,Gulu,2.77,32.3
2021-08-13,22.0,13.8,82,13.8,3.93,Gulu,2.77,32.3
2021-08-14,20.8,9.6,86,12.6,2.75,Gulu,2.77,32.3
2021-08-15,20.8,7.4,80,9.4,3.46,Gulu,2.77,32.3
2021-08-16,21.9,0.2,72,10.1,4.07,Gulu,2.77,32.3
2021-08-17,22.7,0.4,72,13.0,4.83,Gulu,2.77,32.3
2021-08-18,23.3,0.2,67,9.4,4.73,Gulu,2.77,32.3
2021-08-19,22.3,1.0,73,7.7,4.28,Gulu,2.77,32.3
2021-08-20,21.5,8.5,81,10.8,3.73,Gulu,2.77,32.3
2021-08-21,21.2,2.9,81,10.2,4.17,Gulu,2.77,32.3
2021-08-22,21.2,1.1,81,9.2,3.95,Gulu,2.77,32.3
2021-08-23,21.7,1.3,78,9.7,4.43,Gulu,2.77,32.3
2021-08-24,21.7,2.4,78,8.5,4.14,Gulu,2.77,32.3
2021-08-25,22.6,0.9,74,11.0,4.57,Gulu,2.77,32.3
2021-08-26,23.6,0.2,65,11.0,4.68,Gulu,2.77,32.3
2021-08-27,23.5,0.2,70,12.4,4.71,Gulu,2.77,32.3
2021-08-28,23.8,2.4,68,8.4,4.31,Gulu,2.77,32.3
2021-08-29,21.6,7.3,76,7.9,2.51,Gulu,2.77,32.3
2021-08-30,22.4,0.3,74,13.1,4.51,Gulu,2.77,32.3
2021-08-31,23.7,1.8,71,12.8,4.71,Gulu,2.77,32.3
2021-09-01,21.0,15.0,86,10.2,3.78,Gulu,2.77,32.3
2021-09-02,22.2,3.9,78,11.6,4.28,Gulu,2.77,32.3
2021-09-03,21.7,10.0,84,10.8,3.79,Gulu,2.77,32.3
2021-09-04,21.7,18.5,83,8.9,3.98,Gulu,2.77,32.3
2021-09-05,20.8,27.6,86,11.3,3.25,Gulu,2.77,32.3
2021-09-06,21.4,1.0,82,11.6,4.0,Gulu,2.77,32.3
2021-09-07,22.3,3.4,79,9.6,4.23,Gulu,2.77,32.3
2021-09-08,20.6,8.5,86,16.3,3.51,Gulu,2.77,32.3
2021-09-09,21.5,1.3,77,8.8,3.92,Gulu,2.77,32.3
2021-09-10,21.4,5.2,82,9.8,3.93,Gulu,2.77,32.3
2021-09-11,21.6,6.2,82,10.2,4.28,Gulu,2.77,32.3
2021-09-12,20.9,14.5,84,9.1,3.54,Gulu,2.77,32.3
2021-09-13,22.1,0.7,75,7.1,4.31,Gulu,2.77,32.3
2021-09-14,22.0,8.7,81,10.6,4.47,Gulu,2.77,32.3
2021-09-15,22.7,4.4,82,10.4,4.35,Gulu,2.77,32.3
2021-09-16,21.5,13.4,85,11.5,3.45,Gulu,2.77,32.3
2021-09-17,21.2,9.5,89,8.9,2.91,Gulu,2.77,32.3
2021-09-18,20.3,16.0,90,15.6,2.62,Gulu,2.77,32.3
2021-09-19,21.5,3.9,83,7.7,4.02,Gulu,2.77,32.3
2021-09-20,21.9,1.0,80,8.7,3.66,Gulu,2.77,32.3
2021-09-21,21.9,3.8,84,10.4,4.42,Gulu,2.77,32.3
2021-09-22,22.0,2.5,80,13.4,4.69,Gulu,2.77,32.3
2021-09-23,23.0,0.1,72,9.7,4.96,Gulu,2.77,32.3
2021-09-24,21.9,4.1,81,13.9,4.37,Gulu,2.77,32.3
2021-09-25,20.4,9.5,88,9.8,2.46,Gulu,2.77,32.3
2021-09-26,21.1,11.2,84,11.7,4.16,Gulu,2.77,32.3
2021-09-27,22.1,4.4,81,9.0,4.57,Gulu,2.77,32.3
2021-09-28,22.4,3.9,82,9.7,4.53,Gulu,2.77,32.3
2021-09-29,22.6,4.5,82,10.6,4.6,Gulu,2.77,32.3
2021-09-30,22.9,1.1,81,11.3,4.82,Gulu,2.77,32.3
2021-10-01,21.9,3.8,84,10.0,3.6,Gulu,2.77,32.3
2021-10-02,21.2,12.8,89,10.2,3.21,Gulu,2.77,32.3
2021-10-03,21.3,14.8,86,8.7,3.55,Gulu,2.77,32.3
2021-10-04,22.0,7.3,82,9.2,4.13,Gulu,2.77,32.3
2021-10-05,22.4,1.9,81,10.3,4.31,Gulu,2.77,32.3
2021-10-06,22.8,0.6,79,8.4,4.57,Gulu,2.77,32.3
2021-10-07,21.9,15.2,85,8.0,3.98,Gulu,2.77,32.3
2021-10-08,23.3,0.1,73,10.5,5.07,Gulu,2.77,32.3
2021-10-09,23.1,0.6,74,6.8,3.22,Gulu,2.77,32.3
2021-10-10,23.3,2.7,77,10.5,4.72,Gulu,2.77,32.3
2021-10-11,23.1,9.6,78,10.3,4.39,Gulu,2.77,32.3
2021-10-12,21.3,14.5,85,11.6,2.94,Gulu,2.77,32.3
2021-10-13,21.2,0.0,80,14.3,3.14,Gulu,2.77,32.3
2021-10-14,22.8,0.3,73,12.2,5.27,Gulu,2.77,32.3
2021-10-15,23.7,0.1,68,13.7,5.26,Gulu,2.77,32.3
2021-10-16,23.4,0.0,72,10.5,5.12,Gulu,2.77,32.3
2021-10-17,23.3,0.8,75,12.2,5.19,Gulu,2.77,32.3
2021-10-18,23.0,0.3,78,9.0,4.4,Gulu,2.77,32.3
2021-10-19,23.0,4.7,77,10.4,4.89,Gulu,2.77,32.3
2021-10-20,23.1,0.9,75,10.9,4.36,Gulu,2.77,32.3
2021-10-21,22.4,0.8,78,11.6,4.51,Gulu,2.77,32.3
2021-10-22,22.6,0.8,78,9.6,4.61,Gulu,2.77,32.3
2021-10-23,23.9,0.1,70,11.2,5.2,Gulu,2.77,32.3
2021-10-24,24.9,0.4,58,14.3,5.7,Gulu,2.77,32.3
2021-10-25,24.4,0.2,61,14.5,5.28,Gulu,2.77,32.3
2021-10-26,24.0,0.0,62,14.4,5.39,Gulu,2.77,32.3
2021-10-27,23.8,0.2,64,13.7,4.99,Gulu,2.77,32.3
2021-10-28,24.0,0.6,63,12.0,5.36,Gulu,2.77,32.3
2021-10-29,24.0,0.2,65,11.5,5.14,Gulu,2.77,32.3
2021-10-30,23.6,0.5,68,11.2,4.87,Gulu,2.77,32.3
2021-10-31,24.3,0.0,65,13.7,5.34,Gulu,2.77,32.3
2021-11-01,25.5,0.0,46,16.4,5.85,Gulu,2.77,32.3
2021-11-02,24.2,0.0,60,12.0,5.23,Gulu,2.77,32.3
2021-11-03,23.2,0.3,70,10.6,4.17,Gulu,2.77,32.3
2021-11-04,23.4,0.0,68,10.2,4.39,Gulu,2.77,32.3
2021-11-05,23.9,0.1,63,9.4,5.05,Gulu,2.77,32.3
2021-11-06,23.8,1.9,70,14.6,4.85,Gulu,2.77,32.3
2021-11-07,23.4,0.8,67,12.4,4.47,Gulu,2.77,32.3
2021-11-08,23.3,5.5,70,17.7,4.63,Gulu,2.77,32.3
2021-11-09,23.0,2.4,68,21.3,4.72,Gulu,2.77,32.3
2021-11-10,23.9,0.9,67,14.5,4.37,Gulu,2.77,32.3
2021-11-11,24.9,0.0,59,15.2,5.56,Gulu,2.77,32.3
2021-11-12,24.1,5.6,67,12.0,4.71,Gulu,2.77,32.3
2021-11-13,25.2,0.0,56,13.0,5.65,Gulu,2.77,32.3
2021-11-14,25.3,0.0,52,17.0,5.72,Gulu,2.77,32.3
2021-11-15,25.8,0.0,45,15.6,6.12,Gulu,2.77,32.3
2021-11-16,24.8,0.0,54,12.2,5.58,Gulu,2.77,32.3
2021-11-17,24.8,0.1,54,11.6,5.14,Gulu,2.77,32.3
2021-11-18,24.1,0.5,60,14.2,4.79,Gulu,2.77,32.3
2021-11-19,24.7,0.0,55,12.0,5.31,Gulu,2.77,32.3
2021-11-20,25.1,0.0,56,10.6,5.43,Gulu,2.77,32.3
2021-11-21,25.1,0.1,55,14.7,5.42,Gulu,2.77,32.3
2021-11-22,24.2,0.0,58,12.8,5.35,Gulu,2.77,32.3
2021-11-23,24.3,0.0,54,9.9,5.43,Gulu,2.77,32.3
2021-11-24,24.2,0.0,53,9.4,5.01,Gulu,2.77,32.3
2021-11-25,24.8,0.0,52,11.2,5.35,Gulu,2.77,32.3
2021-11-26,24.5,0.1,57,10.0,4.86,Gulu,2.77,32.3
2021-11-27,23.0,1.0,68,12.2,4.31,Gulu,2.77,32.3
2021-11-28,22.3,2.4,73,12.2,3.93,Gulu,2.77,32.3
2021-11-29,24.1,0.1,60,17.0,5.01,Gulu,2.77,32.3
2021-11-30,23.7,0.0,60,19.4,3.82,Gulu,2.77,32.3
2021-12-01,24.1,0.0,59,12.1,4.77,Gulu,2.77,32.3
2021-12-02,24.6,0.0,57,12.6,4.86,Gulu,2.77,32.3
2021-12-03,24.2,0.0,62,12.6,5.01,Gulu,2.77,32.3
2021-12-04,24.6,0.0,61,14.4,5.19,Gulu,2.77,32.3
2021-12-05,25.5,0.0,48,16.6,5.68,Gulu,2.77,32.3
2021-12-06,25.5,0.0,44,16.2,5.91,Gulu,2.77,32.3
2021-12-07,25.7,0.0,39,13.4,6.04,Gulu,2.77,32.3
2021-12-08,25.4,0.0,43,15.5,5.05,Gulu,2.77,32.3
2021-12-09,25.7,0.0,47,14.8,5.42,Gulu,2.77,32.3
2021-12-10,26.0,0.1,51,12.0,5.41,Gulu,2.77,32.3
2021-12-11,25.5,0.0,47,21.0,6.45,Gulu,2.77,32.3
2021-12-12,25.9,0.0,28,25.3,7.87,Gulu,2.77,32.3
2021-12-13,25.9,0.0,34,19.5,6.7,Gulu,2.77,32.3
2021-12-14,26.2,0.0,41,14.8,5.86,Gulu,2.77,32.3
2021-12-15,26.8,0.8,43,16.2,6.08,Gulu,2.77,32.3
2021-12-16,26.3,0.1,43,17.7,6.08,Gulu,2.77,32.3
2021-12-17,26.6,0.0,39,21.0,6.7,Gulu,2.77,32.3
2021-12-18,26.4,0.0,41,15.3,5.78,Gulu,2.77,32.3
2021-12-19,25.5,0.2,50,14.6,5.12,Gulu,2.77,32.3
2021-12-20,25.0,0.1,55,20.6,4.48,Gulu,2.77,32.3
2021-12-21,25.7,0.0,52,18.2,5.23,Gulu,2.77,32.3
2021-12-22,26.6,0.6,46,19.9,5.67,Gulu,2.77,32.3
2021-12-23,26.7,0.1,47,17.7,5.61,Gulu,2.77,32.3
2021-12-24,26.2,0.8,50,12.4,5.1,Gulu,2.77,32.3
2021-12-25,25.3,0.5,54,16.6,4.43,Gulu,2.77,32.3
2021-12-26,24.1,2.1,62,16.9,4.63,Gulu,2.77,32.3
2021-12-27,25.1,0.0,53,15.8,5.2,Gulu,2.77,32.3
2021-12-28,25.9,0.0,44,19.7,5.6,Gulu,2.77,32.3
2021-12-29,25.7,0.0,40,14.7,5.38,Gulu,2.77,32.3
2021-12-30,26.4,0.0,42,12.5,5.75,Gulu,2.77,32.3
2021-12-31,25.3,0.6,53,12.2,4.89,Gulu,2.77,32.3
2020-01-01,22.2,0.0,75,13.7,4.66,Masaka,-0.34,31.73
2020-01-02,22.0,0.6,77,14.9,4.47,Masaka,-0.34,31.73
2020-01-03,22.9,0.1,69,14.4,4.7,Masaka,-0.34,31.73
2020-01-04,21.7,3.0,78,10.9,4.13,Masaka,-0.34,31.73
2020-01-05,22.5,2.5,72,12.6,4.52,Masaka,-0.34,31.73
2020-01-06,21.4,1.4,77,10.4,3.48,Masaka,-0.34,31.73
2020-01-07,22.0,0.8,78,12.3,3.97,Masaka,-0.34,31.73
2020-01-08,21.1,7.4,82,13.0,3.11,Masaka,-0.34,31.73
2020-01-09,21.7,0.9,78,10.9,3.78,Masaka,-0.34,31.73
2020-01-10,21.3,1.2,81,11.0,3.75,Masaka,-0.34,31.73
2020-01-11,22.0,2.3,75,11.9,4.23,Masaka,-0.34,31.73
2020-01-12,20.5,4.5,82,13.6,3.04,Masaka,-0.34,31.73
2020-01-13,20.4,1.9,80,11.9,4.01,Masaka,-0.34,31.73
2020-01-14,21.8,0.3,73,12.1,5.01,Masaka,-0.34,31.73
2020-01-15,22.5,1.2,76,15.3,4.51,Masaka,-0.34,31.73
2020-01-16,21.6,4.4,86,12.6,3.66,Masaka,-0.34,31.73
2020-01-17,22.2,7.9,85,11.5,3.54,Masaka,-0.34,31.73
2020-01-18,23.5,0.5,70,15.8,4.2,Masaka,-0.34,31.73
2020-01-19,23.3,0.0,68,16.9,4.53,Masaka,-0.34,31.73
2020-01-20,23.0,0.0,66,17.7,5.4,Masaka,-0.34,31.73
2020-01-21,23.7,0.0,52,19.5,6.34,Masaka,-0.34,31.73
2020-01-22,24.0,0.0,51,21.3,5.88,Masaka,-0.34,31.73
2020-01-23,24.4,0.0,46,20.6,5.97,Masaka,-0.34,31.73
2020-01-24,24.1,0.0,48,22.4,5.88,Masaka,-0.34,31.73
2020-01-25,23.2,0.8,68,14.0,4.33,Masaka,-0.34,31.73
2020-01-26,22.0,1.9,79,9.2,2.77,Masaka,-0.34,31.73
2020-01-27,22.3,1.5,75,11.8,3.52,Masaka,-0.34,31.73
2020-01-28,20.2,15.6,90,11.9,2.03,Masaka,-0.34,31.73
2020-01-29,19.9,6.1,85,7.7,1.7,Masaka,-0.34,31.73
2020-01-30,20.5,1.0,78,10.9,3.31,Masaka,-0.34,31.73
2020-01-31,19.7,9.1,90,10.8,2.51,Masaka,-0.34,31.73
2020-02-01,19.5,12.6,91,8.0,2.25,Masaka,-0.34,31.73
2020-02-02,20.3,0.0,82,11.5,4.38,Masaka,-0.34,31.73
2020-02-03,20.9,7.2,82,11.0,3.77,Masaka,-0.34,31.73
2020-02-04,20.3,12.7,87,10.6,3.2,Masaka,-0.34,31.73
2020-02-05,20.2,5.6,88,10.8,3.28,Masaka,-0.34,31.73
2020-02-06,20.1,6.2,88,10.3,3.26,Masaka,-0.34,31.73
2020-02-07,21.4,0.1,79,10.4,4.49,Masaka,-0.34,31.73
2020-02-08,22.2,0.2,77,13.0,4.74,Masaka,-0.34,31.73
2020-02-09,22.5,0.2,76,13.0,4.84,Masaka,-0.34,31.73
2020-02-10,22.7,0.0,68,11.6,5.37,Masaka,-0.34,31.73
2020-02-11,22.7,0.0,66,12.5,5.48,Masaka,-0.34,31.73
2020-02-12,22.9,0.0,69,12.6,4.71,Masaka,-0.34,31.73
2020-02-13,23.9,0.0,57,19.1,5.47,Masaka,-0.34,31.73
2020-02-14,22.9,0.2,66,18.2,4.45,Masaka,-0.34,31.73
2020-02-15,21.3,1.0,80,12.6,3.62,Masaka,-0.34,31.73
2020-02-16,21.6,2.6,82,15.0,3.9,Masaka,-0.34,31.73
2020-02-17,22.9,0.9,75,12.2,4.27,Masaka,-0.34,31.73
2020-02-18,22.7,5.3,79,12.5,4.15,Masaka,-0.34,31.73
2020-02-19,22.7,4.2,76,15.1,4.78,Masaka,-0.34,31.73
2020-02-20,22.8,3.4,76,12.8,4.74,Masaka,-0.34,31.73
2020-02-21,22.3,3.2,78,14.8,4.45,Masaka,-0.34,31.73
2020-02-22,23.0,0.1,77,13.9,4.84,Masaka,-0.34,31.73
2020-02-23,23.1,0.7,76,13.0,4.61,Masaka,-0.34,31.73
2020-02-24,23.1,1.1,73,12.3,3.92,Masaka,-0.34,31.73
2020-02-25,22.8,0.6,75,17.3,4.23,Masaka,-0.34,31.73
2020-02-26,22.5,1.3,79,16.6,4.03,Masaka,-0.34,31.73
2020-02-27,23.0,5.7,77,14.6,4.14,Masaka,-0.34,31.73
2020-02-28,20.7,1.6,86,13.0,1.83,Masaka,-0.34,31.73
2020-02-29,21.0,0.9,85,15.8,3.7,Masaka,-0.34,31.73
2020-03-01,21.6,2.0,83,10.7,3.92,Masaka,-0.34,31.73
2020-03-02,21.9,7.6,82,14.4,3.09,Masaka,-0.34,31.73
2020-03-03,21.8,11.3,83,12.6,4.01,Masaka,-0.34,31.73
2020-03-04,21.4,3.9,85,19.2,2.89,Masaka,-0.34,31.73
2020-03-05,22.7,7.2,80,12.4,4.41,Masaka,-0.34,31.73
2020-03-06,22.9,0.0,77,13.2,5.01,Masaka,-0.34,31.73
2020-03-07,22.1,1.4,80,18.8,3.89,Masaka,-0.34,31.73
2020-03-08,22.0,4.3,81,13.8,4.03,Masaka,-0.34,31.73
2020-03-09,21.6,8.6,85,13.1,3.26,Masaka,-0.34,31.73
2020-03-10,22.5,0.5,78,11.9,4.7,Masaka,-0.34,31.73
2020-03-11,21.4,0.6,86,16.7,3.36,Masaka,-0.34,31.73
2020-03-12,21.4,4.7,86,13.5,3.49,Masaka,-0.34,31.73
2020-03-13,21.2,0.2,83,10.8,3.69,Masaka,-0.34,31.73
2020-03-14,21.5,0.4,83,12.7,4.45,Masaka,-0.34,31.73
2020-03-15,22.0,0.7,82,13.0,4.06,Masaka,-0.34,31.73
2020-03-16,21.7,4.9,84,12.5,3.25,Masaka,-0.34,31.73
2020-03-17,22.1,4.1,83,13.8,4.28,Masaka,-0.34,31.73
2020-03-18,20.7,12.0,86,11.4,2.79,Masaka,-0.34,31.73
2020-03-19,19.9,1.9,86,14.3,2.65,Masaka,-0.34,31.73
2020-03-20,21.1,1.4,89,12.3,3.6,Masaka,-0.34,31.73
2020-03-21,21.2,5.0,88,13.1,3.62,Masaka,-0.34,31.73
2020-03-22,21.4,7.6,79,11.9,3.78,Masaka,-0.34,31.73
2020-03-23,20.6,3.1,83,12.1,3.68,Masaka,-0.34,31.73
2020-03-24,21.0,6.4,86,16.1,3.44,Masaka,-0.34,31.73
2020-03-25,20.3,11.7,85,13.8,3.0,Masaka,-0.34,31.73
2020-03-26,19.5,3.8,86,12.2,2.05,Masaka,-0.34,31.73
2020-03-27,20.1,18.6,88,12.2,2.38,Masaka,-0.34,31.73
2020-03-28,20.6,7.9,83,15.2,2.81,Masaka,-0.34,31.73
2020-03-29,21.4,2.5,81,12.7,3.65,Masaka,-0.34,31.73
2020-03-30,21.7,0.6,82,12.5,3.42,Masaka,-0.34,31.73
2020-03-31,21.8,0.3,84,15.1,3.95,Masaka,-0.34,31.73
2020-04-01,22.1,0.2,84,15.8,4.44,Masaka,-0.34,31.73
2020-04-02,22.6,0.1,78,11.7,4.86,Masaka,-0.34,31.73
2020-04-03,22.2,0.6,80,15.3,4.38,Masaka,-0.34,31.73
2020-04-04,20.9,27.4,86,17.9,2.41,Masaka,-0.34,31.73
2020-04-05,21.5,2.4,84,12.6,3.93,Masaka,-0.34,31.73
2020-04-06,21.9,2.5,84,14.3,3.88,Masaka,-0.34,31.73
2020-04-07,22.2,0.9,83,14.3,3.63,Masaka,-0.34,31.73
2020-04-08,21.8,0.4,82,18.1,4.25,Masaka,-0.34,31.73
2020-04-09,21.7,1.1,84,18.2,3.94,Masaka,-0.34,31.73
2020-04-10,21.5,5.7,84,17.4,3.68,Masaka,-0.34,31.73
2020-04-11,21.3,5.9,87,16.1,3.16,Masaka,-0.34,31.73
2020-04-12,21.4,5.2,86,19.9,3.71,Masaka,-0.34,31.73
2020-04-13,20.1,14.9,89,11.3,1.98,Masaka,-0.34,31.73
2020-04-14,21.3,9.9,85,10.3,3.01,Masaka,-0.34,31.73
2020-04-15,21.4,2.8,84,12.8,3.12,Masaka,-0.34,31.73
2020-04-16,21.7,1.7,83,14.8,3.47,Masaka,-0.34,31.73
2020-04-17,21.2,6.3,87,14.4,2.9,Masaka,-0.34,31.73
2020-04-18,19.1,24.3,95,14.7,0.9,Masaka,-0.34,31.73
2020-04-19,20.3,10.2,89,12.8,2.35,Masaka,-0.34,31.73
2020-04-20,20.3,2.1,86,8.4,3.46,Masaka,-0.34,31.73
2020-04-21,20.2,3.7,87,9.2,3.12,Masaka,-0.34,31.73
2020-04-22,20.1,15.0,88,10.4,2.39,Masaka,-0.34,31.73
2020-04-23,19.7,2.2,89,9.8,2.12,Masaka,-0.34,31.73
2020-04-24,20.7,0.9,85,14.2,3.78,Masaka,-0.34,31.73
2020-04-25,21.2,0.7,85,12.2,3.35,Masaka,-0.34,31.73
2020-04-26,21.0,0.8,87,14.2,3.43,Masaka,-0.34,31.73
2020-04-27,20.9,4.3,88,15.2,2.89,Masaka,-0.34,31.73
2020-04-28,20.8,3.1,87,12.9,3.61,Masaka,-0.34,31.73
2020-04-29,19.7,15.7,90,15.1,2.44,Masaka,-0.34,31.73
2020-04-30,19.9,4.4,89,18.6,2.78,Masaka,-0.34,31.73
2020-05-01,20.9,1.0,86,15.7,3.16,Masaka,-0.34,31.73
2020-05-02,19.7,15.4,92,13.1,1.93,Masaka,-0.34,31.73
2020-05-03,20.4,5.1,86,14.1,3.57,Masaka,-0.34,31.73
2020-05-04,20.9,3.3,86,14.7,3.81,Masaka,-0.34,31.73
2020-05-05,20.3,1.0,87,14.5,2.86,Masaka,-0.34,31.73
2020-05-06,20.5,7.0,88,16.3,3.4,Masaka,-0.34,31.73
2020-05-07,20.9,5.3,88,17.0,3.13,Masaka,-0.34,31.73
2020-05-08,20.4,6.5,86,19.2,2.92,Masaka,-0.34,31.73
2020-05-09,20.7,0.8,86,19.3,3.39,Masaka,-0.34,31.73
2020-05-10,19.7,14.0,91,17.7,1.92,Masaka,-0.34,31.73
2020-05-11,19.1,2.0,90,10.8,2.39,Masaka,-0.34,31.73
2020-05-12,19.5,3.1,92,13.4,1.84,Masaka,-0.34,31.73
2020-05-13,20.1,0.3,84,9.7,3.87,Masaka,-0.34,31.73
2020-05-14,20.4,0.5,88,13.6,3.67,Masaka,-0.34,31.73
2020-05-15,20.0,3.7,91,11.6,2.8,Masaka,-0.34,31.73
2020-05-16,20.3,3.3,89,12.2,3.02,Masaka,-0.34,31.73
2020-05-17,20.9,1.1,87,17.2,3.57,Masaka,-0.34,31.73
2020-05-18,20.1,2.6,86,18.4,3.33,Masaka,-0.34,31.73
2020-05-19,20.4,0.0,84,18.4,3.87,Masaka,-0.34,31.73
2020-05-20,20.7,4.2,87,18.1,3.64,Masaka,-0.34,31.73
2020-05-21,19.7,2.0,87,20.0,2.74,Masaka,-0.34,31.73
2020-05-22,20.3,0.0,76,23.4,3.7,Masaka,-0.34,31.73
2020-05-23,20.5,0.0,76,23.4,4.33,Masaka,-0.34,31.73
2020-05-24,20.2,0.5,76,19.0,3.42,Masaka,-0.34,31.73
2020-05-25,20.7,0.7,76,14.7,4.27,Masaka,-0.34,31.73
2020-05-26,21.0,0.1,79,15.4,4.11,Masaka,-0.34,31.73
2020-05-27,21.1,1.1,84,14.5,3.83,Masaka,-0.34,31.73
2020-05-28,20.7,0.5,87,17.1,3.69,Masaka,-0.34,31.73
2020-05-29,19.7,29.3,91,12.0,1.88,Masaka,-0.34,31.73
2020-05-30,21.2,0.0,80,18.7,3.82,Masaka,-0.34,31.73
2020-05-31,21.1,0.4,72,26.0,4.32,Masaka,-0.34,31.73
2020-06-01,20.7,0.3,73,26.7,4.2,Masaka,-0.34,31.73
2020-06-02,20.9,0.3,75,25.1,4.05,Masaka,-0.34,31.73
2020-06-03,20.7,0.3,78,22.7,3.78,Masaka,-0.34,31.73
2020-06-04,20.6,3.0,80,16.6,3.57,Masaka,-0.34,31.73
2020-06-05,20.8,0.9,80,19.0,3.75,Masaka,-0.34,31.73
2020-06-06,20.6,0.1,78,21.6,3.84,Masaka,-0.34,31.73
2020-06-07,21.1,0.2,74,19.5,4.24,Masaka,-0.34,31.73
2020-06-08,20.3,5.3,80,11.9,3.15,Masaka,-0.34,31.73
2020-06-09,20.6,0.9,82,14.3,3.2,Masaka,-0.34,31.73
2020-06-10,19.7,4.4,85,11.5,2.18,Masaka,-0.34,31.73
2020-06-11,20.3,4.6,83,9.0,3.65,Masaka,-0.34,31.73
2020-06-12,19.9,5.9,83,15.3,3.29,Masaka,-0.34,31.73
2020-06-13,19.6,10.2,87,9.9,2.84,Masaka,-0.34,31.73
2020-06-14,20.6,4.0,77,20.9,3.89,Masaka,-0.34,31.73
2020-06-15,20.3,1.1,74,21.1,3.35,Masaka,-0.34,31.73
2020-06-16,20.3,0.7,73,23.5,3.91,Masaka,-0.34,31.73
2020-06-17,20.5,0.1,70,24.5,4.45,Masaka,-0.34,31.73
2020-06-18,20.4,0.5,68,22.9,4.49,Masaka,-0.34,31.73
2020-06-19,20.3,1.6,74,20.0,3.74,Masaka,-0.34,31.73
2020-06-20,20.4,0.8,75,21.7,3.88,Masaka,-0.34,31.73
2020-06-21,21.0,0.8,71,20.5,3.6,Masaka,-0.34,31.73
2020-06-22,21.0,0.9,73,13.5,3.77,Masaka,-0.34,31.73
2020-06-23,20.6,0.3,78,17.9,3.92,Masaka,-0.34,31.73
2020-06-24,20.7,6.5,82,20.7,3.5,Masaka,-0.34,31.73
2020-06-25,20.7,0.7,76,18.9,3.63,Masaka,-0.34,31.73
2020-06-26,20.4,0.6,74,19.4,3.93,Masaka,-0.34,31.73
2020-06-27,20.8,0.8,76,16.5,4.13,Masaka,-0.34,31.73
2020-06-28,20.7,0.6,78,16.4,3.77,Masaka,-0.34,31.73
2020-06-29,20.5,3.0,82,15.3,3.39,Masaka,-0.34,31.73
2020-06-30,21.4,0.0,64,17.8,4.52,Masaka,-0.34,31.73
2020-07-01,20.4,0.6,70,22.7,3.96,Masaka,-0.34,31.73
2020-07-02,20.7,0.4,69,24.7,4.09,Masaka,-0.34,31.73
2020-07-03,21.0,0.2,65,25.5,4.57,Masaka,-0.34,31.73
2020-07-04,21.2,0.0,66,23.6,4.55,Masaka,-0.34,31.73
2020-07-05,21.2,0.5,66,24.6,4.48,Masaka,-0.34,31.73
2020-07-06,21.6,0.3,65,23.5,4.31,Masaka,-0.34,31.73
2020-07-07,21.2,1.0,68,18.5,3.34,Masaka,-0.34,31.73
2020-07-08,20.4,1.1,74,15.5,3.25,Masaka,-0.34,31.73
2020-07-09,20.0,1.5,73,16.3,3.56,Masaka,-0.34,31.73
2020-07-10,19.9,6.5,79,16.4,3.07,Masaka,-0.34,31.73
2020-07-11,20.0,3.8,82,19.4,2.94,Masaka,-0.34,31.73
2020-07-12,20.4,0.2,77,13.4,3.95,Masaka,-0.34,31.73
2020-07-13,20.5,2.0,78,20.1,3.65,Masaka,-0.34,31.73
2020-07-14,19.9,1.8,80,16.5,2.81,Masaka,-0.34,31.73
2020-07-15,20.1,0.5,79,12.7,3.56,Masaka,-0.34,31.73
2020-07-16,19.1,12.0,88,19.7,1.91,Masaka,-0.34,31.73
2020-07-17,19.1,0.3,70,24.5,3.29,Masaka,-0.34,31.73
2020-07-18,19.5,0.0,57,25.8,4.64,Masaka,-0.34,31.73
2020-07-19,20.2,0.0,58,24.7,4.65,Masaka,-0.34,31.73
2020-07-20,20.7,0.2,63,23.4,4.55,Masaka,-0.34,31.73
2020-07-21,20.6,1.8,72,15.7,3.71,Masaka,-0.34,31.73
2020-07-22,21.1,0.5,71,21.8,4.02,Masaka,-0.34,31.73
2020-07-23,20.6,1.3,72,15.6,3.44,Masaka,-0.34,31.73
2020-07-24,20.8,0.1,72,21.4,3.91,Masaka,-0.34,31.73
2020-07-25,20.8,0.1,67,24.3,4.79,Masaka,-0.34,31.73
2020-07-26,20.7,0.0,63,22.7,5.11,Masaka,-0.34,31.73
2020-07-27,20.7,0.4,68,20.4,4.44,Masaka,-0.34,31.73
2020-07-28,21.4,1.0,69,23.9,4.29,Masaka,-0.34,31.73
2020-07-29,21.1,0.6,74,18.6,3.94,Masaka,-0.34,31.73
2020-07-30,21.3,0.8,70,20.0,4.1,Masaka,-0.34,31.73
2020-07-31,22.2,0.2,67,19.6,4.66,Masaka,-0.34,31.73
2020-08-01,21.2,0.9,68,24.8,4.52,Masaka,-0.34,31.73
2020-08-02,21.3,0.6,60,27.0,4.88,Masaka,-0.34,31.73
2020-08-03,21.4,0.0,56,26.2,5.18,Masaka,-0.34,31.73
2020-08-04,21.2,0.2,59,19.7,3.07,Masaka,-0.34,31.73
2020-08-05,21.9,0.1,70,19.2,4.6,Masaka,-0.34,31.73
2020-08-06,22.1,0.5,67,16.3,4.51,Masaka,-0.34,31.73
2020-08-07,22.2,1.2,68,15.2,4.23,Masaka,-0.34,31.73
2020-08-08,21.5,3.4,74,21.7,3.51,Masaka,-0.34,31.73
2020-08-09,21.0,0.1,68,23.0,4.32,Masaka,-0.34,31.73
2020-08-10,21.6,0.0,68,15.6,4.43,Masaka,-0.34,31.73
2020-08-11,22.8,0.4,68,15.8,4.67,Masaka,-0.34,31.73
2020-08-12,22.2,2.5,74,11.3,3.68,Masaka,-0.34,31.73
2020-08-13,22.3,1.1,76,13.8,4.02,Masaka,-0.34,31.73
2020-08-14,21.3,4.9,83,13.0,3.22,Masaka,-0.34,31.73
2020-08-15,22.0,0.4,77,15.0,4.29,Masaka,-0.34,31.73
2020-08-16,21.8,0.5,76,16.1,3.91,Masaka,-0.34,31.73
2020-08-17,21.6,1.5,79,16.2,3.91,Masaka,-0.34,31.73
2020-08-18,21.4,1.8,79,16.8,3.69,Masaka,-0.34,31.73
2020-08-19,21.9,1.4,78,16.1,4.08,Masaka,-0.34,31.73
2020-08-20,22.0,4.8,77,15.0,3.68,Masaka,-0.34,31.73
2020-08-21,20.1,8.6,86,16.2,2.71,Masaka,-0.34,31.73
2020-08-22,20.3,2.1,79,19.1,3.37,Masaka,-0.34,31.73
2020-08-23,20.1,6.0,82,16.7,3.48,Masaka,-0.34,31.73
2020-08-24,20.4,1.0,76,14.8,3.57,Masaka,-0.34,31.73
2020-08-25,20.9,0.1,76,14.5,4.53,Masaka,-0.34,31.73
2020-08-26,20.5,2.6,81,15.5,3.58,Masaka,-0.34,31.73
2020-08-27,21.1,0.4,77,13.3,4.32,Masaka,-0.34,31.73
2020-08-28,21.3,0.3,75,12.0,4.34,Masaka,-0.34,31.73
2020-08-29,21.0,2.3,78,16.9,3.93,Masaka,-0.34,31.73
2020-08-30,21.8,4.2,74,17.4,4.58,Masaka,-0.34,31.73
2020-08-31,21.5,5.0,76,17.6,3.9,Masaka,-0.34,31.73
2020-09-01,21.0,0.5,78,15.3,4.36,Masaka,-0.34,31.73
2020-09-02,21.2,0.1,72,21.7,4.5,Masaka,-0.34,31.73
2020-09-03,21.3,0.0,62,21.4,5.04,Masaka,-0.34,31.73
2020-09-04,22.5,1.1,64,18.3,4.87,Masaka,-0.34,31.73
2020-09-05,22.8,0.9,67,15.1,4.56,Masaka,-0.34,31.73
2020-09-06,21.3,11.0,76,15.0,2.88,Masaka,-0.34,31.73
2020-09-07,19.8,10.9,83,14.3,2.36,Masaka,-0.34,31.73
2020-09-08,20.8,1.5,80,16.8,4.16,Masaka,-0.34,31.73
2020-09-09,20.9,6.9,79,13.0,3.95,Masaka,-0.34,31.73
2020-09-10,20.4,1.1,81,17.8,4.08,Masaka,-0.34,31.73
2020-09-11,20.6,3.5,80,16.4,3.94,Masaka,-0.34,31.73
2020-09-12,20.3,6.3,83,14.1,3.07,Masaka,-0.34,31.73
2020-09-13,20.8,3.4,79,21.3,4.36,Masaka,-0.34,31.73
2020-09-14,20.9,2.4,79,15.6,4.02,Masaka,-0.34,31.73
2020-09-15,21.4,1.4,76,14.2,4.46,Masaka,-0.34,31.73
2020-09-16,21.7,2.3,75,11.8,4.35,Masaka,-0.34,31.73
2020-09-17,22.0,0.1,75,16.6,5.11,Masaka,-0.34,31.73
2020-09-18,22.3,0.0,76,17.0,4.9,Masaka,-0.34,31.73
2020-09-19,22.3,1.1,74,14.1,4.68,Masaka,-0.34,31.73
2020-09-20,22.2,1.0,72,13.8,4.68,Masaka,-0.34,31.73
2020-09-21,21.6,1.3,78,13.9,2.84,Masaka,-0.34,31.73
2020-09-22,21.2,3.6,81,18.5,3.94,Masaka,-0.34,31.73
2020-09-23,19.9,4.6,87,15.3,3.22,Masaka,-0.34,31.73
2020-09-24,21.1,0.8,77,14.7,4.59,Masaka,-0.34,31.73
2020-09-25,20.7,4.4,82,16.6,3.63,Masaka,-0.34,31.73
2020-09-26,21.5,1.4,79,12.5,4.3,Masaka,-0.34,31.73
2020-09-27,22.0,2.3,76,12.6,4.83,Masaka,-0.34,31.73
2020-09-28,20.9,3.0,84,11.0,3.36,Masaka,-0.34,31.73
2020-09-29,21.2,3.4,81,12.0,4.47,Masaka,-0.34,31.73
2020-09-30,21.4,0.8,76,14.9,4.6,Masaka,-0.34,31.73
2020-10-01,21.2,1.2,79,12.3,3.81,Masaka,-0.34,31.73
2020-10-02,20.8,4.3,81,17.1,4.22,Masaka,-0.34,31.73
2020-10-03,21.2,2.7,77,15.3,4.4,Masaka,-0.34,31.73
2020-10-04,21.5,0.1,73,14.0,4.41,Masaka,-0.34,31.73
2020-10-05,21.7,0.1,74,17.4,5.03,Masaka,-0.34,31.73
2020-10-06,21.9,1.9,77,19.4,4.58,Masaka,-0.34,31.73
2020-10-07,21.8,0.6,74,14.1,4.73,Masaka,-0.34,31.73
2020-10-08,22.5,0.9,70,13.7,4.85,Masaka,-0.34,31.73
2020-10-09,22.1,1.3,72,19.6,4.41,Masaka,-0.34,31.73
2020-10-10,22.3,4.0,69,15.9,4.62,Masaka,-0.34,31.73
2020-10-11,22.1,0.5,71,15.5,5.18,Masaka,-0.34,31.73
2020-10-12,21.4,5.0,78,14.6,3.55,Masaka,-0.34,31.73
2020-10-13,21.4,3.2,78,13.2,3.82,Masaka,-0.34,31.73
2020-10-14,21.1,3.5,79,15.4,4.08,Masaka,-0.34,31.73
2020-10-15,21.4,0.4,77,15.6,4.79,Masaka,-0.34,31.73
2020-10-16,21.8,0.1,72,15.0,4.89,Masaka,-0.34,31.73
2020-10-17,21.3,5.3,75,17.7,3.89,Masaka,-0.34,31.73
2020-10-18,22.3,2.9,72,14.1,3.75,Masaka,-0.34,31.73
2020-10-19,22.4,1.0,74,15.2,4.54,Masaka,-0.34,31.73
2020-10-20,21.9,12.2,75,13.7,3.52,Masaka,-0.34,31.73
2020-10-21,21.6,0.7,77,15.3,3.88,Masaka,-0.34,31.73
2020-10-22,21.4,3.2,80,18.9,3.58,Masaka,-0.34,31.73
2020-10-23,22.2,2.3,74,14.5,4.53,Masaka,-0.34,31.73
2020-10-24,22.6,0.4,72,16.9,5.07,Masaka,-0.34,31.73
2020-10-25,22.4,7.0,77,16.4,3.83,Masaka,-0.34,31.73
2020-10-26,21.0,14.0,83,13.2,2.58,Masaka,-0.34,31.73
2020-10-27,20.9,5.3,85,7.7,2.56,Masaka,-0.34,31.73
2020-10-28,21.3,3.9,82,15.9,3.39,Masaka,-0.34,31.73
2020-10-29,20.9,13.6,85,15.5,2.66,Masaka,-0.34,31.73
2020-10-30,19.6,17.2,92,9.1,1.93,Masaka,-0.34,31.73
2020-10-31,20.0,1.9,79,16.3,4.16,Masaka,-0.34,31.73
2020-11-01,20.6,0.3,79,16.8,4.52,Masaka,-0.34,31.73
2020-11-02,21.2,0.4,76,14.7,4.56,Masaka,-0.34,31.73
2020-11-03,21.7,0.2,76,15.3,4.74,Masaka,-0.34,31.73
2020-11-04,21.9,2.7,81,13.0,4.31,Masaka,-0.34,31.73
2020-11-05,21.4,2.2,84,12.5,3.84,Masaka,-0.34,31.73
2020-11-06,20.7,9.2,85,12.6,2.53,Masaka,-0.34,31.73
2020-11-07,20.5,1.6,85,11.8,3.32,Masaka,-0.34,31.73
2020-11-08,20.6,2.9,84,15.9,3.68,Masaka,-0.34,31.73
2020-11-09,20.3,9.8,87,16.8,3.12,Masaka,-0.34,31.73
2020-11-10,20.2,2.8,83,11.3,2.66,Masaka,-0.34,31.73
2020-11-11,20.0,3.0,84,9.3,2.74,Masaka,-0.34,31.73
2020-11-12,20.5,0.3,81,12.4,4.22,Masaka,-0.34,31.73
2020-11-13,20.8,5.2,80,13.1,3.89,Masaka,-0.34,31.73
2020-11-14,19.5,4.6,87,7.3,2.51,Masaka,-0.34,31.73
2020-11-15,20.8,6.2,83,10.9,3.56,Masaka,-0.34,31.73
2020-11-16,19.5,10.6,88,12.9,2.36,Masaka,-0.34,31.73
2020-11-17,20.6,0.2,81,8.9,4.11,Masaka,-0.34,31.73
2020-11-18,19.9,4.9,86,11.5,2.66,Masaka,-0.34,31.73
2020-11-19,20.0,0.1,76,11.7,3.93,Masaka,-0.34,31.73
2020-11-20,20.8,0.2,77,14.4,4.38,Masaka,-0.34,31.73
2020-11-21,20.8,5.5,85,13.8,3.59,Masaka,-0.34,31.73
2020-11-22,20.4,5.7,86,9.4,3.21,Masaka,-0.34,31.73
2020-11-23,20.9,0.9,81,14.1,4.01,Masaka,-0.34,31.73
2020-11-24,21.2,1.0,82,11.8,3.72,Masaka,-0.34,31.73
2020-11-25,18.6,30.5,93,12.1,0.98,Masaka,-0.34,31.73
2020-11-26,20.1,0.2,80,9.3,4.61,Masaka,-0.34,31.73
2020-11-27,20.9,3.1,79,13.8,3.74,Masaka,-0.34,31.73
2020-11-28,20.0,7.9,88,12.6,2.8,Masaka,-0.34,31.73
2020-11-29,19.8,14.1,87,10.6,2.65,Masaka,-0.34,31.73
2020-11-30,20.2,5.0,85,11.7,3.5,Masaka,-0.34,31.73
2020-12-01,20.9,0.4,79,9.3,4.4,Masaka,-0.34,31.73
2020-12-02,21.6,0.1,75,16.6,4.23,Masaka,-0.34,31.73
2020-12-03,21.1,0.5,79,12.2,3.72,Masaka,-0.34,31.73
2020-12-04,19.5,4.9,87,13.5,2.21,Masaka,-0.34,31.73
2020-12-05,20.8,0.6,78,9.7,4.35,Masaka,-0.34,31.73
2020-12-06,20.8,0.3,82,11.4,4.21,Masaka,-0.34,31.73
2020-12-07,21.0,1.3,80,14.9,3.88,Masaka,-0.34,31.73
2020-12-08,21.0,5.8,81,15.6,3.86,Masaka,-0.34,31.73
2020-12-09,20.4,0.4,81,8.7,2.34,Masaka,-0.34,31.73
2020-12-10,20.9,0.3,80,10.7,3.89,Masaka,-0.34,31.73
2020-12-11,21.2,0.4,79,16.6,3.88,Masaka,-0.34,31.73
2020-12-12,20.8,0.1,79,12.6,4.14,Masaka,-0.34,31.73
2020-12-13,20.6,0.8,78,10.6,3.83,Masaka,-0.34,31.73
2020-12-14,20.5,0.0,75,12.6,4.47,Masaka,-0.34,31.73
2020-12-15,20.7,0.5,77,12.9,4.15,Masaka,-0.34,31.73
2020-12-16,21.5,0.4,73,18.0,4.37,Masaka,-0.34,31.73
2020-12-17,22.5,0.1,69,20.1,4.39,Masaka,-0.34,31.73
2020-12-18,21.2,11.2,82,12.9,2.72,Masaka,-0.34,31.73
2020-12-19,21.2,3.4,82,12.4,3.41,Masaka,-0.34,31.73
2020-12-20,20.6,0.9,82,12.3,3.67,Masaka,-0.34,31.73
2020-12-21,21.1,3.9,79,11.8,3.62,Masaka,-0.34,31.73
2020-12-22,20.5,1.9,81,9.3,3.25,Masaka,-0.34,31.73
2020-12-23,21.1,0.5,75,10.1,4.26,Masaka,-0.34,31.73
2020-12-24,20.5,4.1,81,13.2,3.13,Masaka,-0.34,31.73
2020-12-25,21.0,2.0,79,12.8,4.1,Masaka,-0.34,31.73
2020-12-26,21.4,2.1,77,11.4,3.93,Masaka,-0.34,31.73
2020-12-27,21.6,3.4,78,11.2,3.88,Masaka,-0.34,31.73
2020-12-28,21.8,0.0,74,16.9,4.95,Masaka,-0.34,31.73
2020-12-29,21.6,0.0,71,18.1,5.13,Masaka,-0.34,31.73
2020-12-30,21.8,0.4,76,10.7,3.99,Masaka,-0.34,31.73
2020-12-31,21.7,0.8,73,16.6,4.04,Masaka,-0.34,31.73
2021-01-01,19.5,6.1,86,10.7,2.07,Masaka,-0.34,31.73
2021-01-02,19.8,12.7,85,11.2,2.75,Masaka,-0.34,31.73
2021-01-03,19.6,1.4,86,10.9,2.96,Masaka,-0.34,31.73
2021-01-04,20.2,1.2,81,12.5,3.51,Masaka,-0.34,31.73
2021-01-05,20.8,1.6,78,11.2,4.22,Masaka,-0.34,31.73
2021-01-06,20.6,2.7,82,16.5,3.7,Masaka,-0.34,31.73
2021-01-07,21.2,0.9,75,13.0,4.18,Masaka,-0.34,31.73
2021-01-08,22.6,0.0,67,16.9,5.07,Masaka,-0.34,31.73
2021-01-09,20.5,5.9,81,12.8,2.93,Masaka,-0.34,31.73
2021-01-10,19.5,11.0,88,9.3,2.16,Masaka,-0.34,31.73
2021-01-11,20.8,6.5,81,11.5,3.48,Masaka,-0.34,31.73
2021-01-12,20.1,2.3,81,11.9,1.74,Masaka,-0.34,31.73
2021-01-13,21.1,6.3,79,12.3,4.03,Masaka,-0.34,31.73
2021-01-14,20.7,8.7,85,15.3,3.17,Masaka,-0.34,31.73
2021-01-15,21.0,0.7,80,14.8,3.45,Masaka,-0.34,31.73
2021-01-16,19.8,2.2,85,11.9,2.7,Masaka,-0.34,31.73
2021-01-17,20.9,0.0,78,6.4,4.23,Masaka,-0.34,31.73
2021-01-18,21.4,0.6,74,10.2,3.93,Masaka,-0.34,31.73
2021-01-19,21.0,1.5,79,11.4,2.96,Masaka,-0.34,31.73
2021-01-20,21.2,2.3,81,13.9,3.86,Masaka,-0.34,31.73
2021-01-21,20.9,0.6,79,14.2,4.14,Masaka,-0.34,31.73
2021-01-22,21.6,0.1,74,11.5,4.52,Masaka,-0.34,31.73
2021-01-23,22.0,0.4,72,12.8,4.47,Masaka,-0.34,31.73
2021-01-24,20.7,4.2,80,8.2,2.57,Masaka,-0.34,31.73
2021-01-25,21.1,2.8,76,12.0,3.92,Masaka,-0.34,31.73
2021-01-26,20.6,0.2,79,17.6,3.89,Masaka,-0.34,31.73
2021-01-27,21.1,0.9,72,14.3,4.31,Masaka,-0.34,31.73
2021-01-28,22.1,0.0,70,14.9,5.09,Masaka,-0.34,31.73
2021-01-29,22.4,0.1,69,15.0,4.92,Masaka,-0.34,31.73
2021-01-30,21.5,1.2,75,21.4,3.57,Masaka,-0.34,31.73
2021-01-31,22.0,0.0,70,15.5,4.27,Masaka,-0.34,31.73
2021-02-01,22.0,0.1,70,17.5,5.26,Masaka,-0.34,31.73
2021-02-02,21.5,0.1,71,15.2,4.77,Masaka,-0.34,31.73
2021-02-03,22.8,0.3,64,15.7,4.91,Masaka,-0.34,31.73
2021-02-04,22.8,1.9,69,20.3,4.79,Masaka,-0.34,31.73
2021-02-05,22.9,2.2,70,17.1,4.19,Masaka,-0.34,31.73
2021-02-06,24.2,0.2,61,15.4,5.38,Masaka,-0.34,31.73
2021-02-07,24.3,0.0,56,19.0,5.84,Masaka,-0.34,31.73
2021-02-08,24.5,0.0,50,19.1,6.27,Masaka,-0.34,31.73
2021-02-09,24.0,0.0,54,17.9,5.68,Masaka,-0.34,31.73
2021-02-10,22.8,8.9,77,14.1,3.77,Masaka,-0.34,31.73
2021-02-11,21.7,5.5,78,16.2,3.36,Masaka,-0.34,31.73
2021-02-12,22.2,1.0,77,12.2,4.12,Masaka,-0.34,31.73
2021-02-13,22.0,6.0,80,12.7,3.32,Masaka,-0.34,31.73
2021-02-14,21.9,0.6,79,12.1,3.12,Masaka,-0.34,31.73
2021-02-15,22.6,1.3,77,13.2,4.57,Masaka,-0.34,31.73
2021-02-16,20.7,2.8,86,13.0,2.58,Masaka,-0.34,31.73
2021-02-17,21.7,0.1,79,15.3,3.73,Masaka,-0.34,31.73
2021-02-18,21.3,10.8,81,12.4,3.53,Masaka,-0.34,31.73
2021-02-19,21.4,0.3,74,13.3,4.42,Masaka,-0.34,31.73
2021-02-20,22.4,0.1,60,11.6,4.68,Masaka,-0.34,31.73
2021-02-21,22.0,0.0,61,17.3,5.38,Masaka,-0.34,31.73
2021-02-22,20.8,6.9,78,14.8,3.61,Masaka,-0.34,31.73
2021-02-23,21.9,0.2,76,14.7,3.72,Masaka,-0.34,31.73
2021-02-24,22.8,0.7,66,17.2,4.87,Masaka,-0.34,31.73
2021-02-25,21.9,2.7,78,12.0,4.35,Masaka,-0.34,31.73
2021-02-26,21.9,0.6,74,14.5,4.62,Masaka,-0.34,31.73
2021-02-27,22.9,0.0,63,15.9,5.22,Masaka,-0.34,31.73
2021-02-28,22.8,0.0,67,17.5,5.2,Masaka,-0.34,31.73
2021-03-01,23.0,0.2,72,13.4,4.9,Masaka,-0.34,31.73
2021-03-02,23.1,1.3,72,16.7,4.79,Masaka,-0.34,31.73
2021-03-03,23.1,8.4,72,17.1,3.91,Masaka,-0.34,31.73
2021-03-04,22.2,1.0,74,17.9,4.19,Masaka,-0.34,31.73
2021-03-05,22.0,3.9,76,12.5,4.2,Masaka,-0.34,31.73
2021-03-06,21.7,2.4,77,17.5,4.53,Masaka,-0.34,31.73
2021-03-07,21.9,0.5,75,15.3,4.48,Masaka,-0.34,31.73
2021-03-08,21.4,3.6,80,14.7,4.54,Masaka,-0.34,31.73
2021-03-09,20.5,11.9,84,16.1,3.64,Masaka,-0.34,31.73
2021-03-10,21.2,1.9,77,15.6,4.68,Masaka,-0.34,31.73
2021-03-11,21.9,0.2,73,18.7,5.37,Masaka,-0.34,31.73
2021-03-12,22.7,0.0,65,17.1,5.44,Masaka,-0.34,31.73
2021-03-13,22.8,0.0,61,20.7,5.89,Masaka,-0.34,31.73
2021-03-14,23.0,0.1,56,20.7,5.64,Masaka,-0.34,31.73
2021-03-15,23.1,1.0,59,21.6,5.45,Masaka,-0.34,31.73
2021-03-16,22.1,2.1,72,14.1,4.13,Masaka,-0.34,31.73
2021-03-17,22.5,3.8,72,14.5,4.73,Masaka,-0.34,31.73
2021-03-18,22.4,1.7,72,16.0,4.96,Masaka,-0.34,31.73
2021-03-19,21.6,1.5,77,13.7,3.53,Masaka,-0.34,31.73
2021-03-20,21.9,5.4,75,16.1,4.74,Masaka,-0.34,31.73
2021-03-21,22.1,3.5,74,15.3,4.14,Masaka,-0.34,31.73
2021-03-22,21.9,1.2,74,13.7,3.97,Masaka,-0.34,31.73
2021-03-23,22.1,3.9,74,20.0,3.78,Masaka,-0.34,31.73
2021-03-24,22.5,0.1,70,15.5,5.07,Masaka,-0.34,31.73
2021-03-25,22.5,0.0,67,12.8,4.95,Masaka,-0.34,31.73
2021-03-26,22.5,0.3,66,14.8,5.25,Masaka,-0.34,31.73
2021-03-27,20.8,2.9,73,21.7,3.05,Masaka,-0.34,31.73
2021-03-28,21.9,0.9,67,12.5,4.68,Masaka,-0.34,31.73
2021-03-29,21.2,1.0,76,10.4,4.17,Masaka,-0.34,31.73
2021-03-30,19.2,2.0,78,10.8,2.13,Masaka,-0.34,31.73
2021-03-31,20.2,1.9,80,9.5,4.12,Masaka,-0.34,31.73
2021-04-01,20.0,4.1,87,16.5,3.16,Masaka,-0.34,31.73
2021-04-02,20.8,1.1,81,15.1,4.15,Masaka,-0.34,31.73
2021-04-03,20.9,1.3,83,12.0,3.68,Masaka,-0.34,31.73
2021-04-04,20.8,0.6,84,13.6,3.56,Masaka,-0.34,31.73
2021-04-05,20.3,4.3,85,17.9,2.5,Masaka,-0.34,31.73
2021-04-06,20.4,0.0,78,14.5,4.11,Masaka,-0.34,31.73
2021-04-07,20.6,3.0,86,11.7,3.11,Masaka,-0.34,31.73
2021-04-08,20.3,9.5,90,12.4,2.43,Masaka,-0.34,31.73
2021-04-09,20.7,1.3,85,16.8,3.62,Masaka,-0.34,31.73
2021-04-10,20.9,1.9,82,14.6,4.29,Masaka,-0.34,31.73
2021-04-11,20.8,0.9,83,21.3,3.9,Masaka,-0.34,31.73
2021-04-12,20.5,3.6,85,15.7,2.94,Masaka,-0.34,31.73
2021-04-13,19.1,17.7,88,13.8,1.83,Masaka,-0.34,31.73
2021-04-14,19.5,0.5,82,14.0,4.1,Masaka,-0.34,31.73
2021-04-15,20.0,0.9,85,15.6,4.0,Masaka,-0.34,31.73
2021-04-16,19.5,6.5,89,17.3,2.64,Masaka,-0.34,31.73
2021-04-17,20.4,4.1,87,16.0,3.75,Masaka,-0.34,31.73
2021-04-18,19.7,9.6,87,15.1,3.05,Masaka,-0.34,31.73
2021-04-19,20.2,2.5,88,18.0,2.89,Masaka,-0.34,31.73
2021-04-20,19.4,11.0,91,12.3,1.75,Masaka,-0.34,31.73
2021-04-21,19.3,11.5,90,15.3,2.73,Masaka,-0.34,31.73
2021-04-22,19.7,1.5,88,17.9,3.02,Masaka,-0.34,31.73
2021-04-23,19.6,6.1,89,12.9,2.43,Masaka,-0.34,31.73
2021-04-24,20.5,10.6,88,13.4,3.58,Masaka,-0.34,31.73
2021-04-25,19.0,11.8,91,14.2,2.11,Masaka,-0.34,31.73
2021-04-26,19.8,0.0,81,10.2,4.12,Masaka,-0.34,31.73
2021-04-27,20.3,0.8,81,15.2,4.3,Masaka,-0.34,31.73
2021-04-28,20.3,0.6,86,15.3,3.92,Masaka,-0.34,31.73
2021-04-29,20.2,18.1,88,11.3,2.81,Masaka,-0.34,31.73
2021-04-30,19.4,5.9,90,9.0,2.67,Masaka,-0.34,31.73
2021-05-01,19.7,2.9,89,12.5,3.71,Masaka,-0.34,31.73
2021-05-02,20.0,1.1,85,18.9,3.78,Masaka,-0.34,31.73
2021-05-03,19.9,2.3,88,13.9,2.85,Masaka,-0.34,31.73
2021-05-04,20.0,5.8,89,15.5,2.98,Masaka,-0.34,31.73
2021-05-05,19.8,3.7,89,12.7,3.18,Masaka,-0.34,31.73
2021-05-06,18.9,2.9,92,9.1,2.07,Masaka,-0.34,31.73
2021-05-07,19.3,11.5,87,14.0,2.24,Masaka,-0.34,31.73
2021-05-08,19.9,3.2,83,10.4,3.3,Masaka,-0.34,31.73
2021-05-09,19.7,4.5,88,8.7,2.11,Masaka,-0.34,31.73
2021-05-10,18.9,17.3,89,10.2,1.79,Masaka,-0.34,31.73
2021-05-11,19.2,11.8,88,10.5,2.61,Masaka,-0.34,31.73
2021-05-12,19.6,15.1,90,12.5,2.61,Masaka,-0.34,31.73
2021-05-13,19.9,0.6,85,10.4,3.76,Masaka,-0.34,31.73
2021-05-14,20.3,4.9,86,10.7,3.52,Masaka,-0.34,31.73
2021-05-15,19.8,5.1,90,16.5,2.89,Masaka,-0.34,31.73
2021-05-16,20.3,0.5,84,13.7,4.03,Masaka,-0.34,31.73
2021-05-17,20.9,0.7,85,13.9,4.09,Masaka,-0.34,31.73
2021-05-18,20.6,6.4,88,17.6,3.37,Masaka,-0.34,31.73
2021-05-19,20.4,7.8,87,17.6,3.03,Masaka,-0.34,31.73
2021-05-20,20.2,1.4,87,12.5,3.44,Masaka,-0.34,31.73
2021-05-21,20.6,0.6,85,18.8,3.7,Masaka,-0.34,31.73
2021-05-22,20.9,0.7,82,17.9,3.83,Masaka,-0.34,31.73
2021-05-23,20.7,1.3,78,22.7,3.97,Masaka,-0.34,31.73
2021-05-24,20.7,0.5,70,25.5,4.55,Masaka,-0.34,31.73
2021-05-25,20.5,0.0,71,23.8,4.42,Masaka,-0.34,31.73
2021-05-26,20.6,0.0,72,22.1,4.41,Masaka,-0.34,31.73
2021-05-27,20.7,1.0,77,19.8,4.05,Masaka,-0.34,31.73
2021-05-28,20.5,0.4,78,16.3,4.1,Masaka,-0.34,31.73
2021-05-29,21.1,0.0,77,16.5,4.38,Masaka,-0.34,31.73
2021-05-30,20.9,0.3,81,18.5,3.78,Masaka,-0.34,31.73
2021-05-31,21.2,0.1,80,19.6,4.02,Masaka,-0.34,31.73
2021-06-01,20.6,0.0,73,22.6,3.7,Masaka,-0.34,31.73
2021-06-02,20.7,0.1,73,22.3,4.48,Masaka,-0.34,31.73
2021-06-03,20.7,0.5,76,17.8,3.91,Masaka,-0.34,31.73
2021-06-04,21.2,0.2,81,19.4,3.72,Masaka,-0.34,31.73
2021-06-05,20.5,0.7,83,16.3,3.7,Masaka,-0.34,31.73
2021-06-06,20.3,10.2,82,18.3,3.15,Masaka,-0.34,31.73
2021-06-07,19.9,0.8,75,20.7,3.97,Masaka,-0.34,31.73
2021-06-08,19.7,0.5,71,25.4,4.07,Masaka,-0.34,31.73
2021-06-09,19.8,0.0,73,23.2,4.02,Masaka,-0.34,31.73
2021-06-10,19.2,1.1,74,24.0,3.6,Masaka,-0.34,31.73
2021-06-11,20.2,0.0,67,23.4,4.89,Masaka,-0.34,31.73
2021-06-12,20.6,0.0,68,21.4,4.39,Masaka,-0.34,31.73
2021-06-13,20.7,0.0,68,22.7,4.72,Masaka,-0.34,31.73
2021-06-14,20.9,0.3,71,16.8,4.44,Masaka,-0.34,31.73
2021-06-15,21.0,0.3,71,20.4,4.21,Masaka,-0.34,31.73
2021-06-16,21.6,0.7,69,17.9,3.66,Masaka,-0.34,31.73
2021-06-17,21.7,1.0,70,13.4,4.03,Masaka,-0.34,31.73
2021-06-18,20.5,2.5,75,12.2,2.76,Masaka,-0.34,31.73
2021-06-19,19.4,5.6,84,15.5,2.63,Masaka,-0.34,31.73
2021-06-20,19.8,1.0,74,22.0,3.96,Masaka,-0.34,31.73
2021-06-21,19.9,1.5,75,24.5,3.77,Masaka,-0.34,31.73
2021-06-22,19.9,0.6,71,23.0,4.13,Masaka,-0.34,31.73
2021-06-23,20.5,0.1,69,23.8,4.27,Masaka,-0.34,31.73
2021-06-24,19.5,1.4,71,18.3,3.93,Masaka,-0.34,31.73
2021-06-25,20.6,0.7,67,16.6,4.13,Masaka,-0.34,31.73
2021-06-26,20.7,0.0,71,20.0,4.24,Masaka,-0.34,31.73
2021-06-27,20.8,0.0,69,21.1,4.69,Masaka,-0.34,31.73
2021-06-28,20.4,0.2,69,21.0,3.88,Masaka,-0.34,31.73
2021-06-29,20.7,0.4,62,24.3,4.27,Masaka,-0.34,31.73
2021-06-30,20.4,0.4,62,22.0,4.14,Masaka,-0.34,31.73
2021-07-01,19.9,1.4,78,15.3,3.67,Masaka,-0.34,31.73
2021-07-02,20.7,0.1,76,16.4,4.11,Masaka,-0.34,31.73
2021-07-03,21.1,0.0,71,19.1,4.63,Masaka,-0.34,31.73
2021-07-04,21.3,0.1,67,21.5,4.52,Masaka,-0.34,31.73
2021-07-05,21.2,0.0,59,22.3,5.28,Masaka,-0.34,31.73
2021-07-06,21.2,0.0,60,22.2,5.18,Masaka,-0.34,31.73
2021-07-07,20.6,0.1,64,23.2,4.54,Masaka,-0.34,31.73
2021-07-08,21.3,0.1,65,22.7,3.94,Masaka,-0.34,31.73
2021-07-09,20.1,0.7,76,20.6,2.49,Masaka,-0.34,31.73
2021-07-10,20.8,0.0,70,21.7,4.29,Masaka,-0.34,31.73
2021-07-11,20.8,0.7,66,21.0,3.8,Masaka,-0.34,31.73
2021-07-12,21.1,0.0,59,22.4,4.5,Masaka,-0.34,31.73
2021-07-13,20.7,2.3,71,14.0,3.06,Masaka,-0.34,31.73
2021-07-14,20.5,4.4,79,16.0,3.5,Masaka,-0.34,31.73
2021-07-15,20.1,11.5,82,18.9,2.79,Masaka,-0.34,31.73
2021-07-16,20.5,1.2,73,26.6,3.54,Masaka,-0.34,31.73
2021-07-17,20.3,0.0,62,27.8,4.77,Masaka,-0.34,31.73
2021-07-18,20.5,0.0,59,24.8,5.21,Masaka,-0.34,31.73
2021-07-19,21.2,0.0,57,26.0,5.41,Masaka,-0.34,31.73
2021-07-20,21.1,0.0,60,22.9,5.23,Masaka,-0.34,31.73
2021-07-21,21.3,0.0,66,24.2,4.61,Masaka,-0.34,31.73
2021-07-22,21.3,0.0,60,23.2,5.39,Masaka,-0.34,31.73
2021-07-23,21.3,0.1,57,24.6,5.3,Masaka,-0.34,31.73
2021-07-24,21.2,0.0,56,28.9,5.18,Masaka,-0.34,31.73
2021-07-25,21.2,0.0,54,28.2,4.89,Masaka,-0.34,31.73
2021-07-26,20.2,0.0,56,28.5,5.29,Masaka,-0.34,31.73
2021-07-27,21.0,0.0,51,23.7,5.49,Masaka,-0.34,31.73
2021-07-28,21.1,0.0,57,23.3,4.75,Masaka,-0.34,31.73
2021-07-29,21.6,0.1,63,21.5,4.55,Masaka,-0.34,31.73
2021-07-30,21.3,0.0,66,26.5,4.74,Masaka,-0.34,31.73
2021-07-31,21.8,0.0,52,30.4,5.64,Masaka,-0.34,31.73
2021-08-01,21.2,0.0,53,28.0,5.67,Masaka,-0.34,31.73
2021-08-02,21.5,0.5,55,24.8,5.19,Masaka,-0.34,31.73
2021-08-03,21.3,0.9,68,17.1,4.07,Masaka,-0.34,31.73
2021-08-04,22.2,0.2,70,17.3,4.56,Masaka,-0.34,31.73
2021-08-05,21.7,0.5,71,14.3,4.5,Masaka,-0.34,31.73
2021-08-06,21.5,1.9,68,17.8,3.92,Masaka,-0.34,31.73
2021-08-07,21.5,1.0,75,18.4,3.89,Masaka,-0.34,31.73
2021-08-08,22.2,0.3,65,16.5,4.67,Masaka,-0.34,31.73
2021-08-09,21.6,0.6,71,17.7,3.81,Masaka,-0.34,31.73
2021-08-10,20.9,1.6,80,13.5,3.4,Masaka,-0.34,31.73
2021-08-11,21.2,6.8,80,15.1,3.71,Masaka,-0.34,31.73
2021-08-12,20.8,9.8,81,15.4,3.65,Masaka,-0.34,31.73
2021-08-13,21.8,1.3,75,11.9,3.94,Masaka,-0.34,31.73
2021-08-14,19.6,4.8,87,16.3,2.27,Masaka,-0.34,31.73
2021-08-15,19.6,2.7,79,18.6,3.07,Masaka,-0.34,31.73
2021-08-16,20.4,1.4,69,22.2,4.19,Masaka,-0.34,31.73
2021-08-17,20.3,2.8,73,16.9,3.64,Masaka,-0.34,31.73
2021-08-18,20.6,1.0,75,17.9,4.08,Masaka,-0.34,31.73
2021-08-19,20.7,0.3,73,11.5,3.78,Masaka,-0.34,31.73
2021-08-20,21.2,0.6,75,13.7,3.88,Masaka,-0.34,31.73
2021-08-21,21.2,0.4,70,14.8,4.66,Masaka,-0.34,31.73
2021-08-22,20.6,2.4,78,16.3,3.85,Masaka,-0.34,31.73
2021-08-23,20.5,0.5,76,17.1,4.35,Masaka,-0.34,31.73
2021-08-24,20.7,0.8,71,18.7,4.11,Masaka,-0.34,31.73
2021-08-25,21.2,0.5,66,18.8,4.69,Masaka,-0.34,31.73
2021-08-26,21.8,0.5,63,17.9,4.58,Masaka,-0.34,31.73
2021-08-27,21.5,0.1,66,20.4,5.38,Masaka,-0.34,31.73
2021-08-28,21.7,0.3,69,15.1,4.47,Masaka,-0.34,31.73
2021-08-29,23.0,0.0,58,16.2,5.35,Masaka,-0.34,31.73
2021-08-30,23.4,0.1,65,17.4,5.0,Masaka,-0.34,31.73
2021-08-31,22.6,0.3,72,14.4,4.57,Masaka,-0.34,31.73
2021-09-01,21.6,6.5,80,16.4,3.18,Masaka,-0.34,31.73
2021-09-02,21.3,4.1,79,18.7,3.56,Masaka,-0.34,31.73
2021-09-03,20.3,4.3,82,20.6,2.62,Masaka,-0.34,31.73
2021-09-04,21.1,3.3,77,18.1,3.47,Masaka,-0.34,31.73
2021-09-05,21.2,1.0,76,15.6,4.36,Masaka,-0.34,31.73
2021-09-06,20.9,6.6,82,14.7,3.52,Masaka,-0.34,31.73
2021-09-07,21.2,2.6,79,15.7,4.01,Masaka,-0.34,31.73
2021-09-08,19.9,7.3,83,15.5,2.36,Masaka,-0.34,31.73
2021-09-09,19.8,5.4,86,23.5,2.84,Masaka,-0.34,31.73
2021-09-10,19.8,1.9,79,19.5,3.43,Masaka,-0.34,31.73
2021-09-11,19.8,6.1,76,21.2,3.65,Masaka,-0.34,31.73
2021-09-12,20.3,2.2,73,15.9,3.51,Masaka,-0.34,31.73
2021-09-13,19.9,1.8,79,13.4,3.65,Masaka,-0.34,31.73
2021-09-14,20.8,0.5,78,14.2,4.54,Masaka,-0.34,31.73
2021-09-15,21.8,0.4,76,17.5,4.17,Masaka,-0.34,31.73
2021-09-16,21.3,9.1,80,16.9,3.35,Masaka,-0.34,31.73
2021-09-17,21.8,1.0,76,14.2,4.35,Masaka,-0.34,31.73
2021-09-18,20.1,13.9,86,16.6,2.7,Masaka,-0.34,31.73
2021-09-19,20.6,1.0,80,14.0,4.36,Masaka,-0.34,31.73
2021-09-20,21.4,1.0,75,16.3,4.08,Masaka,-0.34,31.73
2021-09-21,22.1,0.8,75,14.0,4.93,Masaka,-0.34,31.73
2021-09-22,20.2,6.6,82,15.1,3.2,Masaka,-0.34,31.73
2021-09-23,20.5,5.8,82,17.5,3.81,Masaka,-0.34,31.73
2021-09-24,20.9,2.0,75,18.1,4.2,Masaka,-0.34,31.73
2021-09-25,20.3,5.2,83,16.8,3.33,Masaka,-0.34,31.73
2021-09-26,20.5,6.0,82,15.7,3.74,Masaka,-0.34,31.73
2021-09-27,20.9,4.1,80,13.6,4.27,Masaka,-0.34,31.73
2021-09-28,21.5,1.6,76,15.8,4.7,Masaka,-0.34,31.73
2021-09-29,22.6,0.1,72,14.4,5.23,Masaka,-0.34,31.73
2021-09-30,21.8,1.7,77,18.7,4.1,Masaka,-0.34,31.73
2021-10-01,21.9,0.5,71,15.1,4.62,Masaka,-0.34,31.73
2021-10-02,22.2,1.9,73,18.1,4.14,Masaka,-0.34,31.73
2021-10-03,21.8,7.6,75,17.4,4.02,Masaka,-0.34,31.73
2021-10-04,21.9,3.9,76,11.7,4.08,Masaka,-0.34,31.73
2021-10-05,21.4,2.0,77,15.9,4.26,Masaka,-0.34,31.73
2021-10-06,21.6,1.0,74,11.0,4.38,Masaka,-0.34,31.73
2021-10-07,21.8,0.3,73,16.6,4.77,Masaka,-0.34,31.73
2021-10-08,22.9,1.0,68,16.4,4.82,Masaka,-0.34,31.73
2021-10-09,23.9,1.8,65,16.9,4.7,Masaka,-0.34,31.73
2021-10-10,23.2,1.4,74,14.7,4.56,Masaka,-0.34,31.73
2021-10-11,21.4,9.6,83,11.7,2.61,Masaka,-0.34,31.73
2021-10-12,21.2,0.4,71,12.7,3.74,Masaka,-0.34,31.73
2021-10-13,22.9,0.1,58,19.0,5.74,Masaka,-0.34,31.73
2021-10-14,23.0,1.9,67,15.6,4.97,Masaka,-0.34,31.73
2021-10-15,21.4,3.7,75,14.7,3.91,Masaka,-0.34,31.73
2021-10-16,22.3,1.7,70,12.7,4.1,Masaka,-0.34,31.73
2021-10-17,22.3,3.1,71,12.7,4.32,Masaka,-0.34,31.73
2021-10-18,22.5,3.7,73,19.0,4.68,Masaka,-0.34,31.73
2021-10-19,20.9,8.0,79,12.5,2.72,Masaka,-0.34,31.73
2021-10-20,21.5,0.5,77,17.1,4.49,Masaka,-0.34,31.73
2021-10-21,20.5,15.0,82,17.3,2.92,Masaka,-0.34,31.73
2021-10-22,21.3,0.8,78,17.4,4.58,Masaka,-0.34,31.73
2021-10-23,22.1,0.5,73,20.3,5.1,Masaka,-0.34,31.73
2021-10-24,23.0,1.4,69,15.2,5.39,Masaka,-0.34,31.73
2021-10-25,23.5,0.5,62,17.1,5.68,Masaka,-0.34,31.73
2021-10-26,23.1,0.0,63,17.2,5.47,Masaka,-0.34,31.73
2021-10-27,22.6,3.6,67,21.5,4.67,Masaka,-0.34,31.73
2021-10-28,21.8,0.5,68,13.8,4.74,Masaka,-0.34,31.73
2021-10-29,22.5,1.1,67,14.7,4.87,Masaka,-0.34,31.73
2021-10-30,22.7,0.5,70,14.1,5.05,Masaka,-0.34,31.73
2021-10-31,22.5,4.0,72,17.4,4.75,Masaka,-0.34,31.73
2021-11-01,23.3,0.3,68,13.5,5.11,Masaka,-0.34,31.73
2021-11-02,21.9,2.2,73,19.3,3.84,Masaka,-0.34,31.73
2021-11-03,21.1,1.5,77,11.2,3.44,Masaka,-0.34,31.73
2021-11-04,21.3,0.0,75,15.9,4.75,Masaka,-0.34,31.73
2021-11-05,21.4,4.6,73,16.6,4.38,Masaka,-0.34,31.73
2021-11-06,21.8,0.9,71,20.4,4.73,Masaka,-0.34,31.73
2021-11-07,21.8,2.1,69,17.6,4.27,Masaka,-0.34,31.73
2021-11-08,22.3,0.4,69,15.0,4.69,Masaka,-0.34,31.73
2021-11-09,22.7,0.5,68,16.6,5.27,Masaka,-0.34,31.73
2021-11-10,23.0,2.1,68,14.8,4.89,Masaka,-0.34,31.73
2021-11-11,22.8,0.0,70,15.6,5.08,Masaka,-0.34,31.73
2021-11-12,23.1,0.1,63,18.0,5.17,Masaka,-0.34,31.73
2021-11-13,24.2,0.4,58,17.3,5.52,Masaka,-0.34,31.73
2021-11-14,23.1,0.3,64,17.4,5.27,Masaka,-0.34,31.73
2021-11-15,22.9,0.9,66,15.3,4.92,Masaka,-0.34,31.73
2021-11-16,22.3,6.1,67,16.4,3.91,Masaka,-0.34,31.73
2021-11-17,21.5,9.8,76,13.7,3.85,Masaka,-0.34,31.73
2021-11-18,22.0,0.1,69,13.7,4.58,Masaka,-0.34,31.73
2021-11-19,22.6,0.0,64,14.6,5.32,Masaka,-0.34,31.73
2021-11-20,23.0,2.2,65,15.3,4.94,Masaka,-0.34,31.73
2021-11-21,22.0,1.3,72,12.5,3.96,Masaka,-0.34,31.73
2021-11-22,22.3,0.1,69,15.3,5.11,Masaka,-0.34,31.73
2021-11-23,22.8,0.0,64,16.9,5.63,Masaka,-0.34,31.73
2021-11-24,23.3,0.0,58,14.1,5.74,Masaka,-0.34,31.73
2021-11-25,22.7,0.4,63,19.8,4.54,Masaka,-0.34,31.73
2021-11-26,20.2,13.9,83,17.1,2.37,Masaka,-0.34,31.73
2021-11-27,20.3,2.3,79,11.5,3.45,Masaka,-0.34,31.73
2021-11-28,22.0,1.4,71,13.0,4.38,Masaka,-0.34,31.73
2021-11-29,21.1,2.9,78,16.8,3.7,Masaka,-0.34,31.73
2021-11-30,21.4,4.1,73,13.6,3.32,Masaka,-0.34,31.73
2021-12-01,21.4,0.3,76,13.2,4.39,Masaka,-0.34,31.73
2021-12-02,21.9,2.1,76,18.5,4.3,Masaka,-0.34,31.73
2021-12-03,21.8,1.6,75,15.1,3.87,Masaka,-0.34,31.73
2021-12-04,22.0,0.3,76,15.0,4.19,Masaka,-0.34,31.73
2021-12-05,21.9,5.2,76,14.2,4.15,Masaka,-0.34,31.73
2021-12-06,22.2,0.3,75,14.0,4.59,Masaka,-0.34,31.73
2021-12-07,22.5,0.1,71,11.9,4.41,Masaka,-0.34,31.73
2021-12-08,23.4,0.2,64,12.9,4.89,Masaka,-0.34,31.73
2021-12-09,21.5,6.5,78,14.7,3.93,Masaka,-0.34,31.73
2021-12-10,20.8,4.6,80,15.5,3.76,Masaka,-0.34,31.73
2021-12-11,21.8,0.4,78,16.8,4.55,Masaka,-0.34,31.73
2021-12-12,21.6,0.6,77,12.8,4.28,Masaka,-0.34,31.73
2021-12-13,22.3,0.0,71,13.3,4.57,Masaka,-0.34,31.73
2021-12-14,21.6,3.4,77,15.8,3.58,Masaka,-0.34,31.73
2021-12-15,22.0,0.5,75,11.9,4.1,Masaka,-0.34,31.73
2021-12-16,21.8,0.0,77,13.8,4.59,Masaka,-0.34,31.73
2021-12-17,22.1,0.0,70,14.0,4.03,Masaka,-0.34,31.73
2021-12-18,21.4,1.2,73,15.2,4.59,Masaka,-0.34,31.73
2021-12-19,21.0,9.2,82,12.0,3.27,Masaka,-0.34,31.73
2021-12-20,22.0,2.7,79,11.3,4.04,Masaka,-0.34,31.73
2021-12-21,21.5,1.1,82,13.0,3.93,Masaka,-0.34,31.73
2021-12-22,21.1,3.4,83,10.0,3.08,Masaka,-0.34,31.73
2021-12-23,21.1,13.0,82,11.4,3.18,Masaka,-0.34,31.73
2021-12-24,20.9,10.2,82,11.9,3.38,Masaka,-0.34,31.73
2021-12-25,21.5,0.9,79,12.3,3.83,Masaka,-0.34,31.73
2021-12-26,20.3,6.5,86,14.7,3.1,Masaka,-0.34,31.73
2021-12-27,20.7,1.0,81,13.7,3.66,Masaka,-0.34,31.73
2021-12-28,21.0,0.0,73,11.2,4.45,Masaka,-0.34,31.73
2021-12-29,21.3,1.4,75,13.3,4.16,Masaka,-0.34,31.73
2021-12-30,21.1,16.7,83,16.5,3.5,Masaka,-0.34,31.73
2021-12-31,19.9,14.3,85,15.0,2.14,Masaka,-0.34,31.73
2020-01-01,22.1,0.0,67,10.9,4.58,Mbarara,-0.61,30.65
2020-01-02,22.1,0.2,67,16.4,4.6,Mbarara,-0.61,30.65
2020-01-03,21.8,0.7,68,8.6,3.95,Mbarara,-0.61,30.65
2020-01-04,21.2,0.3,70,9.8,3.83,Mbarara,-0.61,30.65
2020-01-05,20.6,3.5,77,11.0,4.11,Mbarara,-0.61,30.65
2020-01-06,19.9,3.0,80,12.2,2.98,Mbarara,-0.61,30.65
2020-01-07,20.4,1.4,77,12.5,3.33,Mbarara,-0.61,30.65
2020-01-08,20.4,6.0,79,7.0,3.1,Mbarara,-0.61,30.65
2020-01-09,19.8,4.7,82,11.9,3.4,Mbarara,-0.61,30.65
2020-01-10,20.0,0.4,78,9.4,3.0,Mbarara,-0.61,30.65
2020-01-11,20.7,0.9,73,14.2,4.26,Mbarara,-0.61,30.65
2020-01-12,20.3,2.9,76,16.5,3.27,Mbarara,-0.61,30.65
2020-01-13,20.1,1.2,80,10.1,3.96,Mbarara,-0.61,30.65
2020-01-14,21.7,0.0,71,10.2,4.85,Mbarara,-0.61,30.65
2020-01-15,22.8,0.5,65,12.8,4.82,Mbarara,-0.61,30.65
2020-01-16,22.1,0.3,70,10.9,4.26,Mbarara,-0.61,30.65
2020-01-17,22.0,7.1,77,11.4,3.82,Mbarara,-0.61,30.65
2020-01-18,21.7,3.3,75,17.3,3.87,Mbarara,-0.61,30.65
2020-01-19,22.0,0.3,66,14.8,4.17,Mbarara,-0.61,30.65
2020-01-20,22.1,0.0,65,14.1,4.49,Mbarara,-0.61,30.65
2020-01-21,22.9,0.0,60,12.6,5.38,Mbarara,-0.61,30.65
2020-01-22,22.7,0.0,56,17.4,5.51,Mbarara,-0.61,30.65
2020-01-23,22.8,0.0,58,13.6,4.4,Mbarara,-0.61,30.65
2020-01-24,22.6,0.0,60,16.1,3.85,Mbarara,-0.61,30.65
2020-01-25,23.4,0.1,58,15.8,4.78,Mbarara,-0.61,30.65
2020-01-26,21.8,1.7,72,13.7,3.19,Mbarara,-0.61,30.65
2020-01-27,22.4,0.7,67,14.3,3.62,Mbarara,-0.61,30.65
2020-01-28,20.4,13.2,82,12.3,2.68,Mbarara,-0.61,30.65
2020-01-29,19.4,4.5,81,9.2,1.76,Mbarara,-0.61,30.65
2020-01-30,19.5,1.0,73,9.2,3.08,Mbarara,-0.61,30.65
2020-01-31,19.4,10.4,82,10.4,3.02,Mbarara,-0.61,30.65
2020-02-01,19.5,2.6,85,8.3,2.85,Mbarara,-0.61,30.65
2020-02-02,19.9,2.8,84,8.6,3.8,Mbarara,-0.61,30.65
2020-02-03,20.5,11.4,82,9.0,4.1,Mbarara,-0.61,30.65
2020-02-04,19.6,8.3,85,8.2,2.71,Mbarara,-0.61,30.65
2020-02-05,19.6,17.8,86,10.1,3.37,Mbarara,-0.61,30.65
2020-02-06,19.6,7.8,84,8.9,3.13,Mbarara,-0.61,30.65
2020-02-07,21.3,0.0,72,9.6,4.99,Mbarara,-0.61,30.65
2020-02-08,22.3,0.0,70,13.7,5.08,Mbarara,-0.61,30.65
2020-02-09,22.6,0.0,63,15.0,5.29,Mbarara,-0.61,30.65
2020-02-10,22.3,0.0,60,15.5,5.44,Mbarara,-0.61,30.65
2020-02-11,22.3,0.0,55,12.3,5.19,Mbarara,-0.61,30.65
2020-02-12,22.6,0.0,60,12.3,4.67,Mbarara,-0.61,30.65
2020-02-13,23.1,0.0,57,18.1,4.96,Mbarara,-0.61,30.65
2020-02-14,21.9,0.5,60,19.1,4.48,Mbarara,-0.61,30.65
2020-02-15,21.6,0.5,68,13.0,4.55,Mbarara,-0.61,30.65
2020-02-16,21.8,0.3,65,13.0,4.54,Mbarara,-0.61,30.65
2020-02-17,23.0,0.0,66,14.9,4.23,Mbarara,-0.61,30.65
2020-02-18,21.6,3.2,75,12.6,4.02,Mbarara,-0.61,30.65
2020-02-19,22.2,0.8,71,11.0,4.7,Mbarara,-0.61,30.65
2020-02-20,22.8,2.1,65,13.7,4.42,Mbarara,-0.61,30.65
2020-02-21,22.6,0.2,64,17.3,4.72,Mbarara,-0.61,30.65
2020-02-22,23.2,0.3,68,10.5,4.71,Mbarara,-0.61,30.65
2020-02-23,23.1,1.1,68,10.5,4.37,Mbarara,-0.61,30.65
2020-02-24,21.9,3.3,76,11.2,3.69,Mbarara,-0.61,30.65
2020-02-25,22.0,1.6,74,14.2,3.85,Mbarara,-0.61,30.65
2020-02-26,22.3,1.8,70,16.2,4.71,Mbarara,-0.61,30.65
2020-02-27,22.9,13.4,71,12.7,4.26,Mbarara,-0.61,30.65
2020-02-28,20.4,10.7,81,6.8,2.38,Mbarara,-0.61,30.65
2020-02-29,21.6,3.6,74,11.9,4.46,Mbarara,-0.61,30.65
2020-03-01,21.8,4.9,76,7.9,3.87,Mbarara,-0.61,30.65
2020-03-02,21.6,8.9,78,10.1,3.45,Mbarara,-0.61,30.65
2020-03-03,21.4,1.2,79,11.1,3.97,Mbarara,-0.61,30.65
2020-03-04,21.0,2.4,80,10.7,2.95,Mbarara,-0.61,30.65
2020-03-05,22.5,0.1,74,14.8,4.73,Mbarara,-0.61,30.65
2020-03-06,22.6,0.9,72,10.1,4.62,Mbarara,-0.61,30.65
2020-03-07,22.5,1.1,71,13.8,4.21,Mbarara,-0.61,30.65
2020-03-08,21.7,3.4,76,11.7,4.3,Mbarara,-0.61,30.65
2020-03-09,21.5,8.3,81,12.0,2.99,Mbarara,-0.61,30.65
2020-03-10,21.7,1.1,76,9.9,4.14,Mbarara,-0.61,30.65
2020-03-11,21.7,0.3,78,15.6,3.95,Mbarara,-0.61,30.65
2020-03-12,21.6,1.8,78,10.5,4.05,Mbarara,-0.61,30.65
2020-03-13,22.1,0.7,72,12.3,4.09,Mbarara,-0.61,30.65
2020-03-14,22.7,0.9,68,12.1,4.7,Mbarara,-0.61,30.65
2020-03-15,22.8,0.2,71,9.5,4.59,Mbarara,-0.61,30.65
2020-03-16,21.6,1.5,78,10.9,3.56,Mbarara,-0.61,30.65
2020-03-17,22.8,1.3,70,14.3,4.63,Mbarara,-0.61,30.65
2020-03-18,20.3,10.2,83,7.6,2.9,Mbarara,-0.61,30.65
2020-03-19,20.3,0.6,77,11.7,3.47,Mbarara,-0.61,30.65
2020-03-20,21.5,1.6,75,13.1,4.66,Mbarara,-0.61,30.65
2020-03-21,21.5,1.0,75,14.1,4.44,Mbarara,-0.61,30.65
2020-03-22,20.6,5.3,78,11.4,4.09,Mbarara,-0.61,30.65
2020-03-23,20.9,1.1,74,14.2,3.68,Mbarara,-0.61,30.65
2020-03-24,21.4,0.7,76,13.2,4.07,Mbarara,-0.61,30.65
2020-03-25,20.5,0.7,80,10.7,3.52,Mbarara,-0.61,30.65
2020-03-26,20.5,0.0,75,8.4,3.47,Mbarara,-0.61,30.65
2020-03-27,20.1,6.9,81,10.1,3.15,Mbarara,-0.61,30.65
2020-03-28,19.8,8.0,78,9.3,2.6,Mbarara,-0.61,30.65
2020-03-29,21.1,0.1,73,10.2,3.66,Mbarara,-0.61,30.65
2020-03-30,21.6,2.6,74,14.7,4.77,Mbarara,-0.61,30.65
2020-03-31,22.0,0.0,72,13.1,4.74,Mbarara,-0.61,30.65
2020-04-01,22.5,0.0,69,16.3,5.19,Mbarara,-0.61,30.65
2020-04-02,23.0,0.9,64,11.1,5.08,Mbarara,-0.61,30.65
2020-04-03,22.5,0.3,68,12.2,4.95,Mbarara,-0.61,30.65
2020-04-04,22.6,0.2,68,14.8,4.77,Mbarara,-0.61,30.65
2020-04-05,22.6,0.8,69,12.6,4.59,Mbarara,-0.61,30.65
2020-04-06,22.7,0.6,71,10.0,4.51,Mbarara,-0.61,30.65
2020-04-07,22.6,0.0,70,18.7,3.9,Mbarara,-0.61,30.65
2020-04-08,23.3,0.3,65,14.2,4.99,Mbarara,-0.61,30.65
2020-04-09,23.2,0.1,63,15.5,5.23,Mbarara,-0.61,30.65
2020-04-10,22.8,2.7,69,17.8,4.56,Mbarara,-0.61,30.65
2020-04-11,23.1,0.1,65,19.2,5.35,Mbarara,-0.61,30.65
2020-04-12,22.6,4.1,68,16.6,4.47,Mbarara,-0.61,30.65
2020-04-13,21.0,21.7,81,11.6,2.98,Mbarara,-0.61,30.65
2020-04-14,20.7,7.5,82,7.1,2.91,Mbarara,-0.61,30.65
2020-04-15,21.3,3.3,78,12.3,4.43,Mbarara,-0.61,30.65
2020-04-16,22.3,2.9,75,11.8,4.71,Mbarara,-0.61,30.65
2020-04-17,21.4,8.1,81,9.7,3.47,Mbarara,-0.61,30.65
2020-04-18,19.0,18.7,92,7.5,1.77,Mbarara,-0.61,30.65
2020-04-19,19.4,10.0,87,12.0,2.09,Mbarara,-0.61,30.65
2020-04-20,19.9,2.2,81,11.6,3.5,Mbarara,-0.61,30.65
2020-04-21,20.0,8.1,83,8.2,3.6,Mbarara,-0.61,30.65
2020-04-22,19.4,15.4,88,6.1,2.54,Mbarara,-0.61,30.65
2020-04-23,19.4,0.2,85,7.0,2.45,Mbarara,-0.61,30.65
2020-04-24,20.0,4.1,84,8.7,3.71,Mbarara,-0.61,30.65
2020-04-25,20.4,0.0,82,9.4,3.46,Mbarara,-0.61,30.65
2020-04-26,21.5,0.5,75,11.3,4.77,Mbarara,-0.61,30.65
2020-04-27,19.8,4.5,87,10.6,2.62,Mbarara,-0.61,30.65
2020-04-28,20.1,5.9,83,9.9,4.01,Mbarara,-0.61,30.65
2020-04-29,19.4,11.3,85,10.0,2.72,Mbarara,-0.61,30.65
2020-04-30,19.7,0.7,82,12.6,3.38,Mbarara,-0.61,30.65
2020-05-01,20.8,3.2,81,11.2,4.31,Mbarara,-0.61,30.65
2020-05-02,19.5,24.9,88,13.9,2.45,Mbarara,-0.61,30.65
2020-05-03,20.3,2.3,82,10.2,3.57,Mbarara,-0.61,30.65
2020-05-04,21.0,0.4,80,11.5,4.45,Mbarara,-0.61,30.65
2020-05-05,20.8,1.9,84,10.3,3.78,Mbarara,-0.61,30.65
2020-05-06,20.5,11.2,86,14.0,3.59,Mbarara,-0.61,30.65
2020-05-07,20.5,7.0,85,18.0,3.0,Mbarara,-0.61,30.65
2020-05-08,21.0,0.5,72,17.8,3.97,Mbarara,-0.61,30.65
2020-05-09,20.5,3.2,78,15.0,4.14,Mbarara,-0.61,30.65
2020-05-10,20.2,0.8,82,15.6,3.62,Mbarara,-0.61,30.65
2020-05-11,19.7,0.3,80,14.3,3.02,Mbarara,-0.61,30.65
2020-05-12,20.3,4.6,80,14.6,3.53,Mbarara,-0.61,30.65
2020-05-13,20.7,0.8,78,10.6,4.27,Mbarara,-0.61,30.65
2020-05-14,20.5,3.2,81,11.2,3.75,Mbarara,-0.61,30.65
2020-05-15,20.4,0.5,79,11.0,3.45,Mbarara,-0.61,30.65
2020-05-16,21.0,0.4,76,12.5,3.81,Mbarara,-0.61,30.65
2020-05-17,21.2,3.4,77,15.1,3.85,Mbarara,-0.61,30.65
2020-05-18,21.1,0.2,74,15.6,4.47,Mbarara,-0.61,30.65
2020-05-19,21.3,0.5,70,12.8,4.43,Mbarara,-0.61,30.65
2020-05-20,21.0,0.8,74,18.0,4.25,Mbarara,-0.61,30.65
2020-05-21,21.0,0.9,71,17.2,4.34,Mbarara,-0.61,30.65
2020-05-22,21.5,0.0,62,16.8,4.18,Mbarara,-0.61,30.65
2020-05-23,21.3,0.0,64,13.8,4.85,Mbarara,-0.61,30.65
2020-05-24,21.5,0.0,61,21.1,4.49,Mbarara,-0.61,30.65
2020-05-25,21.8,0.0,60,14.6,4.2,Mbarara,-0.61,30.65
2020-05-26,22.3,0.0,63,15.0,4.36,Mbarara,-0.61,30.65
2020-05-27,22.7,0.1,67,14.2,4.6,Mbarara,-0.61,30.65
2020-05-28,22.8,0.1,68,17.3,4.88,Mbarara,-0.61,30.65
2020-05-29,21.7,0.7,71,21.1,4.24,Mbarara,-0.61,30.65
2020-05-30,23.0,0.0,59,15.5,4.69,Mbarara,-0.61,30.65
2020-05-31,23.3,0.0,47,20.7,5.39,Mbarara,-0.61,30.65
2020-06-01,22.9,0.0,47,20.6,5.3,Mbarara,-0.61,30.65
2020-06-02,22.4,0.0,52,18.2,4.61,Mbarara,-0.61,30.65
2020-06-03,23.1,0.0,52,16.9,5.08,Mbarara,-0.61,30.65
2020-06-04,22.2,0.0,60,17.3,4.46,Mbarara,-0.61,30.65
2020-06-05,23.3,0.0,57,18.4,5.02,Mbarara,-0.61,30.65
2020-06-06,22.8,0.0,54,17.7,4.99,Mbarara,-0.61,30.65
2020-06-07,23.0,0.0,53,14.3,4.75,Mbarara,-0.61,30.65
2020-06-08,22.0,0.2,57,14.4,3.99,Mbarara,-0.61,30.65
2020-06-09,22.2,0.1,63,15.9,4.36,Mbarara,-0.61,30.65
2020-06-10,21.2,1.7,69,11.7,3.21,Mbarara,-0.61,30.65
2020-06-11,19.8,2.8,81,17.7,2.95,Mbarara,-0.61,30.65
2020-06-12,20.0,3.0,78,13.8,3.67,Mbarara,-0.61,30.65
2020-06-13,19.5,2.9,80,11.1,3.2,Mbarara,-0.61,30.65
2020-06-14,21.0,0.0,69,13.4,4.09,Mbarara,-0.61,30.65
2020-06-15,20.6,0.0,68,18.1,3.55,Mbarara,-0.61,30.65
2020-06-16,20.4,0.0,63,16.7,4.27,Mbarara,-0.61,30.65
2020-06-17,20.6,0.0,59,15.1,4.06,Mbarara,-0.61,30.65
2020-06-18,21.1,0.0,56,17.7,4.68,Mbarara,-0.61,30.65
2020-06-19,21.0,0.0,60,13.9,3.53,Mbarara,-0.61,30.65
2020-06-20,21.9,0.1,60,12.3,4.24,Mbarara,-0.61,30.65
2020-06-21,22.1,0.9,61,13.2,3.52,Mbarara,-0.61,30.65
2020-06-22,21.5,2.0,71,8.0,3.73,Mbarara,-0.61,30.65
2020-06-23,21.8,0.3,68,13.4,4.42,Mbarara,-0.61,30.65
2020-06-24,20.9,3.7,71,17.7,3.62,Mbarara,-0.61,30.65
2020-06-25,21.5,0.3,62,20.1,4.68,Mbarara,-0.61,30.65
2020-06-26,21.7,0.0,57,11.6,4.24,Mbarara,-0.61,30.65
2020-06-27,21.8,0.0,62,16.6,4.44,Mbarara,-0.61,30.65
2020-06-28,21.8,0.7,66,15.3,4.14,Mbarara,-0.61,30.65
2020-06-29,21.6,0.1,63,20.6,4.42,Mbarara,-0.61,30.65
2020-06-30,22.6,0.7,50,18.3,4.85,Mbarara,-0.61,30.65
2020-07-01,21.9,0.0,52,14.8,4.7,Mbarara,-0.61,30.65
2020-07-02,22.0,0.0,54,17.5,4.47,Mbarara,-0.61,30.65
2020-07-03,22.1,0.0,53,16.8,4.47,Mbarara,-0.61,30.65
2020-07-04,22.3,0.0,49,19.2,5.06,Mbarara,-0.61,30.65
2020-07-05,22.8,0.0,46,16.4,4.66,Mbarara,-0.61,30.65
2020-07-06,22.5,1.4,50,16.9,3.76,Mbarara,-0.61,30.65
2020-07-07,21.8,0.0,59,15.3,3.59,Mbarara,-0.61,30.65
2020-07-08,22.2,0.0,54,17.3,4.73,Mbarara,-0.61,30.65
2020-07-09,22.1,0.1,54,19.3,4.89,Mbarara,-0.61,30.65
2020-07-10,21.0,3.0,60,16.3,3.9,Mbarara,-0.61,30.65
2020-07-11,20.7,0.7,70,15.6,3.2,Mbarara,-0.61,30.65
2020-07-12,21.7,0.2,61,15.3,4.22,Mbarara,-0.61,30.65
2020-07-13,21.0,1.2,66,15.0,3.8,Mbarara,-0.61,30.65
2020-07-14,21.2,0.1,66,20.3,3.38,Mbarara,-0.61,30.65
2020-07-15,22.0,1.0,63,15.2,4.21,Mbarara,-0.61,30.65
2020-07-16,19.1,5.0,80,18.7,2.31,Mbarara,-0.61,30.65
2020-07-17,20.3,0.0,58,18.3,4.31,Mbarara,-0.61,30.65
2020-07-18,20.0,0.0,53,17.2,4.43,Mbarara,-0.61,30.65
2020-07-19,20.1,0.0,55,14.4,4.09,Mbarara,-0.61,30.65
2020-07-20,21.3,0.0,52,19.2,4.16,Mbarara,-0.61,30.65
2020-07-21,21.1,0.0,56,14.4,3.49,Mbarara,-0.61,30.65
2020-07-22,21.7,0.4,61,11.0,3.9,Mbarara,-0.61,30.65
2020-07-23,21.3,0.7,65,10.3,3.29,Mbarara,-0.61,30.65
2020-07-24,21.7,2.1,60,12.6,3.75,Mbarara,-0.61,30.65
2020-07-25,22.5,0.0,50,15.1,4.53,Mbarara,-0.61,30.65
2020-07-26,22.5,0.0,51,16.1,4.86,Mbarara,-0.61,30.65
2020-07-27,21.9,0.0,49,9.5,3.95,Mbarara,-0.61,30.65
2020-07-28,22.3,0.0,56,15.6,4.27,Mbarara,-0.61,30.65
2020-07-29,21.9,0.0,55,20.3,4.33,Mbarara,-0.61,30.65
2020-07-30,22.5,0.0,54,17.8,4.98,Mbarara,-0.61,30.65
2020-07-31,23.2,0.1,53,18.7,5.32,Mbarara,-0.61,30.65
2020-08-01,23.0,0.0,46,19.6,6.14,Mbarara,-0.61,30.65
2020-08-02,23.2,0.0,41,19.3,6.26,Mbarara,-0.61,30.65
2020-08-03,21.9,0.0,39,20.0,5.99,Mbarara,-0.61,30.65
2020-08-04,22.1,0.0,43,17.1,4.25,Mbarara,-0.61,30.65
2020-08-05,23.1,0.0,50,17.7,4.5,Mbarara,-0.61,30.65
2020-08-06,23.0,0.0,53,17.6,5.04,Mbarara,-0.61,30.65
2020-08-07,23.0,0.2,57,13.7,4.34,Mbarara,-0.61,30.65
2020-08-08,20.2,9.7,78,14.0,2.74,Mbarara,-0.61,30.65
2020-08-09,21.3,0.1,66,13.9,3.86,Mbarara,-0.61,30.65
2020-08-10,21.5,0.5,60,8.7,3.84,Mbarara,-0.61,30.65
2020-08-11,22.1,1.3,68,10.2,4.44,Mbarara,-0.61,30.65
2020-08-12,20.8,2.8,78,13.9,3.67,Mbarara,-0.61,30.65
2020-08-13,21.4,1.1,75,10.9,3.72,Mbarara,-0.61,30.65
2020-08-14,19.9,12.6,83,16.9,2.89,Mbarara,-0.61,30.65
2020-08-15,21.7,2.0,72,8.9,4.13,Mbarara,-0.61,30.65
2020-08-16,22.2,0.3,68,14.0,4.44,Mbarara,-0.61,30.65
2020-08-17,23.0,0.1,62,18.5,4.75,Mbarara,-0.61,30.65
2020-08-18,21.1,1.3,74,20.7,3.97,Mbarara,-0.61,30.65
2020-08-19,21.9,0.7,73,17.9,4.63,Mbarara,-0.61,30.65
2020-08-20,22.2,0.2,69,14.2,4.03,Mbarara,-0.61,30.65
2020-08-21,20.2,8.7,81,17.4,2.9,Mbarara,-0.61,30.65
2020-08-22,21.1,0.2,71,17.1,4.26,Mbarara,-0.61,30.65
2020-08-23,21.5,0.8,63,18.5,4.66,Mbarara,-0.61,30.65
2020-08-24,21.3,0.3,65,18.6,4.29,Mbarara,-0.61,30.65
2020-08-25,21.0,0.7,68,16.7,4.06,Mbarara,-0.61,30.65
2020-08-26,21.1,1.2,71,18.1,4.32,Mbarara,-0.61,30.65
2020-08-27,21.6,0.6,68,11.8,4.41,Mbarara,-0.61,30.65
2020-08-28,21.6,1.1,66,12.2,4.43,Mbarara,-0.61,30.65
2020-08-29,20.5,2.4,76,17.4,3.68,Mbarara,-0.61,30.65
2020-08-30,21.2,0.4,69,15.4,4.47,Mbarara,-0.61,30.65
2020-08-31,20.5,5.0,76,14.0,3.76,Mbarara,-0.61,30.65
2020-09-01,20.7,0.0,72,18.7,4.83,Mbarara,-0.61,30.65
2020-09-02,21.7,0.0,58,18.4,5.36,Mbarara,-0.61,30.65
2020-09-03,21.4,0.0,50,20.6,5.29,Mbarara,-0.61,30.65
2020-09-04,22.3,0.3,57,9.0,4.24,Mbarara,-0.61,30.65
2020-09-05,22.7,2.3,60,15.7,4.25,Mbarara,-0.61,30.65
2020-09-06,20.4,7.4,75,14.9,2.86,Mbarara,-0.61,30.65
2020-09-07,19.1,12.0,87,11.0,2.51,Mbarara,-0.61,30.65
2020-09-08,19.8,2.6,82,14.0,3.94,Mbarara,-0.61,30.65
2020-09-09,19.8,1.4,81,14.0,3.73,Mbarara,-0.61,30.65
2020-09-10,20.4,0.4,75,16.9,4.68,Mbarara,-0.61,30.65
2020-09-11,20.9,1.7,75,21.0,3.52,Mbarara,-0.61,30.65
2020-09-12,19.9,4.7,81,13.3,3.47,Mbarara,-0.61,30.65
2020-09-13,20.7,0.7,74,21.1,4.65,Mbarara,-0.61,30.65
2020-09-14,20.1,2.6,77,12.0,3.88,Mbarara,-0.61,30.65
2020-09-15,21.1,0.1,70,14.1,4.96,Mbarara,-0.61,30.65
2020-09-16,20.3,1.8,77,12.3,4.26,Mbarara,-0.61,30.65
2020-09-17,21.4,0.0,69,13.3,5.08,Mbarara,-0.61,30.65
2020-09-18,21.9,0.0,64,14.3,4.94,Mbarara,-0.61,30.65
2020-09-19,21.6,1.4,70,11.6,4.77,Mbarara,-0.61,30.65
2020-09-20,21.4,0.3,70,11.4,3.85,Mbarara,-0.61,30.65
2020-09-21,20.4,6.5,80,15.9,3.31,Mbarara,-0.61,30.65
2020-09-22,20.2,2.5,83,13.9,3.48,Mbarara,-0.61,30.65
2020-09-23,20.0,0.6,78,15.0,4.26,Mbarara,-0.61,30.65
2020-09-24,20.8,1.8,76,10.8,4.39,Mbarara,-0.61,30.65
2020-09-25,19.8,14.8,83,14.0,3.41,Mbarara,-0.61,30.65
2020-09-26,20.7,4.0,79,12.1,4.32,Mbarara,-0.61,30.65
2020-09-27,20.4,6.5,80,11.1,4.09,Mbarara,-0.61,30.65
2020-09-28,19.7,8.0,83,10.7,3.34,Mbarara,-0.61,30.65
2020-09-29,19.9,1.4,80,10.2,4.31,Mbarara,-0.61,30.65
2020-09-30,20.1,0.6,79,14.1,4.39,Mbarara,-0.61,30.65
2020-10-01,19.7,3.0,81,8.7,3.36,Mbarara,-0.61,30.65
2020-10-02,20.2,1.0,75,17.2,4.33,Mbarara,-0.61,30.65
2020-10-03,20.5,0.5,75,17.9,4.27,Mbarara,-0.61,30.65
2020-10-04,20.2,0.0,75,11.4,4.26,Mbarara,-0.61,30.65
2020-10-05,20.1,1.4,76,16.7,4.46,Mbarara,-0.61,30.65
2020-10-06,20.7,0.0,74,15.3,4.69,Mbarara,-0.61,30.65
2020-10-07,21.2,0.1,69,15.1,4.56,Mbarara,-0.61,30.65
2020-10-08,21.4,0.3,69,11.2,4.74,Mbarara,-0.61,30.65
2020-10-09,19.8,1.3,82,13.1,3.91,Mbarara,-0.61,30.65
2020-10-10,21.0,0.0,70,14.8,4.69,Mbarara,-0.61,30.65
2020-10-11,21.5,0.1,65,10.0,4.94,Mbarara,-0.61,30.65
2020-10-12,19.9,3.4,80,12.8,3.72,Mbarara,-0.61,30.65
2020-10-13,20.1,4.0,81,13.9,3.77,Mbarara,-0.61,30.65
2020-10-14,19.8,4.7,79,14.9,3.51,Mbarara,-0.61,30.65
2020-10-15,20.9,0.0,69,15.0,4.97,Mbarara,-0.61,30.65
2020-10-16,21.2,0.2,67,10.2,4.62,Mbarara,-0.61,30.65
2020-10-17,21.7,1.0,65,14.4,4.63,Mbarara,-0.61,30.65
2020-10-18,20.3,10.7,80,10.8,3.18,Mbarara,-0.61,30.65
2020-10-19,20.6,8.8,79,10.4,4.18,Mbarara,-0.61,30.65
2020-10-20,19.7,15.9,84,11.1,2.8,Mbarara,-0.61,30.65
2020-10-21,20.3,3.5,79,19.1,4.04,Mbarara,-0.61,30.65
2020-10-22,19.9,8.7,85,16.4,3.32,Mbarara,-0.61,30.65
2020-10-23,20.3,1.2,81,15.3,3.98,Mbarara,-0.61,30.65
2020-10-24,21.5,0.3,72,11.0,4.72,Mbarara,-0.61,30.65
2020-10-25,20.6,8.7,79,14.8,3.69,Mbarara,-0.61,30.65
2020-10-26,19.6,20.0,87,11.9,2.85,Mbarara,-0.61,30.65
2020-10-27,19.6,7.7,87,8.9,2.48,Mbarara,-0.61,30.65
2020-10-28,20.2,3.6,82,16.8,4.17,Mbarara,-0.61,30.65
2020-10-29,19.6,7.3,86,20.6,3.24,Mbarara,-0.61,30.65
2020-10-30,19.0,11.8,90,13.8,2.0,Mbarara,-0.61,30.65
2020-10-31,19.6,0.4,78,16.5,3.89,Mbarara,-0.61,30.65
2020-11-01,19.8,2.6,80,14.2,4.35,Mbarara,-0.61,30.65
2020-11-02,20.2,1.0,75,15.1,4.1,Mbarara,-0.61,30.65
2020-11-03,20.8,0.3,77,13.3,4.3,Mbarara,-0.61,30.65
2020-11-04,20.1,8.9,84,10.0,3.77,Mbarara,-0.61,30.65
2020-11-05,20.3,3.1,80,13.4,3.85,Mbarara,-0.61,30.65
2020-11-06,19.3,5.9,87,9.4,2.5,Mbarara,-0.61,30.65
2020-11-07,20.1,0.8,80,11.5,3.98,Mbarara,-0.61,30.65
2020-11-08,20.0,1.0,78,12.7,4.3,Mbarara,-0.61,30.65
2020-11-09,19.2,10.5,84,7.9,2.68,Mbarara,-0.61,30.65
2020-11-10,18.8,2.1,85,10.0,2.02,Mbarara,-0.61,30.65
2020-11-11,18.8,10.2,85,10.5,2.52,Mbarara,-0.61,30.65
2020-11-12,19.6,2.4,81,11.2,3.9,Mbarara,-0.61,30.65
2020-11-13,19.8,0.7,81,9.4,3.85,Mbarara,-0.61,30.65
2020-11-14,19.4,4.0,83,10.5,3.16,Mbarara,-0.61,30.65
2020-11-15,20.2,4.3,81,12.2,3.86,Mbarara,-0.61,30.65
2020-11-16,19.4,10.1,85,9.4,3.21,Mbarara,-0.61,30.65
2020-11-17,19.4,4.8,85,11.2,3.35,Mbarara,-0.61,30.65
2020-11-18,19.2,20.3,86,8.6,2.67,Mbarara,-0.61,30.65
2020-11-19,19.7,0.0,79,9.4,3.53,Mbarara,-0.61,30.65
2020-11-20,20.8,0.9,72,16.3,4.32,Mbarara,-0.61,30.65
2020-11-21,19.9,14.5,82,11.0,3.36,Mbarara,-0.61,30.65
2020-11-22,19.5,5.8,85,12.4,3.22,Mbarara,-0.61,30.65
2020-11-23,20.5,0.0,72,12.3,4.65,Mbarara,-0.61,30.65
2020-11-24,19.4,7.2,84,9.3,2.67,Mbarara,-0.61,30.65
2020-11-25,18.1,6.7,89,12.3,2.61,Mbarara,-0.61,30.65
2020-11-26,20.1,0.0,75,10.9,4.73,Mbarara,-0.61,30.65
2020-11-27,20.2,2.5,79,12.4,4.1,Mbarara,-0.61,30.65
2020-11-28,19.3,8.6,86,9.9,2.92,Mbarara,-0.61,30.65
2020-11-29,18.8,0.5,86,13.0,2.24,Mbarara,-0.61,30.65
2020-11-30,19.6,0.6,79,8.5,4.21,Mbarara,-0.61,30.65
2020-12-01,20.5,0.7,76,8.6,4.25,Mbarara,-0.61,30.65
2020-12-02,19.9,4.5,81,13.8,3.87,Mbarara,-0.61,30.65
2020-12-03,20.2,0.3,78,11.8,2.95,Mbarara,-0.61,30.65
2020-12-04,18.9,12.7,85,11.2,2.43,Mbarara,-0.61,30.65
2020-12-05,20.3,0.8,78,7.9,4.19,Mbarara,-0.61,30.65
2020-12-06,19.8,5.7,80,10.7,3.78,Mbarara,-0.61,30.65
2020-12-07,19.7,1.6,81,14.5,3.76,Mbarara,-0.61,30.65
2020-12-08,19.7,3.2,82,11.1,3.54,Mbarara,-0.61,30.65
2020-12-09,19.0,0.6,83,8.9,2.21,Mbarara,-0.61,30.65
2020-12-10,20.0,1.7,76,8.4,3.6,Mbarara,-0.61,30.65
2020-12-11,20.4,0.7,73,12.7,3.85,Mbarara,-0.61,30.65
2020-12-12,20.9,0.4,71,12.0,4.44,Mbarara,-0.61,30.65
2020-12-13,20.7,0.4,68,12.9,4.39,Mbarara,-0.61,30.65
2020-12-14,20.8,0.0,64,13.2,4.93,Mbarara,-0.61,30.65
2020-12-15,20.2,0.0,68,10.3,4.43,Mbarara,-0.61,30.65
2020-12-16,21.2,0.2,66,11.1,4.5,Mbarara,-0.61,30.65
2020-12-17,21.8,0.0,62,19.3,4.52,Mbarara,-0.61,30.65
2020-12-18,20.5,4.2,76,11.2,3.38,Mbarara,-0.61,30.65
2020-12-19,19.7,19.8,82,11.1,3.29,Mbarara,-0.61,30.65
2020-12-20,19.9,0.5,76,10.8,4.03,Mbarara,-0.61,30.65
2020-12-21,20.0,6.6,78,7.4,3.44,Mbarara,-0.61,30.65
2020-12-22,18.9,4.1,84,9.8,3.08,Mbarara,-0.61,30.65
2020-12-23,20.3,0.2,71,9.2,4.35,Mbarara,-0.61,30.65
2020-12-24,19.0,5.4,84,12.6,3.04,Mbarara,-0.61,30.65
2020-12-25,20.1,1.5,78,10.8,3.94,Mbarara,-0.61,30.65
2020-12-26,20.4,8.1,78,9.3,3.76,Mbarara,-0.61,30.65
2020-12-27,20.4,1.2,79,11.5,3.72,Mbarara,-0.61,30.65
2020-12-28,21.0,0.1,73,12.4,4.68,Mbarara,-0.61,30.65
2020-12-29,20.9,0.0,68,14.9,4.75,Mbarara,-0.61,30.65
2020-12-30,21.0,0.0,68,12.2,4.19,Mbarara,-0.61,30.65
2020-12-31,20.8,6.6,72,16.8,4.2,Mbarara,-0.61,30.65
2021-01-01,19.5,5.5,82,9.7,2.62,Mbarara,-0.61,30.65
2021-01-02,19.0,0.3,80,9.7,3.4,Mbarara,-0.61,30.65
2021-01-03,20.1,1.1,76,9.9,3.58,Mbarara,-0.61,30.65
2021-01-04,20.0,0.6,76,9.7,3.58,Mbarara,-0.61,30.65
2021-01-05,21.1,0.2,69,12.9,4.76,Mbarara,-0.61,30.65
2021-01-06,20.5,0.9,74,9.5,4.09,Mbarara,-0.61,30.65
2021-01-07,21.2,0.0,68,11.0,4.83,Mbarara,-0.61,30.65
2021-01-08,22.0,0.1,64,15.4,4.75,Mbarara,-0.61,30.65
2021-01-09,19.9,2.6,78,12.1,3.16,Mbarara,-0.61,30.65
2021-01-10,18.8,7.8,86,11.2,2.32,Mbarara,-0.61,30.65
2021-01-11,19.5,5.1,81,9.2,3.79,Mbarara,-0.61,30.65
2021-01-12,20.5,0.0,75,8.0,3.11,Mbarara,-0.61,30.65
2021-01-13,20.7,2.1,72,10.0,3.77,Mbarara,-0.61,30.65
2021-01-14,20.1,7.9,81,16.3,3.22,Mbarara,-0.61,30.65
2021-01-15,19.6,10.7,81,14.2,3.35,Mbarara,-0.61,30.65
2021-01-16,19.3,3.0,83,13.4,3.39,Mbarara,-0.61,30.65
2021-01-17,20.2,1.2,78,11.2,4.25,Mbarara,-0.61,30.65
2021-01-18,21.0,0.0,68,15.7,4.58,Mbarara,-0.61,30.65
2021-01-19,21.5,0.4,67,11.1,3.84,Mbarara,-0.61,30.65
2021-01-20,21.5,3.0,70,13.3,4.09,Mbarara,-0.61,30.65
2021-01-21,21.3,0.2,69,12.8,4.73,Mbarara,-0.61,30.65
2021-01-22,21.5,0.0,64,12.0,4.6,Mbarara,-0.61,30.65
2021-01-23,21.3,0.2,66,10.5,4.09,Mbarara,-0.61,30.65
2021-01-24,19.8,1.7,76,14.7,3.01,Mbarara,-0.61,30.65
2021-01-25,20.2,0.3,71,14.5,4.05,Mbarara,-0.61,30.65
2021-01-26,20.7,0.2,68,13.7,4.6,Mbarara,-0.61,30.65
2021-01-27,21.3,0.0,62,12.7,4.91,Mbarara,-0.61,30.65
2021-01-28,22.0,0.0,60,13.5,4.78,Mbarara,-0.61,30.65
2021-01-29,22.4,0.0,57,15.4,5.13,Mbarara,-0.61,30.65
2021-01-30,21.7,0.1,63,13.1,4.06,Mbarara,-0.61,30.65
2021-01-31,22.4,0.0,59,14.4,4.83,Mbarara,-0.61,30.65
2021-02-01,23.1,0.0,56,23.5,5.82,Mbarara,-0.61,30.65
2021-02-02,22.3,0.0,55,15.5,5.39,Mbarara,-0.61,30.65
2021-02-03,23.0,0.0,53,13.1,4.93,Mbarara,-0.61,30.65
2021-02-04,22.2,2.2,62,10.3,4.12,Mbarara,-0.61,30.65
2021-02-05,22.8,0.8,60,11.4,4.17,Mbarara,-0.61,30.65
2021-02-06,21.8,3.7,69,16.1,4.24,Mbarara,-0.61,30.65
2021-02-07,22.0,0.0,68,13.3,4.17,Mbarara,-0.61,30.65
2021-02-08,22.9,0.2,56,11.2,4.93,Mbarara,-0.61,30.65
2021-02-09,23.7,0.0,57,11.8,4.85,Mbarara,-0.61,30.65
2021-02-10,23.6,0.2,59,16.1,4.46,Mbarara,-0.61,30.65
2021-02-11,21.9,2.2,68,16.1,3.81,Mbarara,-0.61,30.65
2021-02-12,22.5,0.3,70,10.4,4.06,Mbarara,-0.61,30.65
2021-02-13,21.8,4.4,73,10.5,3.71,Mbarara,-0.61,30.65
2021-02-14,22.1,2.0,70,9.6,4.48,Mbarara,-0.61,30.65
2021-02-15,22.1,0.8,70,12.9,4.08,Mbarara,-0.61,30.65
2021-02-16,20.6,4.3,79,10.5,3.07,Mbarara,-0.61,30.65
2021-02-17,22.1,0.1,68,15.9,4.57,Mbarara,-0.61,30.65
2021-02-18,20.7,3.9,76,14.7,3.62,Mbarara,-0.61,30.65
2021-02-19,20.7,1.2,73,11.8,4.27,Mbarara,-0.61,30.65
2021-02-20,20.4,2.0,75,12.7,3.82,Mbarara,-0.61,30.65
2021-02-21,21.1,0.2,65,11.3,4.68,Mbarara,-0.61,30.65
2021-02-22,20.9,0.4,67,12.8,4.01,Mbarara,-0.61,30.65
2021-02-23,21.6,1.7,69,13.3,4.41,Mbarara,-0.61,30.65
2021-02-24,22.4,0.0,59,19.4,4.65,Mbarara,-0.61,30.65
2021-02-25,22.0,0.3,64,12.6,4.59,Mbarara,-0.61,30.65
2021-02-26,22.1,0.0,61,15.3,4.9,Mbarara,-0.61,30.65
2021-02-27,23.1,0.3,51,10.2,5.07,Mbarara,-0.61,30.65
2021-02-28,23.1,0.0,58,14.6,5.25,Mbarara,-0.61,30.65
2021-03-01,23.4,0.3,56,16.0,5.15,Mbarara,-0.61,30.65
2021-03-02,23.3,0.2,60,12.7,4.94,Mbarara,-0.61,30.65
2021-03-03,21.8,4.3,73,16.0,3.68,Mbarara,-0.61,30.65
2021-03-04,21.8,0.1,66,12.4,4.32,Mbarara,-0.61,30.65
2021-03-05,21.4,1.0,73,9.6,4.03,Mbarara,-0.61,30.65
2021-03-06,21.5,0.8,72,12.8,4.28,Mbarara,-0.61,30.65
2021-03-07,21.0,2.7,75,9.5,4.19,Mbarara,-0.61,30.65
2021-03-08,20.6,6.9,78,13.3,3.89,Mbarara,-0.61,30.65
2021-03-09,20.1,5.4,80,10.1,3.74,Mbarara,-0.61,30.65
2021-03-10,21.1,0.1,69,13.4,5.13,Mbarara,-0.61,30.65
2021-03-11,22.0,0.0,60,15.5,5.73,Mbarara,-0.61,30.65
2021-03-12,22.5,0.0,52,12.2,5.32,Mbarara,-0.61,30.65
2021-03-13,23.0,0.0,49,13.7,5.39,Mbarara,-0.61,30.65
2021-03-14,23.4,0.0,43,15.6,5.96,Mbarara,-0.61,30.65
2021-03-15,22.8,0.1,50,11.9,4.66,Mbarara,-0.61,30.65
2021-03-16,21.3,1.5,63,20.3,3.88,Mbarara,-0.61,30.65
2021-03-17,20.1,8.8,82,10.2,3.04,Mbarara,-0.61,30.65
2021-03-18,20.8,0.2,73,11.4,3.97,Mbarara,-0.61,30.65
2021-03-19,21.3,0.1,68,15.3,4.82,Mbarara,-0.61,30.65
2021-03-20,21.1,2.2,70,12.9,4.42,Mbarara,-0.61,30.65
2021-03-21,19.8,4.8,80,8.0,2.24,Mbarara,-0.61,30.65
2021-03-22,20.5,3.2,78,18.1,3.81,Mbarara,-0.61,30.65
2021-03-23,21.1,0.8,72,17.5,4.12,Mbarara,-0.61,30.65
2021-03-24,22.1,0.4,62,13.5,4.95,Mbarara,-0.61,30.65
2021-03-25,22.4,0.0,55,15.8,5.63,Mbarara,-0.61,30.65
2021-03-26,21.5,0.0,63,20.6,4.73,Mbarara,-0.61,30.65
2021-03-27,20.3,1.5,70,15.9,3.51,Mbarara,-0.61,30.65
2021-03-28,21.2,0.0,66,11.9,5.28,Mbarara,-0.61,30.65
2021-03-29,20.5,3.2,76,11.9,3.85,Mbarara,-0.61,30.65
2021-03-30,19.2,0.4,80,9.5,2.66,Mbarara,-0.61,30.65
2021-03-31,20.0,1.5,80,8.0,3.26,Mbarara,-0.61,30.65
2021-04-01,19.9,1.0,78,11.4,3.41,Mbarara,-0.61,30.65
2021-04-02,20.6,2.4,75,13.9,4.31,Mbarara,-0.61,30.65
2021-04-03,21.4,0.2,73,10.2,4.64,Mbarara,-0.61,30.65
2021-04-04,20.8,0.2,77,10.3,3.84,Mbarara,-0.61,30.65
2021-04-05,20.6,1.8,77,14.3,4.05,Mbarara,-0.61,30.65
2021-04-06,20.8,0.0,67,10.9,4.06,Mbarara,-0.61,30.65
2021-04-07,20.9,1.6,74,14.3,3.66,Mbarara,-0.61,30.65
2021-04-08,20.7,4.3,74,13.3,4.11,Mbarara,-0.61,30.65
2021-04-09,20.8,0.4,74,15.1,4.34,Mbarara,-0.61,30.65
2021-04-10,21.2,0.5,69,14.7,4.8,Mbarara,-0.61,30.65
2021-04-11,21.7,0.1,68,15.6,5.01,Mbarara,-0.61,30.65
2021-04-12,21.4,1.0,69,18.4,4.75,Mbarara,-0.61,30.65
2021-04-13,18.2,7.5,85,9.7,1.97,Mbarara,-0.61,30.65
2021-04-14,20.0,0.4,72,10.8,4.87,Mbarara,-0.61,30.65
2021-04-15,20.8,1.2,73,10.6,4.38,Mbarara,-0.61,30.65
2021-04-16,20.6,4.0,76,16.1,4.17,Mbarara,-0.61,30.65
2021-04-17,21.1,0.2,74,14.8,4.54,Mbarara,-0.61,30.65
2021-04-18,20.2,1.2,77,14.2,3.88,Mbarara,-0.61,30.65
2021-04-19,20.3,1.5,78,16.6,3.87,Mbarara,-0.61,30.65
2021-04-20,19.3,5.5,83,10.2,1.99,Mbarara,-0.61,30.65
2021-04-21,20.4,5.6,76,14.4,3.65,Mbarara,-0.61,30.65
2021-04-22,20.8,0.5,73,17.1,4.31,Mbarara,-0.61,30.65
2021-04-23,20.6,0.1,75,14.0,4.11,Mbarara,-0.61,30.65
2021-04-24,20.7,1.2,77,10.8,4.24,Mbarara,-0.61,30.65
2021-04-25,18.9,13.3,91,15.1,2.44,Mbarara,-0.61,30.65
2021-04-26,20.6,1.6,78,9.0,4.56,Mbarara,-0.61,30.65
2021-04-27,21.0,0.5,75,12.6,4.63,Mbarara,-0.61,30.65
2021-04-28,20.8,0.7,73,16.9,4.47,Mbarara,-0.61,30.65
2021-04-29,19.9,2.1,80,13.7,3.03,Mbarara,-0.61,30.65
2021-04-30,20.1,2.2,81,10.2,3.79,Mbarara,-0.61,30.65
2021-05-01,20.0,2.6,80,9.2,3.95,Mbarara,-0.61,30.65
2021-05-02,20.2,1.4,77,15.0,4.31,Mbarara,-0.61,30.65
2021-05-03,20.2,2.1,79,11.6,3.61,Mbarara,-0.61,30.65
2021-05-04,20.2,0.0,77,13.0,4.34,Mbarara,-0.61,30.65
2021-05-05,20.9,0.2,73,14.8,4.42,Mbarara,-0.61,30.65
2021-05-06,19.8,1.3,80,7.3,2.7,Mbarara,-0.61,30.65
2021-05-07,19.1,8.4,85,9.2,2.75,Mbarara,-0.61,30.65
2021-05-08,19.3,8.7,84,10.2,2.84,Mbarara,-0.61,30.65
2021-05-09,19.1,3.8,85,11.5,2.34,Mbarara,-0.61,30.65
2021-05-10,19.0,3.3,84,6.0,2.2,Mbarara,-0.61,30.65
2021-05-11,18.7,3.2,85,8.6,2.65,Mbarara,-0.61,30.65
2021-05-12,18.9,6.9,88,12.6,2.47,Mbarara,-0.61,30.65
2021-05-13,19.7,1.5,80,12.1,4.0,Mbarara,-0.61,30.65
2021-05-14,20.3,1.9,79,11.5,3.62,Mbarara,-0.61,30.65
2021-05-15,19.5,6.5,84,18.3,3.63,Mbarara,-0.61,30.65
2021-05-16,21.5,0.2,74,12.6,4.53,Mbarara,-0.61,30.65
2021-05-17,21.5,1.5,74,11.7,4.41,Mbarara,-0.61,30.65
2021-05-18,21.2,2.3,74,13.0,4.22,Mbarara,-0.61,30.65
2021-05-19,20.4,2.3,78,13.2,3.45,Mbarara,-0.61,30.65
2021-05-20,20.9,0.7,76,12.5,3.95,Mbarara,-0.61,30.65
2021-05-21,21.8,0.4,69,14.3,4.6,Mbarara,-0.61,30.65
2021-05-22,21.8,0.2,66,11.8,4.46,Mbarara,-0.61,30.65
2021-05-23,22.0,0.0,62,14.7,4.82,Mbarara,-0.61,30.65
2021-05-24,21.7,0.0,58,13.5,4.41,Mbarara,-0.61,30.65
2021-05-25,21.5,0.0,59,16.1,4.94,Mbarara,-0.61,30.65
2021-05-26,21.9,0.0,56,13.4,4.67,Mbarara,-0.61,30.65
2021-05-27,22.4,0.1,57,14.0,4.92,Mbarara,-0.61,30.65
2021-05-28,22.3,0.0,62,12.8,4.78,Mbarara,-0.61,30.65
2021-05-29,22.7,0.0,59,18.4,5.17,Mbarara,-0.61,30.65
2021-05-30,22.7,0.0,61,17.8,4.72,Mbarara,-0.61,30.65
2021-05-31,22.7,0.2,60,16.4,5.01,Mbarara,-0.61,30.65
2021-06-01,22.9,0.0,52,18.0,5.51,Mbarara,-0.61,30.65
2021-06-02,22.6,0.0,53,18.6,5.39,Mbarara,-0.61,30.65
2021-06-03,22.5,0.0,54,11.5,4.54,Mbarara,-0.61,30.65
2021-06-04,22.7,0.0,58,16.1,5.01,Mbarara,-0.61,30.65
2021-06-05,22.3,0.0,56,20.7,4.94,Mbarara,-0.61,30.65
2021-06-06,21.4,1.0,61,20.5,4.23,Mbarara,-0.61,30.65
2021-06-07,21.1,0.4,60,18.7,4.55,Mbarara,-0.61,30.65
2021-06-08,21.4,0.0,54,18.3,5.02,Mbarara,-0.61,30.65
2021-06-09,21.7,0.0,52,18.5,5.18,Mbarara,-0.61,30.65
2021-06-10,21.6,0.0,50,17.2,5.09,Mbarara,-0.61,30.65
2021-06-11,22.3,0.0,51,18.7,5.81,Mbarara,-0.61,30.65
2021-06-12,22.5,0.0,47,16.9,4.86,Mbarara,-0.61,30.65
2021-06-13,22.8,0.0,49,15.0,5.39,Mbarara,-0.61,30.65
2021-06-14,22.9,0.0,53,15.3,4.58,Mbarara,-0.61,30.65
2021-06-15,22.9,0.0,55,16.6,4.53,Mbarara,-0.61,30.65
2021-06-16,22.8,0.0,50,12.5,3.83,Mbarara,-0.61,30.65
2021-06-17,22.4,0.3,55,8.7,3.48,Mbarara,-0.61,30.65
2021-06-18,19.9,7.3,77,16.2,2.39,Mbarara,-0.61,30.65
2021-06-19,19.1,0.0,77,10.9,2.2,Mbarara,-0.61,30.65
2021-06-20,21.0,0.0,62,16.1,5.0,Mbarara,-0.61,30.65
2021-06-21,21.5,0.0,55,18.9,5.07,Mbarara,-0.61,30.65
2021-06-22,21.7,0.0,50,19.7,5.19,Mbarara,-0.61,30.65
2021-06-23,21.8,0.0,50,19.5,5.13,Mbarara,-0.61,30.65
2021-06-24,21.3,0.0,53,15.2,4.96,Mbarara,-0.61,30.65
2021-06-25,22.0,0.0,52,16.9,4.64,Mbarara,-0.61,30.65
2021-06-26,22.1,0.0,53,17.6,4.59,Mbarara,-0.61,30.65
2021-06-27,22.6,0.0,48,22.4,5.45,Mbarara,-0.61,30.65
2021-06-28,22.0,0.0,45,15.5,4.49,Mbarara,-0.61,30.65
2021-06-29,21.3,0.1,47,16.8,4.36,Mbarara,-0.61,30.65
2021-06-30,21.7,0.1,47,16.1,4.46,Mbarara,-0.61,30.65
2021-07-01,21.9,0.0,56,21.0,4.68,Mbarara,-0.61,30.65
2021-07-02,22.4,0.0,58,19.1,4.86,Mbarara,-0.61,30.65
2021-07-03,22.9,0.0,50,19.4,5.08,Mbarara,-0.61,30.65
2021-07-04,23.0,0.0,43,18.7,4.96,Mbarara,-0.61,30.65
2021-07-05,23.1,0.0,40,20.9,5.1,Mbarara,-0.61,30.65
2021-07-06,22.6,0.0,48,17.7,4.67,Mbarara,-0.61,30.65
2021-07-07,21.9,0.0,46,21.2,5.17,Mbarara,-0.61,30.65
2021-07-08,21.7,0.7,49,13.1,3.81,Mbarara,-0.61,30.65
2021-07-09,20.9,0.0,64,19.2,3.31,Mbarara,-0.61,30.65
2021-07-10,21.2,0.1,54,10.8,3.33,Mbarara,-0.61,30.65
2021-07-11,21.9,0.0,48,14.1,4.21,Mbarara,-0.61,30.65
2021-07-12,21.5,0.0,47,20.5,3.77,Mbarara,-0.61,30.65
2021-07-13,20.1,0.5,63,10.9,3.03,Mbarara,-0.61,30.65
2021-07-14,20.2,2.5,75,13.8,2.58,Mbarara,-0.61,30.65
2021-07-15,20.5,3.0,70,19.8,3.36,Mbarara,-0.61,30.65
2021-07-16,21.1,0.8,59,18.2,3.96,Mbarara,-0.61,30.65
2021-07-17,21.6,0.0,49,18.4,4.6,Mbarara,-0.61,30.65
2021-07-18,21.1,0.0,46,16.0,4.6,Mbarara,-0.61,30.65
2021-07-19,22.6,0.0,44,18.2,5.06,Mbarara,-0.61,30.65
2021-07-20,21.8,0.0,49,22.0,4.71,Mbarara,-0.61,30.65
2021-07-21,22.5,0.0,42,21.8,5.02,Mbarara,-0.61,30.65
2021-07-22,22.6,0.0,41,21.6,5.96,Mbarara,-0.61,30.65
2021-07-23,23.0,0.0,39,20.2,5.45,Mbarara,-0.61,30.65
2021-07-24,22.6,0.0,41,16.6,4.62,Mbarara,-0.61,30.65
2021-07-25,22.8,0.0,38,18.1,5.62,Mbarara,-0.61,30.65
2021-07-26,21.9,0.0,40,17.7,5.35,Mbarara,-0.61,30.65
2021-07-27,21.9,0.0,38,15.5,5.18,Mbarara,-0.61,30.65
2021-07-28,22.2,0.0,38,15.6,4.53,Mbarara,-0.61,30.65
2021-07-29,22.8,0.0,42,15.8,4.18,Mbarara,-0.61,30.65
2021-07-30,22.3,0.0,47,17.1,5.1,Mbarara,-0.61,30.65
2021-07-31,22.8,0.0,40,19.4,5.7,Mbarara,-0.61,30.65
2021-08-01,22.1,0.0,37,18.8,5.98,Mbarara,-0.61,30.65
2021-08-02,22.4,0.0,42,18.7,4.7,Mbarara,-0.61,30.65
2021-08-03,21.5,0.4,58,17.6,4.61,Mbarara,-0.61,30.65
2021-08-04,22.6,0.9,60,15.6,4.77,Mbarara,-0.61,30.65
2021-08-05,22.5,0.0,60,18.8,4.75,Mbarara,-0.61,30.65
2021-08-06,23.3,0.0,50,18.1,4.75,Mbarara,-0.61,30.65
2021-08-07,22.8,0.1,54,20.0,4.92,Mbarara,-0.61,30.65
2021-08-08,23.0,0.4,57,12.9,4.25,Mbarara,-0.61,30.65
2021-08-09,20.1,8.2,78,17.2,3.14,Mbarara,-0.61,30.65
2021-08-10,20.3,8.3,73,10.8,3.51,Mbarara,-0.61,30.65
2021-08-11,20.5,2.2,73,13.2,3.83,Mbarara,-0.61,30.65
2021-08-12,20.8,7.7,76,15.0,3.78,Mbarara,-0.61,30.65
2021-08-13,20.1,4.4,80,13.1,3.53,Mbarara,-0.61,30.65
2021-08-14,19.7,5.0,79,17.4,3.5,Mbarara,-0.61,30.65
2021-08-15,20.1,0.4,69,18.6,3.96,Mbarara,-0.61,30.65
2021-08-16,20.4,0.0,64,20.3,4.6,Mbarara,-0.61,30.65
2021-08-17,20.2,5.8,65,18.5,3.9,Mbarara,-0.61,30.65
2021-08-18,21.8,0.0,62,15.5,4.57,Mbarara,-0.61,30.65
2021-08-19,21.6,0.2,64,13.1,4.26,Mbarara,-0.61,30.65
2021-08-20,20.3,2.7,75,11.6,3.35,Mbarara,-0.61,30.65
2021-08-21,21.8,2.0,67,14.6,4.3,Mbarara,-0.61,30.65
2021-08-22,20.4,3.4,74,16.9,4.08,Mbarara,-0.61,30.65
2021-08-23,21.1,0.0,65,17.3,4.86,Mbarara,-0.61,30.65
2021-08-24,20.7,0.3,60,20.5,4.33,Mbarara,-0.61,30.65
2021-08-25,21.6,0.0,51,18.4,5.95,Mbarara,-0.61,30.65
2021-08-26,22.3,0.0,49,19.1,5.82,Mbarara,-0.61,30.65
2021-08-27,22.6,0.0,46,18.8,6.14,Mbarara,-0.61,30.65
2021-08-28,22.8,0.0,52,16.9,5.91,Mbarara,-0.61,30.65
2021-08-29,23.3,0.1,54,17.2,5.06,Mbarara,-0.61,30.65
2021-08-30,22.5,1.0,66,15.5,4.17,Mbarara,-0.61,30.65
2021-08-31,22.1,3.8,68,20.1,4.16,Mbarara,-0.61,30.65
2021-09-01,20.5,3.3,78,11.9,3.05,Mbarara,-0.61,30.65
2021-09-02,19.3,3.5,86,21.9,2.8,Mbarara,-0.61,30.65
2021-09-03,20.4,2.2,76,21.1,3.94,Mbarara,-0.61,30.65
2021-09-04,20.5,2.5,77,16.1,3.83,Mbarara,-0.61,30.65
2021-09-05,21.3,0.0,69,19.2,4.68,Mbarara,-0.61,30.65
2021-09-06,20.2,2.4,78,12.9,3.83,Mbarara,-0.61,30.65
2021-09-07,19.8,7.4,82,16.4,3.75,Mbarara,-0.61,30.65
2021-09-08,19.9,4.0,78,17.3,3.51,Mbarara,-0.61,30.65
2021-09-09,19.9,2.6,78,20.2,3.52,Mbarara,-0.61,30.65
2021-09-10,19.6,0.3,71,19.4,4.4,Mbarara,-0.61,30.65
2021-09-11,20.2,1.4,64,22.0,4.59,Mbarara,-0.61,30.65
2021-09-12,20.6,0.7,63,14.1,4.1,Mbarara,-0.61,30.65
2021-09-13,20.3,0.2,69,14.8,3.86,Mbarara,-0.61,30.65
2021-09-14,21.6,0.0,65,15.0,5.25,Mbarara,-0.61,30.65
2021-09-15,21.7,0.5,69,9.8,4.45,Mbarara,-0.61,30.65
2021-09-16,20.9,7.5,78,12.9,3.51,Mbarara,-0.61,30.65
2021-09-17,20.6,13.1,79,12.2,3.62,Mbarara,-0.61,30.65
2021-09-18,19.1,22.5,86,12.3,2.59,Mbarara,-0.61,30.65
2021-09-19,20.1,0.7,79,13.0,4.26,Mbarara,-0.61,30.65
2021-09-20,21.3,0.1,71,16.9,4.48,Mbarara,-0.61,30.65
2021-09-21,21.5,1.4,70,9.4,4.7,Mbarara,-0.61,30.65
2021-09-22,19.6,0.9,81,17.1,3.47,Mbarara,-0.61,30.65
2021-09-23,20.6,2.1,76,18.2,4.28,Mbarara,-0.61,30.65
2021-09-24,20.0,7.3,79,16.3,3.58,Mbarara,-0.61,30.65
2021-09-25,19.9,3.8,79,14.3,3.45,Mbarara,-0.61,30.65
2021-09-26,19.1,13.1,83,18.6,3.79,Mbarara,-0.61,30.65
2021-09-27,19.7,1.1,81,7.7,4.13,Mbarara,-0.61,30.65
2021-09-28,20.4,0.3,77,17.9,4.59,Mbarara,-0.61,30.65
2021-09-29,21.1,0.9,74,22.2,4.72,Mbarara,-0.61,30.65
2021-09-30,20.4,3.7,79,15.9,3.92,Mbarara,-0.61,30.65
2021-10-01,21.2,0.8,71,14.5,4.64,Mbarara,-0.61,30.65
2021-10-02,20.7,2.5,77,14.1,3.97,Mbarara,-0.61,30.65
2021-10-03,20.1,4.2,80,14.4,3.27,Mbarara,-0.61,30.65
2021-10-04,20.5,4.6,77,11.1,4.01,Mbarara,-0.61,30.65
2021-10-05,20.8,0.9,75,15.5,4.54,Mbarara,-0.61,30.65
2021-10-06,20.7,2.6,77,10.6,4.2,Mbarara,-0.61,30.65
2021-10-07,21.6,0.1,68,15.3,5.13,Mbarara,-0.61,30.65
2021-10-08,22.5,0.0,63,9.8,5.02,Mbarara,-0.61,30.65
2021-10-09,21.3,4.3,76,8.7,3.37,Mbarara,-0.61,30.65
2021-10-10,21.3,1.4,78,13.0,4.06,Mbarara,-0.61,30.65
2021-10-11,19.9,5.2,86,11.0,2.37,Mbarara,-0.61,30.65
2021-10-12,20.1,1.5,76,17.4,3.61,Mbarara,-0.61,30.65
2021-10-13,21.8,0.1,64,13.3,5.24,Mbarara,-0.61,30.65
2021-10-14,20.9,8.4,76,18.7,4.67,Mbarara,-0.61,30.65
2021-10-15,19.9,4.8,81,14.9,3.99,Mbarara,-0.61,30.65
2021-10-16,20.8,3.1,76,13.4,4.43,Mbarara,-0.61,30.65
2021-10-17,21.0,0.2,75,11.7,4.35,Mbarara,-0.61,30.65
2021-10-18,22.0,0.9,71,14.8,4.66,Mbarara,-0.61,30.65
2021-10-19,20.2,11.1,83,14.0,3.43,Mbarara,-0.61,30.65
2021-10-20,20.4,2.1,78,16.3,3.99,Mbarara,-0.61,30.65
2021-10-21,19.6,6.3,83,16.3,3.13,Mbarara,-0.61,30.65
2021-10-22,20.4,0.9,78,17.5,4.03,Mbarara,-0.61,30.65
2021-10-23,20.8,1.9,74,19.8,4.84,Mbarara,-0.61,30.65
2021-10-24,21.1,1.3,74,10.6,4.47,Mbarara,-0.61,30.65
2021-10-25,21.3,0.3,72,14.6,4.32,Mbarara,-0.61,30.65
2021-10-26,21.5,0.0,67,15.7,5.23,Mbarara,-0.61,30.65
2021-10-27,20.4,0.8,69,17.7,4.33,Mbarara,-0.61,30.65
2021-10-28,20.2,2.0,73,17.6,4.13,Mbarara,-0.61,30.65
2021-10-29,20.7,1.3,73,14.5,4.7,Mbarara,-0.61,30.65
2021-10-30,20.7,1.0,76,15.4,4.65,Mbarara,-0.61,30.65
2021-10-31,20.7,3.8,77,17.3,4.24,Mbarara,-0.61,30.65
2021-11-01,21.2,0.3,72,13.9,4.45,Mbarara,-0.61,30.65
2021-11-02,20.0,1.4,80,15.2,4.06,Mbarara,-0.61,30.65
2021-11-03,20.0,5.4,78,12.4,3.48,Mbarara,-0.61,30.65
2021-11-04,20.4,1.7,75,19.2,4.71,Mbarara,-0.61,30.65
2021-11-05,21.0,0.4,70,13.3,4.65,Mbarara,-0.61,30.65
2021-11-06,20.4,0.8,73,18.8,3.97,Mbarara,-0.61,30.65
2021-11-07,20.8,0.1,65,16.2,4.37,Mbarara,-0.61,30.65
2021-11-08,21.6,0.0,64,20.3,5.2,Mbarara,-0.61,30.65
2021-11-09,21.9,0.1,65,12.5,4.83,Mbarara,-0.61,30.65
2021-11-10,20.9,1.2,73,13.0,4.21,Mbarara,-0.61,30.65
2021-11-11,21.3,1.0,72,18.4,4.36,Mbarara,-0.61,30.65
2021-11-12,21.8,0.1,67,18.4,4.88,Mbarara,-0.61,30.65
2021-11-13,21.0,1.8,72,12.4,4.0,Mbarara,-0.61,30.65
2021-11-14,21.7,1.0,67,20.7,4.79,Mbarara,-0.61,30.65
2021-11-15,20.2,6.7,77,21.2,4.04,Mbarara,-0.61,30.65
2021-11-16,19.8,16.7,82,12.5,3.44,Mbarara,-0.61,30.65
2021-11-17,20.0,5.4,77,14.3,4.06,Mbarara,-0.61,30.65
2021-11-18,20.0,1.9,75,13.2,3.79,Mbarara,-0.61,30.65
2021-11-19,20.4,1.3,74,11.6,4.22,Mbarara,-0.61,30.65
2021-11-20,19.9,7.4,78,10.7,4.18,Mbarara,-0.61,30.65
2021-11-21,19.4,12.0,82,19.2,3.35,Mbarara,-0.61,30.65
2021-11-22,20.2,2.7,77,13.2,4.03,Mbarara,-0.61,30.65
2021-11-23,21.1,0.0,67,10.8,5.08,Mbarara,-0.61,30.65
2021-11-24,21.1,0.1,67,10.0,5.03,Mbarara,-0.61,30.65
2021-11-25,20.5,0.7,74,17.0,4.3,Mbarara,-0.61,30.65
2021-11-26,18.2,6.2,88,9.8,2.17,Mbarara,-0.61,30.65
2021-11-27,19.6,0.9,77,12.5,3.43,Mbarara,-0.61,30.65
2021-11-28,19.7,1.8,77,17.4,3.46,Mbarara,-0.61,30.65
2021-11-29,20.0,6.2,78,13.6,3.55,Mbarara,-0.61,30.65
2021-11-30,19.2,2.8,82,14.4,3.26,Mbarara,-0.61,30.65
2021-12-01,20.4,0.5,75,17.7,4.26,Mbarara,-0.61,30.65
2021-12-02,20.7,0.1,71,13.4,4.4,Mbarara,-0.61,30.65
2021-12-03,20.1,1.9,77,17.1,3.27,Mbarara,-0.61,30.65
2021-12-04,20.5,1.1,77,14.1,4.23,Mbarara,-0.61,30.65
2021-12-05,20.9,0.4,76,11.5,4.03,Mbarara,-0.61,30.65
2021-12-06,21.2,0.0,74,12.5,4.68,Mbarara,-0.61,30.65
2021-12-07,21.0,0.7,71,11.9,4.27,Mbarara,-0.61,30.65
2021-12-08,21.6,0.1,65,14.9,4.58,Mbarara,-0.61,30.65
2021-12-09,19.7,1.0,74,13.6,3.43,Mbarara,-0.61,30.65
2021-12-10,19.9,0.5,78,13.9,4.03,Mbarara,-0.61,30.65
2021-12-11,20.3,1.6,79,19.3,3.98,Mbarara,-0.61,30.65
2021-12-12,21.5,0.0,71,9.8,4.69,Mbarara,-0.61,30.65
2021-12-13,22.1,0.0,65,11.9,4.8,Mbarara,-0.61,30.65
2021-12-14,21.5,0.4,68,19.1,4.36,Mbarara,-0.61,30.65
2021-12-15,21.3,1.8,72,11.2,4.02,Mbarara,-0.61,30.65
2021-12-16,21.5,0.6,72,12.9,4.52,Mbarara,-0.61,30.65
2021-12-17,21.6,0.0,67,11.6,3.95,Mbarara,-0.61,30.65
2021-12-18,22.1,0.0,62,12.7,5.06,Mbarara,-0.61,30.65
2021-12-19,19.9,5.5,79,13.0,3.22,Mbarara,-0.61,30.65
2021-12-20,21.0,1.4,74,13.6,3.92,Mbarara,-0.61,30.65
2021-12-21,21.3,1.8,74,13.4,4.36,Mbarara,-0.61,30.65
2021-12-22,21.4,0.8,73,16.9,3.94,Mbarara,-0.61,30.65
2021-12-23,19.9,7.0,82,11.8,3.23,Mbarara,-0.61,30.65
2021-12-24,20.8,9.0,78,12.2,3.76,Mbarara,-0.61,30.65
2021-12-25,19.4,11.8,85,11.2,2.57,Mbarara,-0.61,30.65
2021-12-26,19.3,3.4,83,15.8,3.48,Mbarara,-0.61,30.65
2021-12-27,20.1,0.6,77,15.2,4.02,Mbarara,-0.61,30.65
2021-12-28,20.8,0.9,69,11.3,4.1,Mbarara,-0.61,30.65
2021-12-29,21.3,0.0,65,9.1,4.33,Mbarara,-0.61,30.65
2021-12-30,20.6,0.4,75,11.4,3.89,Mbarara,-0.61,30.65
2021-12-31,18.8,14.8,85,15.3,2.29,Mbarara,-0.61,30.65
2020-01-01,24.5,0.0,45,15.0,6.22,Soroti,1.71,33.61
2020-01-02,24.6,0.0,47,16.4,6.07,Soroti,1.71,33.61
2020-01-03,25.0,0.0,47,17.7,6.16,Soroti,1.71,33.61
2020-01-04,24.6,0.0,51,17.1,5.8,Soroti,1.71,33.61
2020-01-05,23.5,0.4,70,11.3,4.49,Soroti,1.71,33.61
2020-01-06,22.5,0.9,72,9.2,3.97,Soroti,1.71,33.61
2020-01-07,24.3,0.0,64,14.0,5.27,Soroti,1.71,33.61
2020-01-08,24.4,0.1,61,13.7,4.87,Soroti,1.71,33.61
2020-01-09,24.1,0.0,64,15.0,5.37,Soroti,1.71,33.61
2020-01-10,23.4,0.3,71,9.4,4.37,Soroti,1.71,33.61
2020-01-11,23.4,2.0,71,10.5,4.23,Soroti,1.71,33.61
2020-01-12,23.7,0.0,44,12.9,5.45,Soroti,1.71,33.61
2020-01-13,22.4,0.7,68,12.0,4.37,Soroti,1.71,33.61
2020-01-14,24.2,0.0,57,11.8,5.12,Soroti,1.71,33.61
2020-01-15,25.8,0.0,50,13.4,5.83,Soroti,1.71,33.61
2020-01-16,25.4,0.0,55,11.6,5.18,Soroti,1.71,33.61
2020-01-17,25.7,0.0,58,9.9,5.06,Soroti,1.71,33.61
2020-01-18,25.9,0.0,58,16.7,5.05,Soroti,1.71,33.61
2020-01-19,25.6,0.0,55,13.0,5.77,Soroti,1.71,33.61
2020-01-20,24.6,0.0,46,13.2,5.88,Soroti,1.71,33.61
2020-01-21,25.0,0.0,40,11.0,6.1,Soroti,1.71,33.61
2020-01-22,24.8,0.0,43,15.5,6.16,Soroti,1.71,33.61
2020-01-23,25.2,0.0,37,15.9,6.2,Soroti,1.71,33.61
2020-01-24,25.6,0.0,39,12.8,5.88,Soroti,1.71,33.61
2020-01-25,25.8,0.4,55,11.7,4.64,Soroti,1.71,33.61
2020-01-26,24.6,2.7,64,16.7,3.92,Soroti,1.71,33.61
2020-01-27,23.0,5.0,81,13.1,3.74,Soroti,1.71,33.61
2020-01-28,21.7,12.5,89,7.9,2.87,Soroti,1.71,33.61
2020-01-29,20.7,16.6,93,8.5,1.98,Soroti,1.71,33.61
2020-01-30,22.0,2.0,82,9.0,3.51,Soroti,1.71,33.61
2020-01-31,21.0,5.9,86,9.2,3.5,Soroti,1.71,33.61
2020-02-01,21.5,0.0,78,10.1,4.49,Soroti,1.71,33.61
2020-02-02,22.6,0.0,77,8.0,4.22,Soroti,1.71,33.61
2020-02-03,22.1,8.2,84,12.4,3.93,Soroti,1.71,33.61
2020-02-04,22.1,3.4,84,7.9,4.22,Soroti,1.71,33.61
2020-02-05,22.1,7.1,86,6.3,3.96,Soroti,1.71,33.61
2020-02-06,21.8,3.6,84,7.5,4.07,Soroti,1.71,33.61
2020-02-07,23.8,0.0,66,14.8,5.66,Soroti,1.71,33.61
2020-02-08,24.4,0.0,53,17.2,6.21,Soroti,1.71,33.61
2020-02-09,24.4,0.0,47,17.2,6.63,Soroti,1.71,33.61
2020-02-10,23.6,0.1,53,10.8,5.67,Soroti,1.71,33.61
2020-02-11,23.1,0.0,58,11.0,5.14,Soroti,1.71,33.61
2020-02-12,23.9,0.1,64,8.4,4.92,Soroti,1.71,33.61
2020-02-13,24.1,0.5,59,16.2,5.11,Soroti,1.71,33.61
2020-02-14,25.1,0.2,60,17.0,5.8,Soroti,1.71,33.61
2020-02-15,25.0,0.0,53,15.6,6.25,Soroti,1.71,33.61
2020-02-16,25.0,0.0,54,13.3,5.61,Soroti,1.71,33.61
2020-02-17,25.9,0.0,62,10.5,5.45,Soroti,1.71,33.61
2020-02-18,25.6,0.0,61,12.9,5.53,Soroti,1.71,33.61
2020-02-19,24.2,0.1,73,13.0,4.68,Soroti,1.71,33.61
2020-02-20,25.1,0.0,65,9.9,5.1,Soroti,1.71,33.61
2020-02-21,25.4,0.2,62,11.2,5.02,Soroti,1.71,33.61
2020-02-22,26.3,0.0,58,16.3,5.77,Soroti,1.71,33.61
2020-02-23,27.3,0.0,43,19.6,6.93,Soroti,1.71,33.61
2020-02-24,27.3,0.0,37,16.5,7.03,Soroti,1.71,33.61
2020-02-25,24.8,1.3,66,11.4,4.56,Soroti,1.71,33.61
2020-02-26,25.6,0.7,64,13.3,5.07,Soroti,1.71,33.61
2020-02-27,25.7,0.4,62,12.1,4.72,Soroti,1.71,33.61
2020-02-28,24.0,14.2,77,15.1,4.28,Soroti,1.71,33.61
2020-02-29,24.5,0.5,72,13.9,4.59,Soroti,1.71,33.61
2020-03-01,25.0,3.9,71,14.6,4.46,Soroti,1.71,33.61
2020-03-02,23.6,12.4,81,9.4,4.3,Soroti,1.71,33.61
2020-03-03,24.9,0.1,70,12.4,4.97,Soroti,1.71,33.61
2020-03-04,23.0,7.2,83,12.6,3.71,Soroti,1.71,33.61
2020-03-05,23.9,0.0,70,9.8,4.45,Soroti,1.71,33.61
2020-03-06,25.2,0.0,62,15.3,5.64,Soroti,1.71,33.61
2020-03-07,26.1,0.1,63,12.2,5.64,Soroti,1.71,33.61
2020-03-08,24.6,3.3,75,9.5,4.39,Soroti,1.71,33.61
2020-03-09,22.7,6.6,84,9.8,3.31,Soroti,1.71,33.61
2020-03-10,24.0,0.6,78,9.2,4.21,Soroti,1.71,33.61
2020-03-11,23.7,9.6,78,11.2,4.58,Soroti,1.71,33.61
2020-03-12,23.2,5.9,80,10.3,4.35,Soroti,1.71,33.61
2020-03-13,23.9,0.8,75,13.0,4.83,Soroti,1.71,33.61
2020-03-14,24.0,0.6,76,10.6,4.51,Soroti,1.71,33.61
2020-03-15,24.2,4.3,79,10.2,4.49,Soroti,1.71,33.61
2020-03-16,23.1,7.2,84,9.4,4.16,Soroti,1.71,33.61
2020-03-17,24.1,2.2,77,17.6,4.68,Soroti,1.71,33.61
2020-03-18,23.1,10.5,84,11.1,4.5,Soroti,1.71,33.61
2020-03-19,22.4,9.5,84,8.8,4.29,Soroti,1.71,33.61
2020-03-20,22.7,4.1,83,9.8,4.48,Soroti,1.71,33.61
2020-03-21,24.0,0.0,72,12.3,5.28,Soroti,1.71,33.61
2020-03-22,24.3,0.7,70,9.4,5.36,Soroti,1.71,33.61
2020-03-23,23.3,4.7,76,12.3,4.31,Soroti,1.71,33.61
2020-03-24,23.0,5.4,81,11.7,4.19,Soroti,1.71,33.61
2020-03-25,22.6,13.1,85,15.8,4.14,Soroti,1.71,33.61
2020-03-26,23.1,1.4,80,10.3,3.9,Soroti,1.71,33.61
2020-03-27,22.4,10.1,81,11.1,3.65,Soroti,1.71,33.61
2020-03-28,22.2,1.1,81,10.7,4.06,Soroti,1.71,33.61
2020-03-29,22.5,0.1,76,12.8,4.69,Soroti,1.71,33.61
2020-03-30,23.2,0.7,77,8.6,5.12,Soroti,1.71,33.61
2020-03-31,23.6,0.7,77,14.1,4.71,Soroti,1.71,33.61
2020-04-01,24.9,0.0,67,11.5,5.61,Soroti,1.71,33.61
2020-04-02,25.6,0.0,60,13.8,6.06,Soroti,1.71,33.61
2020-04-03,25.6,0.0,55,13.5,6.19,Soroti,1.71,33.61
2020-04-04,25.1,0.4,68,11.6,5.36,Soroti,1.71,33.61
2020-04-05,25.3,0.1,63,10.5,5.26,Soroti,1.71,33.61
2020-04-06,24.8,0.0,68,15.8,5.42,Soroti,1.71,33.61
2020-04-07,25.6,0.0,64,12.3,5.42,Soroti,1.71,33.61
2020-04-08,26.0,0.0,61,16.4,5.96,Soroti,1.71,33.61
2020-04-09,25.7,0.3,66,11.0,5.19,Soroti,1.71,33.61
2020-04-10,24.5,1.1,73,11.9,4.24,Soroti,1.71,33.61
2020-04-11,24.9,1.3,73,10.5,4.56,Soroti,1.71,33.61
2020-04-12,23.7,5.3,81,13.0,4.23,Soroti,1.71,33.61
2020-04-13,22.4,28.7,88,9.4,3.5,Soroti,1.71,33.61
2020-04-14,22.4,9.4,87,10.1,3.86,Soroti,1.71,33.61
2020-04-15,23.2,6.0,82,8.7,4.65,Soroti,1.71,33.61
2020-04-16,24.6,0.3,73,11.4,4.93,Soroti,1.71,33.61
2020-04-17,23.3,13.1,82,13.2,3.72,Soroti,1.71,33.61
2020-04-18,21.7,20.9,91,10.0,2.53,Soroti,1.71,33.61
2020-04-19,22.0,11.0,84,10.1,3.31,Soroti,1.71,33.61
2020-04-20,20.3,16.7,95,11.4,1.47,Soroti,1.71,33.61
2020-04-21,20.2,8.6,94,6.4,1.88,Soroti,1.71,33.61
2020-04-22,22.2,1.5,81,10.5,3.78,Soroti,1.71,33.61
2020-04-23,21.5,1.9,85,10.7,3.54,Soroti,1.71,33.61
2020-04-24,21.5,0.4,80,10.9,2.82,Soroti,1.71,33.61
2020-04-25,23.3,0.0,71,12.2,5.08,Soroti,1.71,33.61
2020-04-26,23.0,0.8,79,9.7,4.24,Soroti,1.71,33.61
2020-04-27,23.2,6.1,80,9.9,4.66,Soroti,1.71,33.61
2020-04-28,21.6,7.7,91,10.9,3.59,Soroti,1.71,33.61
2020-04-29,22.0,10.0,84,10.5,3.57,Soroti,1.71,33.61
2020-04-30,22.2,5.2,85,10.5,4.0,Soroti,1.71,33.61
2020-05-01,23.0,4.0,80,9.7,4.73,Soroti,1.71,33.61
2020-05-02,21.9,15.8,88,11.8,3.21,Soroti,1.71,33.61
2020-05-03,22.3,0.3,81,9.4,4.19,Soroti,1.71,33.61
2020-05-04,23.2,0.1,78,8.4,4.73,Soroti,1.71,33.61
2020-05-05,22.6,13.4,85,9.8,4.04,Soroti,1.71,33.61
2020-05-06,22.2,3.3,86,12.3,3.99,Soroti,1.71,33.61
2020-05-07,22.3,9.9,87,15.6,4.02,Soroti,1.71,33.61
2020-05-08,21.3,18.8,90,9.9,2.76,Soroti,1.71,33.61
2020-05-09,22.1,11.2,87,9.0,3.56,Soroti,1.71,33.61
2020-05-10,21.7,16.6,89,11.2,3.61,Soroti,1.71,33.61
2020-05-11,22.1,9.3,87,7.8,4.03,Soroti,1.71,33.61
2020-05-12,21.6,7.9,89,7.9,3.8,Soroti,1.71,33.61
2020-05-13,22.4,1.9,87,7.1,3.97,Soroti,1.71,33.61
2020-05-14,23.2,2.5,81,8.5,4.27,Soroti,1.71,33.61
2020-05-15,22.5,6.2,86,12.4,3.94,Soroti,1.71,33.61
2020-05-16,22.2,5.9,87,8.2,4.17,Soroti,1.71,33.61
2020-05-17,22.3,7.3,87,7.7,3.94,Soroti,1.71,33.61
2020-05-18,22.4,12.7,83,13.3,3.68,Soroti,1.71,33.61
2020-05-19,22.6,0.5,83,9.5,4.04,Soroti,1.71,33.61
2020-05-20,23.1,0.8,79,11.2,4.19,Soroti,1.71,33.61
2020-05-21,22.4,5.8,84,11.8,3.45,Soroti,1.71,33.61
2020-05-22,21.1,17.2,90,7.9,2.53,Soroti,1.71,33.61
2020-05-23,21.8,5.8,85,7.4,3.95,Soroti,1.71,33.61
2020-05-24,22.4,2.0,79,9.8,4.51,Soroti,1.71,33.61
2020-05-25,22.7,0.0,76,9.8,4.78,Soroti,1.71,33.61
2020-05-26,23.0,0.3,80,9.3,4.5,Soroti,1.71,33.61
2020-05-27,23.2,0.6,78,9.2,4.35,Soroti,1.71,33.61
2020-05-28,23.1,2.9,82,9.4,4.43,Soroti,1.71,33.61
2020-05-29,22.9,2.4,82,9.9,4.35,Soroti,1.71,33.61
2020-05-30,22.4,9.7,86,12.5,3.86,Soroti,1.71,33.61
2020-05-31,22.7,0.8,80,8.1,4.11,Soroti,1.71,33.61
2020-06-01,22.7,1.0,78,8.0,4.15,Soroti,1.71,33.61
2020-06-02,22.5,2.0,78,8.5,4.1,Soroti,1.71,33.61
2020-06-03,22.4,4.5,81,7.1,4.0,Soroti,1.71,33.61
2020-06-04,21.8,8.8,84,9.4,3.84,Soroti,1.71,33.61
2020-06-05,22.6,0.8,80,8.9,4.17,Soroti,1.71,33.61
2020-06-06,21.6,2.3,86,7.8,3.41,Soroti,1.71,33.61
2020-06-07,22.5,1.7,80,8.1,3.91,Soroti,1.71,33.61
2020-06-08,20.5,0.9,88,9.1,3.07,Soroti,1.71,33.61
2020-06-09,21.7,8.0,82,10.5,3.97,Soroti,1.71,33.61
2020-06-10,21.9,2.0,79,9.6,3.75,Soroti,1.71,33.61
2020-06-11,21.4,6.6,84,9.0,3.63,Soroti,1.71,33.61
2020-06-12,20.9,4.5,86,9.7,3.46,Soroti,1.71,33.61
2020-06-13,21.3,0.4,81,10.4,4.16,Soroti,1.71,33.61
2020-06-14,21.6,1.4,85,12.7,3.71,Soroti,1.71,33.61
2020-06-15,21.3,9.5,86,9.2,3.89,Soroti,1.71,33.61
2020-06-16,22.1,0.1,78,10.7,4.41,Soroti,1.71,33.61
2020-06-17,22.2,0.9,75,10.8,4.19,Soroti,1.71,33.61
2020-06-18,22.0,0.9,75,12.0,3.78,Soroti,1.71,33.61
2020-06-19,21.7,6.2,83,9.7,3.38,Soroti,1.71,33.61
2020-06-20,21.6,8.1,83,11.1,3.35,Soroti,1.71,33.61
2020-06-21,22.3,0.9,81,12.7,4.03,Soroti,1.71,33.61
2020-06-22,22.0,0.2,79,7.8,3.87,Soroti,1.71,33.61
2020-06-23,22.4,1.4,78,6.7,4.01,Soroti,1.71,33.61
2020-06-24,22.4,5.9,78,8.9,3.99,Soroti,1.71,33.61
2020-06-25,21.8,2.6,82,9.8,3.64,Soroti,1.71,33.61
2020-06-26,21.4,4.0,84,12.0,3.24,Soroti,1.71,33.61
2020-06-27,21.2,2.1,84,10.8,2.72,Soroti,1.71,33.61
2020-06-28,21.9,0.6,80,10.2,4.12,Soroti,1.71,33.61
2020-06-29,22.2,0.7,79,9.6,3.97,Soroti,1.71,33.61
2020-06-30,22.2,1.2,78,8.4,3.86,Soroti,1.71,33.61
2020-07-01,21.5,5.6,82,9.5,3.16,Soroti,1.71,33.61
2020-07-02,21.5,5.4,83,14.5,3.35,Soroti,1.71,33.61
2020-07-03,21.9,0.5,76,10.2,4.2,Soroti,1.71,33.61
2020-07-04,22.4,1.3,73,10.8,3.89,Soroti,1.71,33.61
2020-07-05,22.0,3.8,79,6.4,3.76,Soroti,1.71,33.61
2020-07-06,20.4,5.5,88,9.2,2.17,Soroti,1.71,33.61
2020-07-07,20.6,4.5,86,7.1,2.88,Soroti,1.71,33.61
2020-07-08,20.3,0.8,89,9.2,2.61,Soroti,1.71,33.61
2020-07-09,21.4,1.5,85,8.7,3.39,Soroti,1.71,33.61
2020-07-10,21.5,6.3,84,10.4,3.9,Soroti,1.71,33.61
2020-07-11,20.7,8.8,88,9.2,3.36,Soroti,1.71,33.61
2020-07-12,21.5,1.2,81,11.2,4.07,Soroti,1.71,33.61
2020-07-13,21.0,14.7,85,9.3,3.42,Soroti,1.71,33.61
2020-07-14,20.7,12.1,88,7.7,3.43,Soroti,1.71,33.61
2020-07-15,21.1,1.4,85,10.2,3.47,Soroti,1.71,33.61
2020-07-16,20.4,13.1,88,13.2,2.74,Soroti,1.71,33.61
2020-07-17,20.3,10.5,88,9.5,2.56,Soroti,1.71,33.61
2020-07-18,20.5,1.0,77,12.2,2.89,Soroti,1.71,33.61
2020-07-19,20.6,0.4,73,7.1,3.62,Soroti,1.71,33.61
2020-07-20,21.7,0.9,75,11.0,3.98,Soroti,1.71,33.61
2020-07-21,21.2,5.9,81,11.2,3.17,Soroti,1.71,33.61
2020-07-22,21.2,7.4,85,12.3,3.97,Soroti,1.71,33.61
2020-07-23,20.4,3.0,85,11.9,3.28,Soroti,1.71,33.61
2020-07-24,21.2,0.4,79,11.4,3.57,Soroti,1.71,33.61
2020-07-25,22.0,1.1,74,16.6,4.22,Soroti,1.71,33.61
2020-07-26,21.8,0.7,77,10.8,3.85,Soroti,1.71,33.61
2020-07-27,21.5,2.2,79,10.5,3.98,Soroti,1.71,33.61
2020-07-28,20.1,2.7,87,8.5,1.69,Soroti,1.71,33.61
2020-07-29,21.8,1.1,74,9.5,3.99,Soroti,1.71,33.61
2020-07-30,21.5,8.1,83,8.7,3.97,Soroti,1.71,33.61
2020-07-31,22.5,0.0,78,10.3,4.62,Soroti,1.71,33.61
2020-08-01,22.5,0.5,80,9.7,4.05,Soroti,1.71,33.61
2020-08-02,21.4,3.3,84,10.2,3.86,Soroti,1.71,33.61
2020-08-03,21.5,2.7,82,8.7,3.49,Soroti,1.71,33.61
2020-08-04,20.6,5.0,84,9.2,2.15,Soroti,1.71,33.61
2020-08-05,21.9,0.7,75,9.6,4.14,Soroti,1.71,33.61
2020-08-06,21.5,9.0,81,10.5,4.12,Soroti,1.71,33.61
2020-08-07,20.9,11.8,88,13.1,3.79,Soroti,1.71,33.61
2020-08-08,21.8,3.1,81,13.0,3.86,Soroti,1.71,33.61
2020-08-09,20.9,11.2,88,9.1,3.32,Soroti,1.71,33.61
2020-08-10,21.7,1.0,79,11.1,4.48,Soroti,1.71,33.61
2020-08-11,21.4,10.9,84,12.0,3.58,Soroti,1.71,33.61
2020-08-12,20.7,18.5,90,11.1,3.34,Soroti,1.71,33.61
2020-08-13,21.8,0.7,81,7.2,4.32,Soroti,1.71,33.61
2020-08-14,21.6,5.6,85,8.6,3.54,Soroti,1.71,33.61
2020-08-15,21.9,3.7,87,7.1,4.03,Soroti,1.71,33.61
2020-08-16,21.6,11.3,87,8.0,4.01,Soroti,1.71,33.61
2020-08-17,21.8,1.2,86,8.7,3.72,Soroti,1.71,33.61
2020-08-18,21.0,14.8,89,13.5,3.75,Soroti,1.71,33.61
2020-08-19,21.9,0.0,80,11.3,3.2,Soroti,1.71,33.61
2020-08-20,21.2,12.2,88,8.4,3.28,Soroti,1.71,33.61
2020-08-21,22.7,0.0,79,8.4,4.79,Soroti,1.71,33.61
2020-08-22,21.8,2.2,85,7.0,3.89,Soroti,1.71,33.61
2020-08-23,21.7,4.6,83,9.3,4.15,Soroti,1.71,33.61
2020-08-24,21.2,10.4,83,10.4,3.99,Soroti,1.71,33.61
2020-08-25,20.8,13.7,88,11.0,3.23,Soroti,1.71,33.61
2020-08-26,21.4,0.6,82,8.9,4.42,Soroti,1.71,33.61
2020-08-27,22.1,0.9,78,8.3,4.68,Soroti,1.71,33.61
2020-08-28,21.1,8.0,86,10.1,4.21,Soroti,1.71,33.61
2020-08-29,20.8,6.9,87,10.1,3.68,Soroti,1.71,33.61
2020-08-30,20.9,7.0,86,9.7,3.86,Soroti,1.71,33.61
2020-08-31,21.2,17.7,86,9.1,3.54,Soroti,1.71,33.61
2020-09-01,21.4,5.9,88,8.9,4.12,Soroti,1.71,33.61
2020-09-02,22.1,2.1,82,12.4,4.59,Soroti,1.71,33.61
2020-09-03,21.8,2.2,78,10.7,4.34,Soroti,1.71,33.61
2020-09-04,22.8,0.6,69,10.2,4.74,Soroti,1.71,33.61
2020-09-05,21.8,0.9,84,7.9,4.27,Soroti,1.71,33.61
2020-09-06,20.8,36.8,90,11.4,3.48,Soroti,1.71,33.61
2020-09-07,19.9,32.3,93,8.1,2.76,Soroti,1.71,33.61
2020-09-08,20.5,11.0,88,7.6,4.01,Soroti,1.71,33.61
2020-09-09,21.1,3.6,88,8.0,4.41,Soroti,1.71,33.61
2020-09-10,21.8,3.7,83,6.6,4.44,Soroti,1.71,33.61
2020-09-11,22.3,0.9,78,11.8,4.48,Soroti,1.71,33.61
2020-09-12,22.3,1.5,77,8.6,4.5,Soroti,1.71,33.61
2020-09-13,22.3,9.6,83,8.4,4.48,Soroti,1.71,33.61
2020-09-14,22.9,0.2,74,13.6,4.98,Soroti,1.71,33.61
2020-09-15,22.9,1.8,75,9.4,4.8,Soroti,1.71,33.61
2020-09-16,22.2,2.9,81,10.6,4.65,Soroti,1.71,33.61
2020-09-17,23.3,0.1,74,9.4,5.08,Soroti,1.71,33.61
2020-09-18,23.8,0.0,70,11.2,5.05,Soroti,1.71,33.61
2020-09-19,23.0,3.2,72,12.5,4.85,Soroti,1.71,33.61
2020-09-20,21.9,7.6,86,12.4,4.44,Soroti,1.71,33.61
2020-09-21,22.0,5.5,82,8.4,4.29,Soroti,1.71,33.61
2020-09-22,22.1,4.9,80,6.4,4.54,Soroti,1.71,33.61
2020-09-23,21.4,4.9,86,11.5,3.99,Soroti,1.71,33.61
2020-09-24,21.4,7.0,86,11.9,3.53,Soroti,1.71,33.61
2020-09-25,21.0,12.2,90,7.9,3.21,Soroti,1.71,33.61
2020-09-26,21.0,6.2,89,10.6,3.5,Soroti,1.71,33.61
2020-09-27,22.4,2.2,80,10.2,4.79,Soroti,1.71,33.61
2020-09-28,22.0,5.1,83,12.9,4.39,Soroti,1.71,33.61
2020-09-29,21.3,2.9,86,7.0,4.31,Soroti,1.71,33.61
2020-09-30,20.6,26.0,90,9.4,3.3,Soroti,1.71,33.61
2020-10-01,21.5,11.1,86,11.1,4.36,Soroti,1.71,33.61
2020-10-02,22.1,4.0,80,10.6,4.59,Soroti,1.71,33.61
2020-10-03,21.6,7.0,86,13.7,4.16,Soroti,1.71,33.61
2020-10-04,21.6,5.7,84,9.1,4.17,Soroti,1.71,33.61
2020-10-05,22.2,0.1,78,11.6,4.98,Soroti,1.71,33.61
2020-10-06,22.1,1.2,80,9.0,4.85,Soroti,1.71,33.61
2020-10-07,22.7,0.2,77,8.9,4.7,Soroti,1.71,33.61
2020-10-08,23.3,0.2,72,8.9,5.18,Soroti,1.71,33.61
2020-10-09,23.1,0.4,71,11.2,5.15,Soroti,1.71,33.61
2020-10-10,20.6,15.2,90,7.7,2.63,Soroti,1.71,33.61
2020-10-11,22.2,0.0,79,9.9,4.71,Soroti,1.71,33.61
2020-10-12,21.6,23.9,83,8.9,3.58,Soroti,1.71,33.61
2020-10-13,21.0,23.0,90,7.6,3.39,Soroti,1.71,33.61
2020-10-14,21.3,7.5,88,8.9,3.46,Soroti,1.71,33.61
2020-10-15,22.0,2.0,81,9.9,4.47,Soroti,1.71,33.61
2020-10-16,23.0,0.1,72,11.4,4.98,Soroti,1.71,33.61
2020-10-17,20.7,10.7,87,9.4,3.08,Soroti,1.71,33.61
2020-10-18,20.7,16.1,88,12.2,3.38,Soroti,1.71,33.61
2020-10-19,21.9,5.0,84,8.6,4.44,Soroti,1.71,33.61
2020-10-20,21.5,13.5,88,10.2,3.52,Soroti,1.71,33.61
2020-10-21,21.5,3.5,86,7.4,4.12,Soroti,1.71,33.61
2020-10-22,22.5,1.4,83,8.9,4.46,Soroti,1.71,33.61
2020-10-23,21.9,3.3,88,8.7,4.33,Soroti,1.71,33.61
2020-10-24,22.5,2.8,85,7.3,4.44,Soroti,1.71,33.61
2020-10-25,22.7,3.4,79,14.3,4.81,Soroti,1.71,33.61
2020-10-26,21.3,14.1,90,8.8,2.62,Soroti,1.71,33.61
2020-10-27,21.7,8.5,86,11.6,4.06,Soroti,1.71,33.61
2020-10-28,21.9,7.2,88,12.9,3.62,Soroti,1.71,33.61
2020-10-29,21.8,6.6,85,10.6,3.63,Soroti,1.71,33.61
2020-10-30,20.2,8.0,91,8.0,2.02,Soroti,1.71,33.61
2020-10-31,22.1,0.8,78,7.9,4.26,Soroti,1.71,33.61
2020-11-01,22.6,0.5,75,7.5,4.82,Soroti,1.71,33.61
2020-11-02,22.6,0.4,72,11.0,4.78,Soroti,1.71,33.61
2020-11-03,23.1,1.1,71,12.5,5.0,Soroti,1.71,33.61
2020-11-04,23.9,0.2,60,12.2,5.51,Soroti,1.71,33.61
2020-11-05,23.1,0.0,68,11.3,5.01,Soroti,1.71,33.61
2020-11-06,21.7,22.3,87,10.2,3.41,Soroti,1.71,33.61
2020-11-07,21.9,17.2,85,6.9,3.64,Soroti,1.71,33.61
2020-11-08,21.4,18.9,88,10.7,3.68,Soroti,1.71,33.61
2020-11-09,21.8,8.9,80,12.7,3.57,Soroti,1.71,33.61
2020-11-10,22.2,0.1,70,18.1,5.09,Soroti,1.71,33.61
2020-11-11,21.3,7.2,79,8.4,3.43,Soroti,1.71,33.61
2020-11-12,22.1,0.9,75,13.9,4.49,Soroti,1.71,33.61
2020-11-13,22.4,0.6,72,10.3,4.42,Soroti,1.71,33.61
2020-11-14,21.2,7.1,91,7.5,3.32,Soroti,1.71,33.61
2020-11-15,22.1,1.7,83,8.0,4.12,Soroti,1.71,33.61
2020-11-16,21.1,13.3,90,7.9,3.14,Soroti,1.71,33.61
2020-11-17,22.1,0.2,78,11.0,4.55,Soroti,1.71,33.61
2020-11-18,22.6,0.1,75,11.4,4.61,Soroti,1.71,33.61
2020-11-19,22.3,0.4,76,10.1,4.37,Soroti,1.71,33.61
2020-11-20,23.2,0.4,73,10.5,4.56,Soroti,1.71,33.61
2020-11-21,23.5,0.0,71,10.5,4.94,Soroti,1.71,33.61
2020-11-22,23.1,0.8,78,10.2,4.37,Soroti,1.71,33.61
2020-11-23,23.3,0.1,73,10.7,4.86,Soroti,1.71,33.61
2020-11-24,23.3,0.6,74,10.4,4.62,Soroti,1.71,33.61
2020-11-25,21.7,4.5,81,10.8,3.64,Soroti,1.71,33.61
2020-11-26,22.6,0.4,75,8.0,4.69,Soroti,1.71,33.61
2020-11-27,22.9,0.8,77,10.5,4.47,Soroti,1.71,33.61
2020-11-28,22.9,4.0,77,10.8,4.65,Soroti,1.71,33.61
2020-11-29,21.4,2.1,85,9.8,3.66,Soroti,1.71,33.61
2020-11-30,21.6,1.4,79,10.5,4.46,Soroti,1.71,33.61
2020-12-01,22.3,0.2,71,10.4,4.8,Soroti,1.71,33.61
2020-12-02,23.2,0.0,62,12.1,5.08,Soroti,1.71,33.61
2020-12-03,23.5,0.0,61,13.7,5.42,Soroti,1.71,33.61
2020-12-04,22.5,0.2,77,11.3,4.45,Soroti,1.71,33.61
2020-12-05,22.5,0.3,77,12.5,4.48,Soroti,1.71,33.61
2020-12-06,23.3,0.0,71,9.8,4.71,Soroti,1.71,33.61
2020-12-07,22.8,0.0,75,13.2,4.37,Soroti,1.71,33.61
2020-12-08,21.8,8.0,86,10.2,3.52,Soroti,1.71,33.61
2020-12-09,23.4,0.0,62,17.7,5.69,Soroti,1.71,33.61
2020-12-10,23.2,0.0,62,17.2,4.64,Soroti,1.71,33.61
2020-12-11,23.1,0.0,71,12.6,4.67,Soroti,1.71,33.61
2020-12-12,23.2,0.0,68,13.1,5.01,Soroti,1.71,33.61
2020-12-13,23.1,0.0,64,10.7,5.18,Soroti,1.71,33.61
2020-12-14,23.2,0.0,53,11.8,5.38,Soroti,1.71,33.61
2020-12-15,23.2,0.0,65,14.0,5.3,Soroti,1.71,33.61
2020-12-16,24.0,0.0,61,10.7,5.3,Soroti,1.71,33.61
2020-12-17,23.8,0.0,54,9.8,4.9,Soroti,1.71,33.61
2020-12-18,23.2,0.0,69,13.3,4.78,Soroti,1.71,33.61
2020-12-19,23.3,0.2,70,11.2,4.37,Soroti,1.71,33.61
2020-12-20,22.7,0.5,75,10.2,4.12,Soroti,1.71,33.61
2020-12-21,23.5,0.0,69,14.5,4.61,Soroti,1.71,33.61
2020-12-22,22.9,0.4,72,15.4,4.59,Soroti,1.71,33.61
2020-12-23,23.3,0.1,68,9.7,4.45,Soroti,1.71,33.61
2020-12-24,23.4,0.3,68,17.9,4.03,Soroti,1.71,33.61
2020-12-25,22.9,0.3,76,9.8,4.21,Soroti,1.71,33.61
2020-12-26,24.0,0.1,68,10.2,4.63,Soroti,1.71,33.61
2020-12-27,23.7,0.0,69,15.2,5.1,Soroti,1.71,33.61
2020-12-28,23.9,0.0,58,13.2,5.63,Soroti,1.71,33.61
2020-12-29,24.1,0.0,45,17.1,5.71,Soroti,1.71,33.61
2020-12-30,24.5,0.0,57,15.6,5.29,Soroti,1.71,33.61
2020-12-31,23.2,0.8,59,14.8,3.48,Soroti,1.71,33.61
2021-01-01,22.2,3.6,73,8.2,3.38,Soroti,1.71,33.61
2021-01-02,22.8,0.2,68,10.8,4.36,Soroti,1.71,33.61
2021-01-03,23.0,0.4,70,11.0,4.54,Soroti,1.71,33.61
2021-01-04,23.7,0.0,66,9.1,4.85,Soroti,1.71,33.61
2021-01-05,23.8,0.0,65,11.3,4.92,Soroti,1.71,33.61
2021-01-06,24.3,0.0,61,11.8,5.12,Soroti,1.71,33.61
2021-01-07,24.6,0.0,58,9.6,5.51,Soroti,1.71,33.61
2021-01-08,24.7,0.0,53,12.2,5.33,Soroti,1.71,33.61
2021-01-09,23.5,0.0,63,14.9,4.75,Soroti,1.71,33.61
2021-01-10,21.9,5.1,81,11.2,3.73,Soroti,1.71,33.61
2021-01-11,23.3,0.1,70,10.2,4.6,Soroti,1.71,33.61
2021-01-12,24.0,0.1,68,10.2,4.44,Soroti,1.71,33.61
2021-01-13,24.7,0.0,59,11.4,4.88,Soroti,1.71,33.61
2021-01-14,25.1,0.0,63,18.2,4.74,Soroti,1.71,33.61
2021-01-15,23.7,1.4,72,14.9,4.0,Soroti,1.71,33.61
2021-01-16,22.3,8.4,79,14.2,3.65,Soroti,1.71,33.61
2021-01-17,23.6,0.6,68,9.6,4.4,Soroti,1.71,33.61
2021-01-18,23.5,0.2,67,10.5,4.29,Soroti,1.71,33.61
2021-01-19,24.3,0.1,66,15.0,4.58,Soroti,1.71,33.61
2021-01-20,24.4,0.0,66,15.1,5.1,Soroti,1.71,33.61
2021-01-21,24.1,0.1,66,12.1,4.62,Soroti,1.71,33.61
2021-01-22,24.1,0.0,64,13.4,4.6,Soroti,1.71,33.61
2021-01-23,24.7,0.0,58,13.0,5.41,Soroti,1.71,33.61
2021-01-24,25.3,0.0,47,13.3,5.59,Soroti,1.71,33.61
2021-01-25,24.6,0.0,60,14.8,5.29,Soroti,1.71,33.61
2021-01-26,25.0,0.0,59,12.7,5.58,Soroti,1.71,33.61
2021-01-27,25.1,0.0,55,12.5,5.91,Soroti,1.71,33.61
2021-01-28,24.8,0.0,49,13.6,5.84,Soroti,1.71,33.61
2021-01-29,25.6,0.0,44,15.0,5.98,Soroti,1.71,33.61
2021-01-30,25.2,0.0,55,15.5,5.29,Soroti,1.71,33.61
2021-01-31,26.0,0.0,49,17.6,6.93,Soroti,1.71,33.61
2021-02-01,26.4,0.0,26,19.0,7.88,Soroti,1.71,33.61
2021-02-02,25.8,0.0,39,14.3,6.24,Soroti,1.71,33.61
2021-02-03,25.5,0.0,54,10.7,5.53,Soroti,1.71,33.61
2021-02-04,25.5,0.0,56,16.2,5.42,Soroti,1.71,33.61
2021-02-05,25.4,0.1,60,10.9,4.83,Soroti,1.71,33.61
2021-02-06,25.6,0.0,51,12.0,5.78,Soroti,1.71,33.61
2021-02-07,24.7,0.0,39,12.4,6.19,Soroti,1.71,33.61
2021-02-08,25.5,0.0,36,17.8,6.16,Soroti,1.71,33.61
2021-02-09,25.9,0.3,48,11.0,5.34,Soroti,1.71,33.61
2021-02-10,27.3,0.0,44,11.9,5.52,Soroti,1.71,33.61
2021-02-11,24.1,1.5,68,12.7,3.87,Soroti,1.71,33.61
2021-02-12,25.0,0.0,65,12.7,5.12,Soroti,1.71,33.61
2021-02-13,25.2,1.0,67,11.5,4.7,Soroti,1.71,33.61
2021-02-14,25.3,0.0,63,11.6,4.78,Soroti,1.71,33.61
2021-02-15,26.4,0.0,57,9.7,5.36,Soroti,1.71,33.61
2021-02-16,25.7,0.1,63,12.8,5.03,Soroti,1.71,33.61
2021-02-17,25.2,0.0,65,14.0,4.78,Soroti,1.71,33.61
2021-02-18,24.5,1.9,68,12.6,4.53,Soroti,1.71,33.61
2021-02-19,24.5,0.0,55,11.6,5.39,Soroti,1.71,33.61
2021-02-20,25.0,0.0,45,10.9,5.76,Soroti,1.71,33.61
2021-02-21,25.2,0.0,36,12.2,5.83,Soroti,1.71,33.61
2021-02-22,24.8,0.0,52,16.6,4.65,Soroti,1.71,33.61
2021-02-23,24.7,0.0,55,15.4,4.77,Soroti,1.71,33.61
2021-02-24,25.1,0.4,49,14.4,4.9,Soroti,1.71,33.61
2021-02-25,25.3,0.0,57,12.7,5.6,Soroti,1.71,33.61
2021-02-26,25.5,0.0,56,12.5,5.6,Soroti,1.71,33.61
2021-02-27,25.4,0.0,55,12.0,5.35,Soroti,1.71,33.61
2021-02-28,26.0,0.0,55,12.0,5.34,Soroti,1.71,33.61
2021-03-01,26.9,0.0,44,12.0,5.75,Soroti,1.71,33.61
2021-03-02,28.3,0.0,41,17.8,6.76,Soroti,1.71,33.61
2021-03-03,27.1,0.7,48,14.8,5.72,Soroti,1.71,33.61
2021-03-04,25.5,1.0,62,15.7,4.74,Soroti,1.71,33.61
2021-03-05,25.3,2.7,65,17.5,4.87,Soroti,1.71,33.61
2021-03-06,25.7,0.1,64,12.7,5.54,Soroti,1.71,33.61
2021-03-07,24.9,0.0,66,10.2,4.98,Soroti,1.71,33.61
2021-03-08,23.7,6.9,74,10.9,4.29,Soroti,1.71,33.61
2021-03-09,23.2,2.0,74,13.9,4.5,Soroti,1.71,33.61
2021-03-10,25.2,0.0,57,16.8,6.05,Soroti,1.71,33.61
2021-03-11,25.8,0.0,51,13.8,6.48,Soroti,1.71,33.61
2021-03-12,27.1,0.0,35,17.7,7.1,Soroti,1.71,33.61
2021-03-13,27.0,0.0,34,17.9,7.28,Soroti,1.71,33.61
2021-03-14,25.2,0.1,52,15.4,5.28,Soroti,1.71,33.61
2021-03-15,24.9,0.0,60,16.1,5.21,Soroti,1.71,33.61
2021-03-16,24.3,1.6,66,17.7,4.57,Soroti,1.71,33.61
2021-03-17,23.8,1.4,72,13.8,4.77,Soroti,1.71,33.61
2021-03-18,22.1,12.2,82,15.4,4.32,Soroti,1.71,33.61
2021-03-19,24.0,0.6,69,13.7,5.25,Soroti,1.71,33.61
2021-03-20,25.2,0.3,58,12.4,5.32,Soroti,1.71,33.61
2021-03-21,24.3,0.0,67,13.8,4.85,Soroti,1.71,33.61
2021-03-22,24.2,0.2,71,16.3,4.75,Soroti,1.71,33.61
2021-03-23,25.9,0.1,54,22.9,6.54,Soroti,1.71,33.61
2021-03-24,25.3,0.0,49,10.8,6.15,Soroti,1.71,33.61
2021-03-25,25.9,0.0,47,11.4,6.2,Soroti,1.71,33.61
2021-03-26,24.5,1.8,61,19.5,5.7,Soroti,1.71,33.61
2021-03-27,22.0,1.0,77,10.5,3.17,Soroti,1.71,33.61
2021-03-28,24.3,0.0,61,8.8,5.07,Soroti,1.71,33.61
2021-03-29,25.2,0.3,63,11.8,5.27,Soroti,1.71,33.61
2021-03-30,22.4,6.4,79,10.5,4.26,Soroti,1.71,33.61
2021-03-31,21.9,12.8,81,12.6,4.05,Soroti,1.71,33.61
2021-04-01,22.9,1.1,75,8.8,4.85,Soroti,1.71,33.61
2021-04-02,22.6,5.1,80,10.3,4.05,Soroti,1.71,33.61
2021-04-03,22.4,3.4,83,13.8,4.2,Soroti,1.71,33.61
2021-04-04,22.0,16.7,85,8.9,3.99,Soroti,1.71,33.61
2021-04-05,22.1,11.2,85,9.7,4.42,Soroti,1.71,33.61
2021-04-06,22.7,1.9,79,11.4,4.62,Soroti,1.71,33.61
2021-04-07,22.9,4.6,77,8.4,4.5,Soroti,1.71,33.61
2021-04-08,23.8,0.3,73,11.2,4.74,Soroti,1.71,33.61
2021-04-09,23.2,0.6,77,9.7,4.5,Soroti,1.71,33.61
2021-04-10,23.5,0.7,76,8.9,4.72,Soroti,1.71,33.61
2021-04-11,22.9,8.6,77,13.2,4.26,Soroti,1.71,33.61
2021-04-12,22.8,3.4,80,8.3,4.25,Soroti,1.71,33.61
2021-04-13,22.7,2.3,79,8.2,4.63,Soroti,1.71,33.61
2021-04-14,23.0,0.7,71,8.7,4.84,Soroti,1.71,33.61
2021-04-15,23.7,0.3,70,11.7,5.0,Soroti,1.71,33.61
2021-04-16,22.9,1.9,80,12.4,4.23,Soroti,1.71,33.61
2021-04-17,24.0,0.3,72,11.8,5.0,Soroti,1.71,33.61
2021-04-18,23.6,4.2,75,6.9,4.97,Soroti,1.71,33.61
2021-04-19,23.2,11.0,80,8.6,4.24,Soroti,1.71,33.61
2021-04-20,23.0,1.1,78,10.4,4.1,Soroti,1.71,33.61
2021-04-21,22.1,3.3,84,15.0,3.45,Soroti,1.71,33.61
2021-04-22,21.6,2.1,86,14.0,3.4,Soroti,1.71,33.61
2021-04-23,22.6,0.5,81,7.8,4.57,Soroti,1.71,33.61
2021-04-24,22.8,18.0,83,11.8,4.13,Soroti,1.71,33.61
2021-04-25,21.0,13.3,87,13.5,2.98,Soroti,1.71,33.61
2021-04-26,21.6,3.7,84,8.3,3.49,Soroti,1.71,33.61
2021-04-27,22.9,0.6,76,9.7,4.4,Soroti,1.71,33.61
2021-04-28,22.6,1.8,81,9.7,4.14,Soroti,1.71,33.61
2021-04-29,23.0,10.4,81,7.8,4.31,Soroti,1.71,33.61
2021-04-30,22.4,4.6,81,6.7,4.27,Soroti,1.71,33.61
2021-05-01,22.8,1.4,77,9.3,4.43,Soroti,1.71,33.61
2021-05-02,22.9,0.9,79,9.8,4.18,Soroti,1.71,33.61
2021-05-03,21.8,4.0,85,8.9,3.8,Soroti,1.71,33.61
2021-05-04,22.8,0.3,80,9.7,4.1,Soroti,1.71,33.61
2021-05-05,21.7,26.2,85,7.6,3.62,Soroti,1.71,33.61
2021-05-06,21.3,10.9,90,9.4,3.33,Soroti,1.71,33.61
2021-05-07,20.8,18.1,89,10.2,3.34,Soroti,1.71,33.61
2021-05-08,20.2,9.1,93,7.1,1.92,Soroti,1.71,33.61
2021-05-09,20.2,2.4,91,6.5,2.11,Soroti,1.71,33.61
2021-05-10,19.9,10.7,92,11.9,2.36,Soroti,1.71,33.61
2021-05-11,20.0,1.6,87,8.1,2.52,Soroti,1.71,33.61
2021-05-12,20.3,1.9,88,6.8,2.58,Soroti,1.71,33.61
2021-05-13,21.6,1.1,82,7.3,4.38,Soroti,1.71,33.61
2021-05-14,22.7,11.6,80,9.4,4.33,Soroti,1.71,33.61
2021-05-15,22.1,3.5,84,9.8,3.89,Soroti,1.71,33.61
2021-05-16,22.9,0.3,80,9.0,4.41,Soroti,1.71,33.61
2021-05-17,23.6,1.1,78,10.7,4.59,Soroti,1.71,33.61
2021-05-18,22.9,1.3,82,9.5,3.98,Soroti,1.71,33.61
2021-05-19,21.9,3.6,86,6.9,3.38,Soroti,1.71,33.61
2021-05-20,22.6,1.1,82,6.4,4.08,Soroti,1.71,33.61
2021-05-21,22.8,1.1,84,8.6,3.41,Soroti,1.71,33.61
2021-05-22,22.8,1.1,82,9.2,4.0,Soroti,1.71,33.61
2021-05-23,22.9,1.9,82,10.2,4.14,Soroti,1.71,33.61
2021-05-24,21.8,2.4,83,11.8,3.54,Soroti,1.71,33.61
2021-05-25,22.5,0.4,79,10.2,3.84,Soroti,1.71,33.61
2021-05-26,22.8,0.3,79,9.0,3.79,Soroti,1.71,33.61
2021-05-27,23.0,1.3,76,12.0,4.48,Soroti,1.71,33.61
2021-05-28,22.8,0.4,74,10.2,4.25,Soroti,1.71,33.61
2021-05-29,23.0,0.6,78,8.4,4.15,Soroti,1.71,33.61
2021-05-30,23.7,0.2,71,11.3,4.59,Soroti,1.71,33.61
2021-05-31,24.2,0.0,68,10.2,4.85,Soroti,1.71,33.61
2021-06-01,22.9,0.4,77,12.4,3.97,Soroti,1.71,33.61
2021-06-02,23.3,0.0,71,9.1,4.37,Soroti,1.71,33.61
2021-06-03,22.4,2.1,78,10.1,3.72,Soroti,1.71,33.61
2021-06-04,22.8,1.5,75,6.6,3.47,Soroti,1.71,33.61
2021-06-05,23.8,0.4,69,9.1,4.36,Soroti,1.71,33.61
2021-06-06,23.4,4.1,74,13.0,3.79,Soroti,1.71,33.61
2021-06-07,23.4,1.3,70,10.6,4.45,Soroti,1.71,33.61
2021-06-08,22.7,1.1,73,12.2,4.3,Soroti,1.71,33.61
2021-06-09,22.8,0.3,70,11.6,4.56,Soroti,1.71,33.61
2021-06-10,23.4,0.0,67,11.7,4.79,Soroti,1.71,33.61
2021-06-11,22.7,0.6,74,10.2,4.08,Soroti,1.71,33.61
2021-06-12,23.3,0.6,71,13.8,4.04,Soroti,1.71,33.61
2021-06-13,23.4,0.5,68,11.1,4.43,Soroti,1.71,33.61
2021-06-14,23.1,0.4,64,10.2,4.55,Soroti,1.71,33.61
2021-06-15,23.8,1.8,65,8.1,4.15,Soroti,1.71,33.61
2021-06-16,21.3,9.5,85,7.2,2.3,Soroti,1.71,33.61
2021-06-17,22.5,2.8,78,10.5,3.71,Soroti,1.71,33.61
2021-06-18,21.5,9.0,84,10.1,3.36,Soroti,1.71,33.61
2021-06-19,21.0,8.5,84,9.2,3.07,Soroti,1.71,33.61
2021-06-20,21.8,1.8,81,8.8,3.82,Soroti,1.71,33.61
2021-06-21,22.1,1.1,77,11.1,4.16,Soroti,1.71,33.61
2021-06-22,22.1,1.7,72,10.9,4.16,Soroti,1.71,33.61
2021-06-23,22.6,0.2,68,11.0,4.25,Soroti,1.71,33.61
2021-06-24,22.3,0.9,72,10.4,4.3,Soroti,1.71,33.61
2021-06-25,22.7,0.4,69,11.9,4.26,Soroti,1.71,33.61
2021-06-26,23.4,0.3,65,12.0,4.46,Soroti,1.71,33.61
2021-06-27,23.6,0.0,63,10.8,4.78,Soroti,1.71,33.61
2021-06-28,23.6,0.0,59,12.4,4.62,Soroti,1.71,33.61
2021-06-29,22.1,1.1,73,9.8,3.65,Soroti,1.71,33.61
2021-06-30,20.5,7.8,83,11.3,3.21,Soroti,1.71,33.61
2021-07-01,21.9,0.2,73,9.4,4.13,Soroti,1.71,33.61
2021-07-02,22.7,0.3,68,11.8,4.46,Soroti,1.71,33.61
2021-07-03,23.1,0.2,71,8.3,4.48,Soroti,1.71,33.61
2021-07-04,23.1,1.1,70,10.2,4.26,Soroti,1.71,33.61
2021-07-05,23.0,0.1,70,9.1,4.25,Soroti,1.71,33.61
2021-07-06,21.6,7.0,76,17.2,3.67,Soroti,1.71,33.61
2021-07-07,21.2,3.4,82,9.3,3.75,Soroti,1.71,33.61
2021-07-08,20.5,8.9,84,10.6,3.42,Soroti,1.71,33.61
2021-07-09,21.5,3.0,76,11.7,4.11,Soroti,1.71,33.61
2021-07-10,20.7,3.7,83,9.6,2.48,Soroti,1.71,33.61
2021-07-11,21.7,1.6,75,13.3,3.79,Soroti,1.71,33.61
2021-07-12,20.2,0.1,80,10.4,2.32,Soroti,1.71,33.61
2021-07-13,21.3,6.1,76,7.4,3.62,Soroti,1.71,33.61
2021-07-14,21.4,5.1,80,8.2,3.73,Soroti,1.71,33.61
2021-07-15,20.9,8.4,84,7.2,3.06,Soroti,1.71,33.61
2021-07-16,20.4,2.1,86,6.7,2.94,Soroti,1.71,33.61
2021-07-17,21.0,0.7,79,10.6,3.55,Soroti,1.71,33.61
2021-07-18,21.7,0.4,72,9.4,4.27,Soroti,1.71,33.61
2021-07-19,22.0,0.9,67,8.6,4.12,Soroti,1.71,33.61
2021-07-20,22.3,2.3,69,9.2,4.03,Soroti,1.71,33.61
2021-07-21,22.7,0.1,70,12.9,4.21,Soroti,1.71,33.61
2021-07-22,23.0,0.0,67,10.7,4.75,Soroti,1.71,33.61
2021-07-23,23.0,0.1,61,14.0,4.74,Soroti,1.71,33.61
2021-07-24,21.6,0.4,67,12.4,3.09,Soroti,1.71,33.61
2021-07-25,22.3,0.0,64,11.5,4.06,Soroti,1.71,33.61
2021-07-26,21.7,0.0,65,12.7,3.76,Soroti,1.71,33.61
2021-07-27,22.6,0.0,59,11.2,4.02,Soroti,1.71,33.61
2021-07-28,22.9,0.1,63,9.0,3.75,Soroti,1.71,33.61
2021-07-29,22.2,1.0,75,10.8,3.92,Soroti,1.71,33.61
2021-07-30,22.3,5.3,78,7.1,3.97,Soroti,1.71,33.61
2021-07-31,23.4,0.6,64,11.8,4.69,Soroti,1.71,33.61
2021-08-01,23.3,0.0,60,12.6,4.31,Soroti,1.71,33.61
2021-08-02,21.3,1.2,71,7.1,3.03,Soroti,1.71,33.61
2021-08-03,23.5,0.1,63,14.5,4.85,Soroti,1.71,33.61
2021-08-04,24.0,0.2,63,9.4,4.86,Soroti,1.71,33.61
2021-08-05,24.8,0.0,54,10.1,5.44,Soroti,1.71,33.61
2021-08-06,24.0,0.5,62,11.7,4.5,Soroti,1.71,33.61
2021-08-07,24.3,0.0,59,11.2,4.87,Soroti,1.71,33.61
2021-08-08,23.6,0.9,64,11.3,4.3,Soroti,1.71,33.61
2021-08-09,21.3,16.2,85,8.4,3.63,Soroti,1.71,33.61
2021-08-10,21.5,6.6,82,7.6,3.9,Soroti,1.71,33.61
2021-08-11,21.5,8.3,80,9.4,3.71,Soroti,1.71,33.61
2021-08-12,22.1,2.1,78,8.1,3.54,Soroti,1.71,33.61
2021-08-13,22.6,3.1,74,12.4,4.36,Soroti,1.71,33.61
2021-08-14,20.3,9.0,90,9.7,2.61,Soroti,1.71,33.61
2021-08-15,20.4,7.7,85,10.0,3.15,Soroti,1.71,33.61
2021-08-16,21.3,3.9,80,9.7,4.49,Soroti,1.71,33.61
2021-08-17,22.2,0.4,74,9.4,4.65,Soroti,1.71,33.61
2021-08-18,22.7,1.0,71,11.7,4.61,Soroti,1.71,33.61
2021-08-19,22.2,2.7,78,12.4,4.0,Soroti,1.71,33.61
2021-08-20,21.9,3.5,80,12.1,3.86,Soroti,1.71,33.61
2021-08-21,21.8,6.0,79,9.2,4.35,Soroti,1.71,33.61
2021-08-22,21.7,2.7,78,7.9,4.11,Soroti,1.71,33.61
2021-08-23,22.0,0.2,75,7.2,4.53,Soroti,1.71,33.61
2021-08-24,21.6,3.6,79,8.5,4.15,Soroti,1.71,33.61
2021-08-25,22.9,0.0,69,12.5,5.24,Soroti,1.71,33.61
2021-08-26,23.5,0.0,67,9.3,4.91,Soroti,1.71,33.61
2021-08-27,23.9,0.1,60,9.8,5.02,Soroti,1.71,33.61
2021-08-28,24.0,0.0,64,11.8,4.57,Soroti,1.71,33.61
2021-08-29,22.9,0.0,63,11.3,3.87,Soroti,1.71,33.61
2021-08-30,23.2,0.4,66,12.2,4.93,Soroti,1.71,33.61
2021-08-31,24.0,3.4,71,10.0,4.93,Soroti,1.71,33.61
2021-09-01,21.6,5.0,84,10.5,3.51,Soroti,1.71,33.61
2021-09-02,22.2,0.1,78,9.6,3.5,Soroti,1.71,33.61
2021-09-03,21.5,12.3,87,7.6,3.33,Soroti,1.71,33.61
2021-09-04,22.2,9.0,78,13.3,4.34,Soroti,1.71,33.61
2021-09-05,21.3,4.1,86,13.1,3.78,Soroti,1.71,33.61
2021-09-06,22.1,0.8,79,13.4,4.24,Soroti,1.71,33.61
2021-09-07,23.1,0.2,69,10.6,4.8,Soroti,1.71,33.61
2021-09-08,22.0,9.5,78,10.0,4.46,Soroti,1.71,33.61
2021-09-09,21.1,3.9,86,9.5,4.1,Soroti,1.71,33.61
2021-09-10,22.1,0.3,78,9.8,4.52,Soroti,1.71,33.61
2021-09-11,21.6,15.1,85,8.8,4.41,Soroti,1.71,33.61
2021-09-12,21.1,2.6,84,10.7,4.22,Soroti,1.71,33.61
2021-09-13,22.4,2.2,74,10.4,4.62,Soroti,1.71,33.61
2021-09-14,23.0,1.1,70,10.0,4.78,Soroti,1.71,33.61
2021-09-15,22.9,4.9,78,11.0,4.84,Soroti,1.71,33.61
2021-09-16,21.8,12.2,88,7.9,4.08,Soroti,1.71,33.61
2021-09-17,21.7,14.1,86,9.7,3.77,Soroti,1.71,33.61
2021-09-18,19.6,27.6,98,10.0,1.53,Soroti,1.71,33.61
2021-09-19,21.6,2.6,83,7.4,4.39,Soroti,1.71,33.61
2021-09-20,22.1,4.9,82,14.5,3.85,Soroti,1.71,33.61
2021-09-21,22.0,14.3,85,8.7,4.71,Soroti,1.71,33.61
2021-09-22,21.7,1.4,82,10.0,4.58,Soroti,1.71,33.61
2021-09-23,23.2,0.0,71,8.8,4.85,Soroti,1.71,33.61
2021-09-24,21.9,12.0,81,8.9,4.05,Soroti,1.71,33.61
2021-09-25,20.5,20.6,92,6.8,2.52,Soroti,1.71,33.61
2021-09-26,22.0,1.0,78,11.5,4.83,Soroti,1.71,33.61
2021-09-27,22.3,1.2,77,7.2,4.73,Soroti,1.71,33.61
2021-09-28,22.5,4.3,82,8.3,4.53,Soroti,1.71,33.61
2021-09-29,23.6,0.0,72,10.6,5.29,Soroti,1.71,33.61
2021-09-30,23.7,0.0,68,13.1,5.37,Soroti,1.71,33.61
2021-10-01,22.2,8.7,82,12.1,3.87,Soroti,1.71,33.61
2021-10-02,21.5,4.3,87,9.9,2.92,Soroti,1.71,33.61
2021-10-03,21.4,11.4,87,9.3,3.79,Soroti,1.71,33.61
2021-10-04,21.8,1.4,84,8.3,4.39,Soroti,1.71,33.61
2021-10-05,22.2,4.4,83,10.0,4.53,Soroti,1.71,33.61
2021-10-06,23.1,1.0,74,8.9,4.94,Soroti,1.71,33.61
2021-10-07,22.7,2.3,77,8.1,4.68,Soroti,1.71,33.61
2021-10-08,23.1,0.6,76,11.0,4.57,Soroti,1.71,33.61
2021-10-09,23.9,1.4,70,8.7,4.66,Soroti,1.71,33.61
2021-10-10,23.6,0.5,76,9.4,5.13,Soroti,1.71,33.61
2021-10-11,23.0,10.4,77,15.6,4.32,Soroti,1.71,33.61
2021-10-12,21.2,11.5,88,13.0,2.97,Soroti,1.71,33.61
2021-10-13,21.5,1.6,82,12.7,3.73,Soroti,1.71,33.61
2021-10-14,23.3,0.1,69,13.3,5.43,Soroti,1.71,33.61
2021-10-15,23.3,1.0,69,9.8,5.1,Soroti,1.71,33.61
2021-10-16,23.5,0.0,70,11.5,5.22,Soroti,1.71,33.61
2021-10-17,23.5,0.0,71,13.5,5.22,Soroti,1.71,33.61
2021-10-18,24.1,2.4,72,12.7,5.19,Soroti,1.71,33.61
2021-10-19,23.5,6.2,75,10.9,4.92,Soroti,1.71,33.61
2021-10-20,23.4,0.4,74,10.2,4.48,Soroti,1.71,33.61
2021-10-21,22.9,3.4,74,12.2,4.53,Soroti,1.71,33.61
2021-10-22,23.0,16.6,74,10.8,4.37,Soroti,1.71,33.61
2021-10-23,23.7,4.9,71,12.3,4.98,Soroti,1.71,33.61
2021-10-24,25.2,0.0,54,14.2,6.1,Soroti,1.71,33.61
2021-10-25,24.6,0.0,56,14.1,5.72,Soroti,1.71,33.61
2021-10-26,23.8,0.0,62,12.7,5.32,Soroti,1.71,33.61
2021-10-27,24.6,0.6,61,10.7,5.42,Soroti,1.71,33.61
2021-10-28,24.2,0.2,63,14.5,5.55,Soroti,1.71,33.61
2021-10-29,24.5,0.0,64,13.2,5.27,Soroti,1.71,33.61
2021-10-30,24.6,0.3,66,12.2,4.83,Soroti,1.71,33.61
2021-10-31,25.4,0.1,57,17.3,5.75,Soroti,1.71,33.61
2021-11-01,25.6,0.0,46,15.2,5.83,Soroti,1.71,33.61
2021-11-02,25.0,0.0,58,19.9,5.36,Soroti,1.71,33.61
2021-11-03,24.4,0.2,65,12.4,4.62,Soroti,1.71,33.61
2021-11-04,24.1,0.8,67,7.8,4.66,Soroti,1.71,33.61
2021-11-05,23.8,0.3,67,11.1,4.8,Soroti,1.71,33.61
2021-11-06,24.4,0.0,66,12.9,4.92,Soroti,1.71,33.61
2021-11-07,23.7,4.1,71,14.8,4.66,Soroti,1.71,33.61
2021-11-08,24.0,0.2,66,13.2,4.77,Soroti,1.71,33.61
2021-11-09,23.8,0.6,64,10.1,4.88,Soroti,1.71,33.61
2021-11-10,25.0,0.0,58,16.6,5.88,Soroti,1.71,33.61
2021-11-11,24.9,0.0,59,15.1,5.35,Soroti,1.71,33.61
2021-11-12,24.9,0.1,59,11.8,5.48,Soroti,1.71,33.61
2021-11-13,26.0,0.0,48,12.7,5.93,Soroti,1.71,33.61
2021-11-14,26.2,0.0,44,14.1,6.38,Soroti,1.71,33.61
2021-11-15,26.2,0.0,43,12.2,6.33,Soroti,1.71,33.61
2021-11-16,25.9,0.0,46,12.7,5.82,Soroti,1.71,33.61
2021-11-17,25.3,0.0,55,16.8,5.48,Soroti,1.71,33.61
2021-11-18,26.0,0.0,45,17.3,6.04,Soroti,1.71,33.61
2021-11-19,25.1,0.0,59,12.1,5.34,Soroti,1.71,33.61
2021-11-20,25.7,0.0,58,18.4,5.3,Soroti,1.71,33.61
2021-11-21,25.2,0.5,60,16.6,4.96,Soroti,1.71,33.61
2021-11-22,24.6,0.0,61,12.2,5.06,Soroti,1.71,33.61
2021-11-23,24.6,0.0,56,10.7,5.16,Soroti,1.71,33.61
2021-11-24,24.7,0.0,58,14.4,5.27,Soroti,1.71,33.61
2021-11-25,23.6,4.5,66,12.7,4.71,Soroti,1.71,33.61
2021-11-26,23.7,1.3,68,14.2,4.54,Soroti,1.71,33.61
2021-11-27,23.1,4.8,71,15.0,3.8,Soroti,1.71,33.61
2021-11-28,23.4,0.5,66,13.4,4.2,Soroti,1.71,33.61
2021-11-29,25.3,0.0,53,15.1,5.34,Soroti,1.71,33.61
2021-11-30,24.9,0.1,54,20.1,5.47,Soroti,1.71,33.61
2021-12-01,24.6,0.0,56,14.7,4.99,Soroti,1.71,33.61
2021-12-02,24.7,0.0,60,15.8,5.19,Soroti,1.71,33.61
2021-12-03,24.9,0.1,62,15.5,4.58,Soroti,1.71,33.61
2021-12-04,25.5,0.0,55,15.2,5.68,Soroti,1.71,33.61
2021-12-05,26.2,0.0,41,17.9,6.13,Soroti,1.71,33.61
2021-12-06,26.3,0.0,42,12.7,5.82,Soroti,1.71,33.61
2021-12-07,25.6,0.0,41,10.7,5.97,Soroti,1.71,33.61
2021-12-08,26.5,0.0,39,13.2,5.42,Soroti,1.71,33.61
2021-12-09,26.3,0.0,46,11.4,5.33,Soroti,1.71,33.61
2021-12-10,26.4,0.0,51,15.6,5.51,Soroti,1.71,33.61
2021-12-11,26.1,0.0,42,18.0,7.07,Soroti,1.71,33.61
2021-12-12,27.0,0.0,29,22.7,8.08,Soroti,1.71,33.61
2021-12-13,26.9,0.0,33,17.3,6.45,Soroti,1.71,33.61
2021-12-14,26.2,0.0,46,12.5,5.42,Soroti,1.71,33.61
2021-12-15,26.2,0.0,54,10.5,4.83,Soroti,1.71,33.61
2021-12-16,26.5,0.0,47,21.7,6.52,Soroti,1.71,33.61
2021-12-17,26.9,0.0,35,21.7,7.15,Soroti,1.71,33.61
2021-12-18,26.7,0.0,41,12.3,5.76,Soroti,1.71,33.61
2021-12-19,24.8,0.4,58,9.0,4.38,Soroti,1.71,33.61
2021-12-20,26.3,0.0,55,17.9,5.95,Soroti,1.71,33.61
2021-12-21,27.0,0.0,45,17.4,6.12,Soroti,1.71,33.61
2021-12-22,26.8,0.0,51,17.7,5.89,Soroti,1.71,33.61
2021-12-23,27.7,0.0,41,19.5,6.24,Soroti,1.71,33.61
2021-12-24,25.7,0.9,58,13.9,3.95,Soroti,1.71,33.61
2021-12-25,26.1,0.6,52,14.3,5.12,Soroti,1.71,33.61
2021-12-26,25.3,1.2,61,17.9,4.64,Soroti,1.71,33.61
2021-12-27,26.0,0.0,52,20.5,6.11,Soroti,1.71,33.61
2021-12-28,25.7,0.0,41,17.4,5.7,Soroti,1.71,33.61
2021-12-29,25.1,0.2,54,19.4,4.97,Soroti,1.71,33.61
2021-12-30,25.8,0.3,56,14.4,4.28,Soroti,1.71,33.61
2021-12-31,24.4,14.9,64,13.1,3.68,Soroti,1.71,33.61
