date,temperature,precipitation,humidity,wind_speed,evapotranspiration,zone,latitude,longitude
2020-01-01,26.6,2.6,88,9.5,3.09,Abidjan,5.36,-4.01
2020-01-02,26.6,0.1,84,10.1,3.71,Abidjan,5.36,-4.01
2020-01-03,24.9,0.0,58,12.2,4.84,Abidjan,5.36,-4.01
2020-01-04,23.7,0.0,48,13.6,5.38,Abidjan,5.36,-4.01
2020-01-05,22.8,0.0,62,12.4,4.66,Abidjan,5.36,-4.01
2020-01-06,24.9,0.0,66,11.9,4.4,Abidjan,5.36,-4.01
2020-01-07,24.7,0.0,78,12.2,4.25,Abidjan,5.36,-4.01
2020-01-08,25.4,0.0,84,11.4,3.93,Abidjan,5.36,-4.01
2020-01-09,26.0,0.0,86,13.3,3.97,Abidjan,5.36,-4.01
2020-01-10,27.2,0.6,83,11.6,3.61,Abidjan,5.36,-4.01
2020-01-11,26.6,2.4,85,15.5,3.47,Abidjan,5.36,-4.01
2020-01-12,27.0,0.7,86,10.0,3.63,Abidjan,5.36,-4.01
2020-01-13,26.9,2.6,89,8.8,3.13,Abidjan,5.36,-4.01
2020-01-14,26.3,7.3,90,8.8,2.75,Abidjan,5.36,-4.01
2020-01-15,26.8,0.0,86,10.9,3.7,Abidjan,5.36,-4.01
2020-01-16,26.8,0.0,86,12.9,3.97,Abidjan,5.36,-4.01
2020-01-17,27.4,0.3,86,13.1,3.71,Abidjan,5.36,-4.01
2020-01-18,27.3,1.2,88,11.2,3.38,Abidjan,5.36,-4.01
2020-01-19,27.2,2.0,88,11.3,3.24,Abidjan,5.36,-4.01
2020-01-20,26.9,1.6,87,11.6,3.0,Abidjan,5.36,-4.01
2020-01-21,26.7,8.0,89,9.8,2.78,Abidjan,5.36,-4.01
2020-01-22,26.9,4.8,88,10.8,3.15,Abidjan,5.36,-4.01
2020-01-23,27.6,0.1,85,13.4,3.89,Abidjan,5.36,-4.01
2020-01-24,27.4,1.6,88,12.3,3.36,Abidjan,5.36,-4.01
2020-01-25,27.7,0.4,86,13.3,3.94,Abidjan,5.36,-4.01
2020-01-26,27.8,0.8,83,12.8,4.04,Abidjan,5.36,-4.01
2020-01-27,27.4,0.2,82,10.8,3.93,Abidjan,5.36,-4.01
2020-01-28,27.4,0.3,83,13.1,3.96,Abidjan,5.36,-4.01
2020-01-29,27.2,0.0,85,12.6,4.16,Abidjan,5.36,-4.01
2020-01-30,27.3,0.1,83,14.6,4.13,Abidjan,5.36,-4.01
2020-01-31,27.4,0.4,85,13.4,4.03,Abidjan,5.36,-4.01
2020-02-01,27.4,0.8,86,13.7,3.6,Abidjan,5.36,-4.01
2020-02-02,27.4,2.1,87,15.0,3.73,Abidjan,5.36,-4.01
2020-02-03,27.6,0.0,81,12.7,4.55,Abidjan,5.36,-4.01
2020-02-04,27.3,0.0,82,14.1,4.39,Abidjan,5.36,-4.01
2020-02-05,26.9,0.3,83,13.0,4.1,Abidjan,5.36,-4.01
2020-02-06,27.4,1.4,83,11.4,4.02,Abidjan,5.36,-4.01
2020-02-07,27.6,0.9,84,14.1,4.1,Abidjan,5.36,-4.01
2020-02-08,27.7,0.0,81,13.6,4.55,Abidjan,5.36,-4.01
2020-02-09,28.2,2.0,82,14.5,4.09,Abidjan,5.36,-4.01
2020-02-10,27.5,2.5,83,13.8,2.61,Abidjan,5.36,-4.01
2020-02-11,27.2,5.8,86,10.6,3.33,Abidjan,5.36,-4.01
2020-02-12,27.5,0.3,84,13.5,4.0,Abidjan,5.36,-4.01
2020-02-13,27.4,1.1,84,15.5,3.96,Abidjan,5.36,-4.01
2020-02-14,28.2,0.1,81,13.0,4.57,Abidjan,5.36,-4.01
2020-02-15,28.0,0.0,81,13.3,4.7,Abidjan,5.36,-4.01
2020-02-16,28.4,0.7,83,14.8,4.46,Abidjan,5.36,-4.01
2020-02-17,28.2,2.8,83,16.7,4.12,Abidjan,5.36,-4.01
2020-02-18,27.9,1.9,85,12.9,3.64,Abidjan,5.36,-4.01
2020-02-19,27.5,6.8,86,12.2,3.37,Abidjan,5.36,-4.01
2020-02-20,27.4,4.7,87,10.2,3.18,Abidjan,5.36,-4.01
2020-02-21,27.4,4.3,86,13.0,3.11,Abidjan,5.36,-4.01
2020-02-22,27.5,4.8,86,13.9,3.15,Abidjan,5.36,-4.01
2020-02-23,27.8,5.3,86,13.6,3.56,Abidjan,5.36,-4.01
2020-02-24,28.1,2.4,84,14.9,3.59,Abidjan,5.36,-4.01
2020-02-25,27.2,1.5,88,11.5,3.02,Abidjan,5.36,-4.01
2020-02-26,27.5,0.7,85,12.2,4.09,Abidjan,5.36,-4.01
2020-02-27,28.3,1.1,85,12.6,4.07,Abidjan,5.36,-4.01
2020-02-28,27.7,9.4,87,12.8,3.36,Abidjan,5.36,-4.01
2020-02-29,28.5,2.9,84,16.0,4.27,Abidjan,5.36,-4.01
2020-03-01,28.5,1.3,84,16.9,4.1,Abidjan,5.36,-4.01
2020-03-02,27.6,3.8,86,14.8,3.72,Abidjan,5.36,-4.01
2020-03-03,27.0,12.4,88,12.3,2.88,Abidjan,5.36,-4.01
2020-03-04,27.0,15.6,89,11.4,3.19,Abidjan,5.36,-4.01
2020-03-05,27.1,10.9,89,11.9,3.17,Abidjan,5.36,-4.01
2020-03-06,26.6,1.8,91,14.6,1.94,Abidjan,5.36,-4.01
2020-03-07,27.2,6.9,87,15.4,3.44,Abidjan,5.36,-4.01
2020-03-08,27.2,5.8,87,12.7,3.8,Abidjan,5.36,-4.01
2020-03-09,26.8,10.5,89,12.2,2.75,Abidjan,5.36,-4.01
2020-03-10,26.7,4.3,90,13.8,2.9,Abidjan,5.36,-4.01
2020-03-11,26.9,6.8,88,14.7,3.09,Abidjan,5.36,-4.01
2020-03-12,27.9,1.9,85,13.6,3.83,Abidjan,5.36,-4.01
2020-03-13,27.6,5.2,87,15.3,3.46,Abidjan,5.36,-4.01
2020-03-14,27.1,6.8,88,15.3,3.08,Abidjan,5.36,-4.01
2020-03-15,27.0,2.3,88,14.8,2.91,Abidjan,5.36,-4.01
2020-03-16,27.6,0.4,86,13.9,4.3,Abidjan,5.36,-4.01
2020-03-17,27.9,1.8,84,16.8,4.2,Abidjan,5.36,-4.01
2020-03-18,27.3,4.2,86,18.1,3.64,Abidjan,5.36,-4.01
2020-03-19,27.2,3.1,85,18.8,3.74,Abidjan,5.36,-4.01
2020-03-20,27.3,2.3,88,12.8,3.8,Abidjan,5.36,-4.01
2020-03-21,27.3,1.0,88,11.5,3.51,Abidjan,5.36,-4.01
2020-03-22,27.3,10.4,87,14.3,3.78,Abidjan,5.36,-4.01
2020-03-23,26.0,8.8,90,18.2,3.19,Abidjan,5.36,-4.01
2020-03-24,25.2,12.6,93,14.1,1.7,Abidjan,5.36,-4.01
2020-03-25,25.7,5.1,90,12.4,3.27,Abidjan,5.36,-4.01
2020-03-26,26.7,1.2,87,13.0,4.12,Abidjan,5.36,-4.01
2020-03-27,26.5,8.1,88,10.4,3.87,Abidjan,5.36,-4.01
2020-03-28,27.0,0.6,88,13.4,4.33,Abidjan,5.36,-4.01
2020-03-29,26.7,2.9,89,16.6,3.7,Abidjan,5.36,-4.01
2020-03-30,27.0,4.3,87,14.8,3.92,Abidjan,5.36,-4.01
2020-03-31,27.5,2.4,87,13.9,4.28,Abidjan,5.36,-4.01
2020-04-01,27.1,1.8,88,14.3,3.46,Abidjan,5.36,-4.01
2020-04-02,27.1,0.0,85,11.9,4.22,Abidjan,5.36,-4.01
2020-04-03,27.4,0.3,87,14.6,3.8,Abidjan,5.36,-4.01
2020-04-04,27.5,0.3,86,13.9,4.25,Abidjan,5.36,-4.01
2020-04-05,27.9,0.1,85,16.3,4.96,Abidjan,5.36,-4.01
2020-04-06,27.4,5.9,88,16.7,3.72,Abidjan,5.36,-4.01
2020-04-07,27.5,1.2,86,15.7,4.17,Abidjan,5.36,-4.01
2020-04-08,27.2,6.8,88,14.9,3.85,Abidjan,5.36,-4.01
2020-04-09,27.1,2.0,87,13.3,4.45,Abidjan,5.36,-4.01
2020-04-10,26.7,13.3,88,8.2,3.23,Abidjan,5.36,-4.01
2020-04-11,26.1,11.8,90,9.8,3.0,Abidjan,5.36,-4.01
2020-04-12,26.4,2.4,87,14.8,3.04,Abidjan,5.36,-4.01
2020-04-13,27.4,0.2,84,13.4,4.45,Abidjan,5.36,-4.01
2020-04-14,27.2,3.8,86,11.9,3.93,Abidjan,5.36,-4.01
2020-04-15,27.4,5.6,87,11.2,3.98,Abidjan,5.36,-4.01
2020-04-16,27.8,12.5,87,14.3,4.12,Abidjan,5.36,-4.01
2020-04-17,27.6,2.0,87,18.9,3.86,Abidjan,5.36,-4.01
2020-04-18,27.0,10.4,88,17.1,3.6,Abidjan,5.36,-4.01
2020-04-19,26.9,5.6,87,15.2,3.81,Abidjan,5.36,-4.01
2020-04-20,27.0,2.8,87,12.0,4.16,Abidjan,5.36,-4.01
2020-04-21,27.0,2.9,87,13.0,4.19,Abidjan,5.36,-4.01
2020-04-22,26.9,14.7,88,12.9,3.67,Abidjan,5.36,-4.01
2020-04-23,26.6,7.4,87,11.6,3.89,Abidjan,5.36,-4.01
2020-04-24,26.5,2.8,87,17.7,3.91,Abidjan,5.36,-4.01
2020-04-25,26.7,0.2,86,12.2,4.2,Abidjan,5.36,-4.01
2020-04-26,26.1,19.4,90,12.6,2.83,Abidjan,5.36,-4.01
2020-04-27,26.5,0.4,86,13.1,4.14,Abidjan,5.36,-4.01
2020-04-28,26.8,0.6,86,12.3,4.33,Abidjan,5.36,-4.01
2020-04-29,26.9,3.5,87,11.8,4.12,Abidjan,5.36,-4.01
2020-04-30,27.1,0.6,85,13.7,4.34,Abidjan,5.36,-4.01
2020-05-01,27.4,0.2,84,11.7,4.13,Abidjan,5.36,-4.01
2020-05-02,27.5,0.3,84,14.0,4.77,Abidjan,5.36,-4.01
2020-05-03,27.1,8.8,88,17.7,3.79,Abidjan,5.36,-4.01
2020-05-04,26.6,13.6,90,11.4,3.26,Abidjan,5.36,-4.01
2020-05-05,26.7,5.2,90,12.4,3.59,Abidjan,5.36,-4.01
2020-05-06,27.1,5.3,88,10.5,3.54,Abidjan,5.36,-4.01
2020-05-07,27.2,5.2,88,14.8,3.83,Abidjan,5.36,-4.01
2020-05-08,26.4,13.8,91,12.9,3.07,Abidjan,5.36,-4.01
2020-05-09,27.0,4.1,87,14.3,3.74,Abidjan,5.36,-4.01
2020-05-10,27.1,2.0,83,16.1,4.42,Abidjan,5.36,-4.01
2020-05-11,25.2,29.1,94,10.7,1.3,Abidjan,5.36,-4.01
2020-05-12,26.0,0.3,84,10.6,3.92,Abidjan,5.36,-4.01
2020-05-13,26.8,0.9,87,11.8,4.22,Abidjan,5.36,-4.01
2020-05-14,27.1,1.6,86,11.0,4.15,Abidjan,5.36,-4.01
2020-05-15,27.1,11.8,88,12.6,3.88,Abidjan,5.36,-4.01
2020-05-16,26.7,6.6,88,14.2,3.17,Abidjan,5.36,-4.01
2020-05-17,26.4,14.4,90,12.1,3.02,Abidjan,5.36,-4.01
2020-05-18,26.5,5.2,87,16.6,3.96,Abidjan,5.36,-4.01
2020-05-19,26.9,1.0,84,12.7,4.53,Abidjan,5.36,-4.01
2020-05-20,26.6,2.6,88,13.2,3.32,Abidjan,5.36,-4.01
2020-05-21,26.5,2.6,88,14.4,3.54,Abidjan,5.36,-4.01
2020-05-22,26.9,1.1,81,16.5,3.84,Abidjan,5.36,-4.01
2020-05-23,26.7,2.6,85,16.0,3.8,Abidjan,5.36,-4.01
2020-05-24,26.5,4.9,89,12.6,3.74,Abidjan,5.36,-4.01
2020-05-25,25.9,27.7,91,9.6,2.54,Abidjan,5.36,-4.01
2020-05-26,24.9,10.1,93,8.9,1.8,Abidjan,5.36,-4.01
2020-05-27,25.8,16.0,91,7.6,2.64,Abidjan,5.36,-4.01
2020-05-28,26.2,7.3,90,10.2,3.33,Abidjan,5.36,-4.01
2020-05-29,26.0,5.0,90,9.1,2.33,Abidjan,5.36,-4.01
2020-05-30,25.6,12.9,91,11.8,2.66,Abidjan,5.36,-4.01
2020-05-31,25.8,5.6,91,10.5,2.86,Abidjan,5.36,-4.01
2020-06-01,25.9,10.4,90,10.3,3.32,Abidjan,5.36,-4.01
2020-06-02,26.0,7.6,89,10.8,2.73,Abidjan,5.36,-4.01
2020-06-03,26.2,3.0,88,11.9,3.65,Abidjan,5.36,-4.01
2020-06-04,26.0,5.3,90,14.2,3.19,Abidjan,5.36,-4.01
2020-06-05,26.3,2.2,88,11.9,3.28,Abidjan,5.36,-4.01
2020-06-06,25.7,8.5,90,11.9,3.03,Abidjan,5.36,-4.01
2020-06-07,25.7,15.3,91,8.4,2.64,Abidjan,5.36,-4.01
2020-06-08,25.8,6.2,87,12.0,3.31,Abidjan,5.36,-4.01
2020-06-09,25.4,8.9,90,13.6,3.15,Abidjan,5.36,-4.01
2020-06-10,24.5,20.9,93,14.3,2.12,Abidjan,5.36,-4.01
2020-06-11,24.1,7.1,94,9.2,1.45,Abidjan,5.36,-4.01
2020-06-12,24.9,10.7,93,10.1,2.85,Abidjan,5.36,-4.01
2020-06-13,24.4,22.4,93,11.2,1.16,Abidjan,5.36,-4.01
2020-06-14,25.0,5.1,92,11.0,2.65,Abidjan,5.36,-4.01
2020-06-15,25.4,6.7,90,8.4,2.98,Abidjan,5.36,-4.01
2020-06-16,25.9,3.5,88,14.3,3.31,Abidjan,5.36,-4.01
2020-06-17,25.4,12.0,89,18.0,2.98,Abidjan,5.36,-4.01
2020-06-18,24.6,8.4,91,11.8,1.54,Abidjan,5.36,-4.01
2020-06-19,24.9,3.2,90,10.6,1.76,Abidjan,5.36,-4.01
2020-06-20,25.2,5.3,89,11.0,3.39,Abidjan,5.36,-4.01
2020-06-21,25.0,7.4,90,12.2,2.31,Abidjan,5.36,-4.01
2020-06-22,24.4,7.8,93,10.7,2.15,Abidjan,5.36,-4.01
2020-06-23,24.8,9.6,91,10.1,2.83,Abidjan,5.36,-4.01
2020-06-24,25.0,6.3,90,12.1,3.02,Abidjan,5.36,-4.01
2020-06-25,25.1,7.7,91,13.3,2.71,Abidjan,5.36,-4.01
2020-06-26,24.4,23.7,91,13.0,1.82,Abidjan,5.36,-4.01
2020-06-27,24.6,5.3,90,17.1,2.77,Abidjan,5.36,-4.01
2020-06-28,23.9,7.7,92,14.3,1.71,Abidjan,5.36,-4.01
2020-06-29,23.8,7.6,93,13.0,1.56,Abidjan,5.36,-4.01
2020-06-30,24.6,2.4,90,12.9,2.62,Abidjan,5.36,-4.01
2020-07-01,24.8,1.5,89,9.3,2.54,Abidjan,5.36,-4.01
2020-07-02,24.9,4.4,87,12.4,2.93,Abidjan,5.36,-4.01
2020-07-03,25.1,6.8,88,16.4,3.36,Abidjan,5.36,-4.01
2020-07-04,24.8,3.8,88,17.3,3.08,Abidjan,5.36,-4.01
2020-07-05,24.6,2.3,89,13.8,2.33,Abidjan,5.36,-4.01
2020-07-06,24.9,2.1,88,13.6,3.47,Abidjan,5.36,-4.01
2020-07-07,24.9,5.3,89,16.4,3.03,Abidjan,5.36,-4.01
2020-07-08,24.6,7.4,90,15.8,2.67,Abidjan,5.36,-4.01
2020-07-09,24.6,4.0,89,16.1,2.77,Abidjan,5.36,-4.01
2020-07-10,24.1,4.0,91,12.8,2.23,Abidjan,5.36,-4.01
2020-07-11,24.1,3.5,89,13.8,2.39,Abidjan,5.36,-4.01
2020-07-12,24.2,2.0,88,11.9,3.37,Abidjan,5.36,-4.01
2020-07-13,24.2,2.0,90,16.0,3.24,Abidjan,5.36,-4.01
2020-07-14,24.5,2.2,87,20.1,3.28,Abidjan,5.36,-4.01
2020-07-15,24.1,0.7,86,17.1,2.78,Abidjan,5.36,-4.01
2020-07-16,24.3,0.7,85,16.2,3.27,Abidjan,5.36,-4.01
2020-07-17,24.3,1.1,88,17.7,2.6,Abidjan,5.36,-4.01
2020-07-18,24.2,1.5,92,12.0,2.4,Abidjan,5.36,-4.01
2020-07-19,24.3,6.7,91,14.4,3.04,Abidjan,5.36,-4.01
2020-07-20,24.4,1.8,90,17.8,3.14,Abidjan,5.36,-4.01
2020-07-21,24.6,3.0,90,14.4,3.46,Abidjan,5.36,-4.01
2020-07-22,24.3,8.2,91,15.6,2.9,Abidjan,5.36,-4.01
2020-07-23,24.3,1.1,89,14.4,3.38,Abidjan,5.36,-4.01
2020-07-24,24.4,0.3,88,17.4,3.62,Abidjan,5.36,-4.01
2020-07-25,24.2,2.5,87,18.7,3.78,Abidjan,5.36,-4.01
2020-07-26,24.1,0.5,86,17.6,3.8,Abidjan,5.36,-4.01
2020-07-27,23.8,2.4,87,17.7,3.23,Abidjan,5.36,-4.01
2020-07-28,23.9,1.2,87,15.1,3.22,Abidjan,5.36,-4.01
2020-07-29,23.9,1.9,88,15.5,3.7,Abidjan,5.36,-4.01
2020-07-30,24.0,1.5,88,14.4,3.47,Abidjan,5.36,-4.01
2020-07-31,24.4,1.0,87,14.6,3.4,Abidjan,5.36,-4.01
2020-08-01,24.4,2.4,87,17.0,2.42,Abidjan,5.36,-4.01
2020-08-02,24.2,1.0,84,16.0,4.02,Abidjan,5.36,-4.01
2020-08-03,23.7,0.0,81,15.1,4.39,Abidjan,5.36,-4.01
2020-08-04,23.7,0.0,80,13.4,4.6,Abidjan,5.36,-4.01
2020-08-05,23.0,0.3,83,18.5,3.47,Abidjan,5.36,-4.01
2020-08-06,23.2,0.0,81,17.3,3.46,Abidjan,5.36,-4.01
2020-08-07,23.6,0.1,83,18.9,3.28,Abidjan,5.36,-4.01
2020-08-08,23.8,2.3,88,17.4,3.5,Abidjan,5.36,-4.01
2020-08-09,23.6,2.1,88,15.3,3.4,Abidjan,5.36,-4.01
2020-08-10,23.8,0.4,86,18.4,3.01,Abidjan,5.36,-4.01
2020-08-11,23.8,0.4,85,18.7,3.28,Abidjan,5.36,-4.01
2020-08-12,23.6,0.3,84,13.6,3.08,Abidjan,5.36,-4.01
2020-08-13,23.5,0.4,87,14.3,3.82,Abidjan,5.36,-4.01
2020-08-14,24.2,0.5,86,17.3,3.34,Abidjan,5.36,-4.01
2020-08-15,24.3,2.2,88,20.7,3.13,Abidjan,5.36,-4.01
2020-08-16,24.2,2.6,87,15.8,3.65,Abidjan,5.36,-4.01
2020-08-17,24.3,1.0,84,14.8,3.52,Abidjan,5.36,-4.01
2020-08-18,24.3,1.0,86,15.6,3.32,Abidjan,5.36,-4.01
2020-08-19,24.4,0.6,87,17.7,3.75,Abidjan,5.36,-4.01
2020-08-20,24.6,0.4,86,19.4,3.44,Abidjan,5.36,-4.01
2020-08-21,24.1,1.6,88,15.6,2.42,Abidjan,5.36,-4.01
2020-08-22,24.4,1.5,88,17.8,3.59,Abidjan,5.36,-4.01
2020-08-23,24.1,3.4,89,17.3,3.49,Abidjan,5.36,-4.01
2020-08-24,24.3,1.0,88,17.4,3.81,Abidjan,5.36,-4.01
2020-08-25,24.2,1.6,87,19.7,3.5,Abidjan,5.36,-4.01
2020-08-26,24.1,1.3,87,14.7,3.5,Abidjan,5.36,-4.01
2020-08-27,24.3,1.6,87,14.5,3.23,Abidjan,5.36,-4.01
2020-08-28,24.5,2.3,87,18.7,3.43,Abidjan,5.36,-4.01
2020-08-29,24.4,1.2,87,18.8,3.67,Abidjan,5.36,-4.01
2020-08-30,24.0,2.6,86,18.1,3.21,Abidjan,5.36,-4.01
2020-08-31,24.0,2.6,86,16.5,2.79,Abidjan,5.36,-4.01
2020-09-01,24.2,1.2,88,15.5,3.16,Abidjan,5.36,-4.01
2020-09-02,24.4,1.0,88,16.5,2.82,Abidjan,5.36,-4.01
2020-09-03,24.6,2.4,88,15.3,3.57,Abidjan,5.36,-4.01
2020-09-04,23.8,4.8,90,14.1,2.08,Abidjan,5.36,-4.01
2020-09-05,24.4,1.2,88,14.3,3.43,Abidjan,5.36,-4.01
2020-09-06,24.5,3.0,88,15.7,3.46,Abidjan,5.36,-4.01
2020-09-07,24.8,1.7,87,13.1,3.58,Abidjan,5.36,-4.01
2020-09-08,24.8,1.4,88,15.2,3.1,Abidjan,5.36,-4.01
2020-09-09,24.8,0.8,87,17.1,3.43,Abidjan,5.36,-4.01
2020-09-10,24.8,2.6,87,16.6,3.45,Abidjan,5.36,-4.01
2020-09-11,24.5,2.6,89,12.9,3.12,Abidjan,5.36,-4.01
2020-09-12,24.2,7.3,90,13.1,2.46,Abidjan,5.36,-4.01
2020-09-13,24.5,6.4,89,12.4,2.82,Abidjan,5.36,-4.01
2020-09-14,24.5,2.5,90,15.4,3.27,Abidjan,5.36,-4.01
2020-09-15,24.5,2.3,88,14.5,3.18,Abidjan,5.36,-4.01
2020-09-16,24.6,3.2,87,18.4,3.11,Abidjan,5.36,-4.01
2020-09-17,24.3,4.0,89,17.7,3.58,Abidjan,5.36,-4.01
2020-09-18,24.3,1.2,88,15.5,3.34,Abidjan,5.36,-4.01
2020-09-19,24.3,3.6,88,14.8,3.08,Abidjan,5.36,-4.01
2020-09-20,24.3,5.7,89,14.5,2.66,Abidjan,5.36,-4.01
2020-09-21,24.7,2.5,88,16.0,3.38,Abidjan,5.36,-4.01
2020-09-22,24.8,2.4,89,17.6,3.5,Abidjan,5.36,-4.01
2020-09-23,24.9,5.1,88,18.7,3.43,Abidjan,5.36,-4.01
2020-09-24,24.4,12.1,91,12.2,2.82,Abidjan,5.36,-4.01
2020-09-25,24.5,10.7,90,13.2,3.39,Abidjan,5.36,-4.01
2020-09-26,24.6,0.9,90,16.1,3.51,Abidjan,5.36,-4.01
2020-09-27,24.3,5.8,90,15.0,3.2,Abidjan,5.36,-4.01
2020-09-28,24.1,20.8,92,10.9,2.88,Abidjan,5.36,-4.01
2020-09-29,24.6,12.2,91,15.3,3.23,Abidjan,5.36,-4.01
2020-09-30,24.8,6.1,90,15.3,3.25,Abidjan,5.36,-4.01
2020-10-01,24.6,3.7,90,15.8,2.69,Abidjan,5.36,-4.01
2020-10-02,24.8,2.0,88,14.4,3.71,Abidjan,5.36,-4.01
2020-10-03,24.9,0.3,88,14.4,3.57,Abidjan,5.36,-4.01
2020-10-04,25.1,1.6,88,15.1,3.9,Abidjan,5.36,-4.01
2020-10-05,25.3,3.4,87,12.0,3.84,Abidjan,5.36,-4.01
2020-10-06,25.0,9.9,89,14.8,2.86,Abidjan,5.36,-4.01
2020-10-07,24.6,16.1,92,11.5,2.03,Abidjan,5.36,-4.01
2020-10-08,24.9,12.9,91,14.4,3.36,Abidjan,5.36,-4.01
2020-10-09,24.9,11.2,91,14.3,3.16,Abidjan,5.36,-4.01
2020-10-10,24.6,15.4,91,14.1,3.27,Abidjan,5.36,-4.01
2020-10-11,24.5,6.5,91,13.4,3.03,Abidjan,5.36,-4.01
2020-10-12,24.3,12.7,92,10.6,2.12,Abidjan,5.36,-4.01
2020-10-13,24.6,3.8,90,13.0,3.53,Abidjan,5.36,-4.01
2020-10-14,24.8,9.0,90,12.4,3.35,Abidjan,5.36,-4.01
2020-10-15,24.7,8.6,91,12.1,2.91,Abidjan,5.36,-4.01
2020-10-16,24.9,6.5,90,12.5,3.28,Abidjan,5.36,-4.01
2020-10-17,25.0,6.0,90,12.0,3.55,Abidjan,5.36,-4.01
2020-10-18,24.9,1.7,90,13.5,3.02,Abidjan,5.36,-4.01
2020-10-19,25.3,3.8,87,12.1,3.5,Abidjan,5.36,-4.01
2020-10-20,25.0,10.1,89,12.4,3.08,Abidjan,5.36,-4.01
2020-10-21,25.3,3.4,89,11.5,3.85,Abidjan,5.36,-4.01
2020-10-22,25.7,3.7,89,12.9,3.58,Abidjan,5.36,-4.01
2020-10-23,25.5,1.4,90,10.8,3.26,Abidjan,5.36,-4.01
2020-10-24,25.7,1.2,88,11.7,3.74,Abidjan,5.36,-4.01
2020-10-25,25.9,3.8,87,10.4,3.45,Abidjan,5.36,-4.01
2020-10-26,25.3,4.0,90,10.8,2.37,Abidjan,5.36,-4.01
2020-10-27,25.4,13.3,91,9.5,3.22,Abidjan,5.36,-4.01
2020-10-28,25.5,10.2,90,11.6,3.33,Abidjan,5.36,-4.01
2020-10-29,25.5,5.5,90,11.0,3.38,Abidjan,5.36,-4.01
2020-10-30,25.7,7.1,89,10.9,3.38,Abidjan,5.36,-4.01
2020-10-31,25.9,7.2,89,10.5,3.34,Abidjan,5.36,-4.01
2020-11-01,25.8,3.0,90,12.3,3.66,Abidjan,5.36,-4.01
2020-11-02,25.7,11.0,90,10.9,3.33,Abidjan,5.36,-4.01
2020-11-03,25.9,6.1,89,11.2,3.75,Abidjan,5.36,-4.01
2020-11-04,26.4,1.5,87,12.9,3.82,Abidjan,5.36,-4.01
2020-11-05,26.2,7.1,89,10.6,2.91,Abidjan,5.36,-4.01
2020-11-06,25.3,15.1,91,9.5,2.21,Abidjan,5.36,-4.01
2020-11-07,25.7,3.3,90,8.7,3.12,Abidjan,5.36,-4.01
2020-11-08,25.7,3.2,89,11.7,2.81,Abidjan,5.36,-4.01
2020-11-09,25.9,9.9,89,12.6,3.57,Abidjan,5.36,-4.01
2020-11-10,25.6,11.5,90,12.6,3.23,Abidjan,5.36,-4.01
2020-11-11,25.8,4.7,90,10.8,3.23,Abidjan,5.36,-4.01
2020-11-12,26.0,2.8,88,7.2,3.46,Abidjan,5.36,-4.01
2020-11-13,26.2,7.9,89,8.8,3.44,Abidjan,5.36,-4.01
2020-11-14,25.9,12.9,90,9.5,3.12,Abidjan,5.36,-4.01
2020-11-15,26.0,7.7,89,10.5,3.1,Abidjan,5.36,-4.01
2020-11-16,25.9,3.3,88,10.3,3.09,Abidjan,5.36,-4.01
2020-11-17,25.2,4.7,92,10.4,2.69,Abidjan,5.36,-4.01
2020-11-18,25.7,8.0,89,9.0,2.83,Abidjan,5.36,-4.01
2020-11-19,26.1,3.4,86,10.6,3.41,Abidjan,5.36,-4.01
2020-11-20,25.8,4.7,88,10.9,3.24,Abidjan,5.36,-4.01
2020-11-21,25.5,12.8,91,9.4,2.74,Abidjan,5.36,-4.01
2020-11-22,25.3,23.8,91,7.7,2.46,Abidjan,5.36,-4.01
2020-11-23,26.0,3.0,88,10.5,3.6,Abidjan,5.36,-4.01
2020-11-24,25.7,3.0,89,10.4,3.06,Abidjan,5.36,-4.01
2020-11-25,25.3,17.4,91,9.3,2.57,Abidjan,5.36,-4.01
2020-11-26,25.3,1.4,91,11.9,1.87,Abidjan,5.36,-4.01
2020-11-27,25.6,1.7,88,13.6,3.45,Abidjan,5.36,-4.01
2020-11-28,25.2,7.0,90,10.1,2.51,Abidjan,5.36,-4.01
2020-11-29,25.7,8.4,88,8.0,3.07,Abidjan,5.36,-4.01
2020-11-30,25.9,0.8,89,9.6,3.22,Abidjan,5.36,-4.01
2020-12-01,25.7,0.9,88,11.3,3.16,Abidjan,5.36,-4.01
2020-12-02,26.0,1.3,87,11.8,3.14,Abidjan,5.36,-4.01
2020-12-03,26.1,1.8,87,11.3,3.27,Abidjan,5.36,-4.01
2020-12-04,26.3,0.9,86,13.3,3.59,Abidjan,5.36,-4.01
2020-12-05,26.2,2.1,88,12.4,3.19,Abidjan,5.36,-4.01
2020-12-06,25.8,2.1,89,11.2,3.09,Abidjan,5.36,-4.01
2020-12-07,25.8,2.2,88,12.2,2.89,Abidjan,5.36,-4.01
2020-12-08,25.8,3.3,89,9.9,2.73,Abidjan,5.36,-4.01
2020-12-09,25.8,4.4,89,10.8,2.92,Abidjan,5.36,-4.01
2020-12-10,25.5,3.5,89,11.0,2.88,Abidjan,5.36,-4.01
2020-12-11,25.7,4.0,90,10.1,2.87,Abidjan,5.36,-4.01
2020-12-12,25.9,2.3,89,11.1,3.22,Abidjan,5.36,-4.01
2020-12-13,26.3,2.0,87,11.1,3.17,Abidjan,5.36,-4.01
2020-12-14,25.6,3.8,90,11.3,3.03,Abidjan,5.36,-4.01
2020-12-15,25.5,2.0,90,10.0,2.97,Abidjan,5.36,-4.01
2020-12-16,25.4,12.0,91,9.8,2.78,Abidjan,5.36,-4.01
2020-12-17,25.2,14.8,91,11.7,2.73,Abidjan,5.36,-4.01
2020-12-18,25.0,8.4,92,11.0,2.36,Abidjan,5.36,-4.01
2020-12-19,25.4,2.8,89,11.6,2.94,Abidjan,5.36,-4.01
2020-12-20,25.9,2.1,89,9.9,2.95,Abidjan,5.36,-4.01
2020-12-21,26.1,4.7,90,8.0,3.02,Abidjan,5.36,-4.01
2020-12-22,26.0,3.0,89,10.4,2.9,Abidjan,5.36,-4.01
2020-12-23,25.6,9.6,90,8.4,2.5,Abidjan,5.36,-4.01
2020-12-24,25.9,1.7,90,11.2,3.05,Abidjan,5.36,-4.01
2020-12-25,25.9,6.6,90,9.8,2.78,Abidjan,5.36,-4.01
2020-12-26,26.2,2.7,90,9.7,2.99,Abidjan,5.36,-4.01
2020-12-27,26.2,2.0,90,10.5,3.17,Abidjan,5.36,-4.01
2020-12-28,26.3,2.8,89,10.4,3.11,Abidjan,5.36,-4.01
2020-12-29,26.3,2.0,89,9.8,3.07,Abidjan,5.36,-4.01
2020-12-30,26.5,0.1,86,11.1,3.73,Abidjan,5.36,-4.01
2020-12-31,26.6,1.7,89,11.3,3.11,Abidjan,5.36,-4.01
2021-01-01,26.3,2.3,89,13.5,3.02,Abidjan,5.36,-4.01
2021-01-02,26.7,1.8,88,14.3,3.26,Abidjan,5.36,-4.01
2021-01-03,26.2,2.5,89,13.0,3.02,Abidjan,5.36,-4.01
2021-01-04,26.0,3.5,89,9.9,3.11,Abidjan,5.36,-4.01
2021-01-05,25.9,8.5,90,12.2,2.77,Abidjan,5.36,-4.01
2021-01-06,25.8,10.5,90,12.2,2.54,Abidjan,5.36,-4.01
2021-01-07,26.2,1.4,87,12.0,2.94,Abidjan,5.36,-4.01
2021-01-08,26.3,2.5,86,10.7,3.2,Abidjan,5.36,-4.01
2021-01-09,26.6,0.8,87,11.9,3.29,Abidjan,5.36,-4.01
2021-01-10,26.4,3.6,88,11.8,3.14,Abidjan,5.36,-4.01
2021-01-11,26.4,1.2,86,14.1,3.32,Abidjan,5.36,-4.01
2021-01-12,26.1,6.5,88,10.7,3.07,Abidjan,5.36,-4.01
2021-01-13,26.2,11.6,87,12.3,2.99,Abidjan,5.36,-4.01
2021-01-14,26.0,1.1,88,9.7,3.05,Abidjan,5.36,-4.01
2021-01-15,25.9,3.9,89,12.3,2.97,Abidjan,5.36,-4.01
2021-01-16,25.8,1.7,90,12.7,2.94,Abidjan,5.36,-4.01
2021-01-17,26.1,2.1,89,11.1,3.32,Abidjan,5.36,-4.01
2021-01-18,25.6,13.4,90,9.7,2.57,Abidjan,5.36,-4.01
2021-01-19,26.0,1.8,88,10.2,2.95,Abidjan,5.36,-4.01
2021-01-20,26.3,1.9,86,9.7,3.12,Abidjan,5.36,-4.01
2021-01-21,26.0,2.4,88,10.2,2.98,Abidjan,5.36,-4.01
2021-01-22,26.1,2.3,88,10.0,3.32,Abidjan,5.36,-4.01
2021-01-23,26.3,0.1,86,10.5,3.99,Abidjan,5.36,-4.01
2021-01-24,26.2,0.0,86,12.7,3.97,Abidjan,5.36,-4.01
2021-01-25,26.3,0.7,85,12.3,3.75,Abidjan,5.36,-4.01
2021-01-26,26.4,1.2,86,11.3,3.75,Abidjan,5.36,-4.01
2021-01-27,26.6,3.0,87,12.8,3.41,Abidjan,5.36,-4.01
2021-01-28,26.4,4.5,89,12.7,3.28,Abidjan,5.36,-4.01
2021-01-29,26.4,7.4,90,11.2,3.26,Abidjan,5.36,-4.01
2021-01-30,26.3,6.4,89,11.5,3.1,Abidjan,5.36,-4.01
2021-01-31,26.6,7.2,89,11.5,3.15,Abidjan,5.36,-4.01
2021-02-01,26.8,1.7,88,12.7,3.55,Abidjan,5.36,-4.01
2021-02-02,27.0,1.4,87,12.8,3.57,Abidjan,5.36,-4.01
2021-02-03,26.7,2.1,88,14.4,3.25,Abidjan,5.36,-4.01
2021-02-04,27.0,2.0,88,14.1,3.4,Abidjan,5.36,-4.01
2021-02-05,26.5,10.9,87,14.0,3.22,Abidjan,5.36,-4.01
2021-02-06,26.7,5.6,86,12.7,3.43,Abidjan,5.36,-4.01
2021-02-07,26.9,0.7,87,13.0,3.3,Abidjan,5.36,-4.01
2021-02-08,26.4,8.2,88,12.5,3.29,Abidjan,5.36,-4.01
2021-02-09,26.6,1.4,88,12.1,3.7,Abidjan,5.36,-4.01
2021-02-10,26.9,1.2,87,13.0,3.8,Abidjan,5.36,-4.01
2021-02-11,27.1,1.6,87,15.3,3.73,Abidjan,5.36,-4.01
2021-02-12,27.4,0.7,87,13.6,3.76,Abidjan,5.36,-4.01
2021-02-13,27.3,0.9,87,15.3,3.85,Abidjan,5.36,-4.01
2021-02-14,26.8,9.7,87,17.3,3.46,Abidjan,5.36,-4.01
2021-02-15,26.7,5.6,87,10.9,3.39,Abidjan,5.36,-4.01
2021-02-16,26.2,1.8,89,13.0,2.96,Abidjan,5.36,-4.01
2021-02-17,25.8,9.0,88,12.4,3.55,Abidjan,5.36,-4.01
2021-02-18,25.7,17.0,90,8.7,3.03,Abidjan,5.36,-4.01
2021-02-19,26.6,0.9,87,10.8,3.44,Abidjan,5.36,-4.01
2021-02-20,26.3,2.6,86,12.2,3.53,Abidjan,5.36,-4.01
2021-02-21,26.5,1.1,86,14.3,4.04,Abidjan,5.36,-4.01
2021-02-22,26.6,0.0,84,13.6,4.04,Abidjan,5.36,-4.01
2021-02-23,26.2,0.1,85,11.6,4.22,Abidjan,5.36,-4.01
2021-02-24,26.9,0.7,84,14.3,4.11,Abidjan,5.36,-4.01
2021-02-25,26.7,4.0,86,14.6,3.34,Abidjan,5.36,-4.01
2021-02-26,26.7,1.9,85,12.8,3.61,Abidjan,5.36,-4.01
2021-02-27,26.4,7.0,88,13.0,3.48,Abidjan,5.36,-4.01
2021-02-28,25.9,15.3,90,12.7,3.09,Abidjan,5.36,-4.01
2021-03-01,26.6,2.9,87,10.6,3.61,Abidjan,5.36,-4.01
2021-03-02,27.1,1.3,87,13.0,3.72,Abidjan,5.36,-4.01
2021-03-03,27.3,1.7,88,13.6,3.62,Abidjan,5.36,-4.01
2021-03-04,27.2,5.8,87,16.7,3.57,Abidjan,5.36,-4.01
2021-03-05,26.7,5.0,87,18.2,3.43,Abidjan,5.36,-4.01
2021-03-06,27.0,1.4,86,14.0,3.82,Abidjan,5.36,-4.01
2021-03-07,26.9,3.5,87,13.5,3.91,Abidjan,5.36,-4.01
2021-03-08,27.1,1.7,87,15.1,4.01,Abidjan,5.36,-4.01
2021-03-09,26.8,4.0,87,17.3,3.44,Abidjan,5.36,-4.01
2021-03-10,26.8,3.4,87,17.5,3.85,Abidjan,5.36,-4.01
2021-03-11,26.6,4.1,88,16.4,3.65,Abidjan,5.36,-4.01
2021-03-12,26.1,6.6,89,12.0,3.17,Abidjan,5.36,-4.01
2021-03-13,26.2,13.8,89,12.7,2.92,Abidjan,5.36,-4.01
2021-03-14,26.5,6.1,87,14.7,2.89,Abidjan,5.36,-4.01
2021-03-15,26.0,0.0,87,14.8,3.31,Abidjan,5.36,-4.01
2021-03-16,26.9,0.9,86,16.3,4.17,Abidjan,5.36,-4.01
2021-03-17,26.7,0.7,84,19.6,3.8,Abidjan,5.36,-4.01
2021-03-18,25.7,1.9,87,17.8,2.85,Abidjan,5.36,-4.01
2021-03-19,26.0,0.3,84,14.1,4.63,Abidjan,5.36,-4.01
2021-03-20,26.4,0.3,85,12.2,4.07,Abidjan,5.36,-4.01
2021-03-21,26.7,3.6,85,13.9,4.06,Abidjan,5.36,-4.01
2021-03-22,26.8,2.3,83,15.1,3.67,Abidjan,5.36,-4.01
2021-03-23,26.4,0.0,85,15.1,3.62,Abidjan,5.36,-4.01
2021-03-24,25.9,1.9,87,10.8,3.08,Abidjan,5.36,-4.01
2021-03-25,26.1,0.1,86,14.6,2.84,Abidjan,5.36,-4.01
2021-03-26,26.1,0.0,87,17.0,4.22,Abidjan,5.36,-4.01
2021-03-27,26.6,3.8,86,13.4,3.86,Abidjan,5.36,-4.01
2021-03-28,26.5,2.4,86,12.7,4.01,Abidjan,5.36,-4.01
2021-03-29,26.5,1.4,87,12.6,3.81,Abidjan,5.36,-4.01
2021-03-30,26.8,1.6,86,12.8,4.2,Abidjan,5.36,-4.01
2021-03-31,27.1,1.5,85,12.4,4.12,Abidjan,5.36,-4.01
2021-04-01,27.7,1.6,83,13.0,4.51,Abidjan,5.36,-4.01
2021-04-02,27.6,1.5,84,13.6,4.3,Abidjan,5.36,-4.01
2021-04-03,27.4,5.0,84,14.7,4.11,Abidjan,5.36,-4.01
2021-04-04,27.4,5.6,83,14.5,4.26,Abidjan,5.36,-4.01
2021-04-05,26.7,3.1,86,13.6,2.98,Abidjan,5.36,-4.01
2021-04-06,27.1,1.9,86,14.4,4.32,Abidjan,5.36,-4.01
2021-04-07,27.5,0.5,85,13.2,4.12,Abidjan,5.36,-4.01
2021-04-08,27.2,9.7,87,14.8,3.84,Abidjan,5.36,-4.01
2021-04-09,26.8,13.4,90,15.1,3.01,Abidjan,5.36,-4.01
2021-04-10,27.1,0.1,85,15.2,3.45,Abidjan,5.36,-4.01
2021-04-11,27.4,1.6,84,16.0,4.55,Abidjan,5.36,-4.01
2021-04-12,27.2,0.4,85,11.4,3.59,Abidjan,5.36,-4.01
2021-04-13,27.3,3.7,85,15.5,4.16,Abidjan,5.36,-4.01
2021-04-14,27.0,1.6,85,14.0,4.02,Abidjan,5.36,-4.01
2021-04-15,27.2,4.5,87,13.2,4.18,Abidjan,5.36,-4.01
2021-04-16,27.6,3.2,82,16.6,4.2,Abidjan,5.36,-4.01
2021-04-17,26.1,15.9,89,9.4,3.35,Abidjan,5.36,-4.01
2021-04-18,26.8,2.6,86,11.9,4.23,Abidjan,5.36,-4.01
2021-04-19,26.7,0.0,87,13.5,2.96,Abidjan,5.36,-4.01
2021-04-20,27.2,0.2,84,15.5,4.49,Abidjan,5.36,-4.01
2021-04-21,27.4,2.5,85,14.7,4.03,Abidjan,5.36,-4.01
2021-04-22,27.0,6.3,88,11.5,3.52,Abidjan,5.36,-4.01
2021-04-23,26.9,12.2,87,15.3,3.99,Abidjan,5.36,-4.01
2021-04-24,27.6,4.2,84,14.1,4.01,Abidjan,5.36,-4.01
2021-04-25,26.0,4.2,90,13.6,2.33,Abidjan,5.36,-4.01
2021-04-26,26.9,3.4,87,13.3,4.08,Abidjan,5.36,-4.01
2021-04-27,26.5,19.4,89,9.9,3.07,Abidjan,5.36,-4.01
2021-04-28,26.5,8.9,89,13.6,3.64,Abidjan,5.36,-4.01
2021-04-29,26.8,1.8,88,12.4,3.78,Abidjan,5.36,-4.01
2021-04-30,27.2,0.8,86,12.7,4.21,Abidjan,5.36,-4.01
2021-05-01,27.1,4.9,87,12.7,4.0,Abidjan,5.36,-4.01
2021-05-02,27.0,2.7,88,17.1,3.76,Abidjan,5.36,-4.01
2021-05-03,26.9,2.8,84,15.5,4.21,Abidjan,5.36,-4.01
2021-05-04,26.1,3.8,88,13.9,3.75,Abidjan,5.36,-4.01
2021-05-05,26.0,12.2,89,13.6,3.12,Abidjan,5.36,-4.01
2021-05-06,25.5,6.8,88,14.9,3.02,Abidjan,5.36,-4.01
2021-05-07,26.0,7.5,89,10.4,3.36,Abidjan,5.36,-4.01
2021-05-08,25.4,11.4,92,12.3,2.36,Abidjan,5.36,-4.01
2021-05-09,25.6,10.0,89,9.0,2.9,Abidjan,5.36,-4.01
2021-05-10,25.7,7.6,90,10.4,3.67,Abidjan,5.36,-4.01
2021-05-11,26.5,0.9,84,13.8,3.75,Abidjan,5.36,-4.01
2021-05-12,26.6,0.7,81,13.4,4.09,Abidjan,5.36,-4.01
2021-05-13,26.9,0.2,81,14.9,4.29,Abidjan,5.36,-4.01
2021-05-14,27.4,2.8,83,13.4,4.45,Abidjan,5.36,-4.01
2021-05-15,26.7,10.3,87,14.7,3.58,Abidjan,5.36,-4.01
2021-05-16,26.3,19.6,90,11.7,3.18,Abidjan,5.36,-4.01
2021-05-17,26.4,2.9,88,16.3,3.64,Abidjan,5.36,-4.01
2021-05-18,25.8,13.7,90,12.4,2.49,Abidjan,5.36,-4.01
2021-05-19,25.9,9.2,90,12.4,3.0,Abidjan,5.36,-4.01
2021-05-20,26.3,8.7,88,13.8,3.73,Abidjan,5.36,-4.01
2021-05-21,25.2,9.2,92,9.7,2.01,Abidjan,5.36,-4.01
2021-05-22,26.1,1.2,85,10.5,3.89,Abidjan,5.36,-4.01
2021-05-23,26.6,0.9,86,11.3,3.69,Abidjan,5.36,-4.01
2021-05-24,26.6,3.9,87,12.6,3.49,Abidjan,5.36,-4.01
2021-05-25,26.6,2.0,88,14.1,3.49,Abidjan,5.36,-4.01
2021-05-26,26.9,2.2,87,14.0,3.71,Abidjan,5.36,-4.01
2021-05-27,26.5,6.7,88,16.2,3.55,Abidjan,5.36,-4.01
2021-05-28,26.7,6.6,89,10.9,3.48,Abidjan,5.36,-4.01
2021-05-29,26.7,3.1,88,14.1,3.6,Abidjan,5.36,-4.01
2021-05-30,26.0,14.2,91,11.8,2.66,Abidjan,5.36,-4.01
2021-05-31,25.4,25.6,93,11.4,2.52,Abidjan,5.36,-4.01
2021-06-01,25.9,10.2,90,10.3,3.01,Abidjan,5.36,-4.01
2021-06-02,26.2,12.1,90,9.7,3.01,Abidjan,5.36,-4.01
2021-06-03,26.4,8.4,89,13.3,3.32,Abidjan,5.36,-4.01
2021-06-04,25.9,15.7,91,14.4,2.73,Abidjan,5.36,-4.01
2021-06-05,25.5,21.3,89,12.0,3.37,Abidjan,5.36,-4.01
2021-06-06,25.7,6.7,89,11.9,3.08,Abidjan,5.36,-4.01
2021-06-07,25.9,6.6,89,12.1,3.35,Abidjan,5.36,-4.01
2021-06-08,26.0,7.5,87,9.8,3.44,Abidjan,5.36,-4.01
2021-06-09,25.7,12.0,91,8.7,2.87,Abidjan,5.36,-4.01
2021-06-10,24.9,21.5,94,11.0,2.33,Abidjan,5.36,-4.01
2021-06-11,24.8,8.1,92,11.2,2.52,Abidjan,5.36,-4.01
2021-06-12,25.5,14.9,91,7.8,2.89,Abidjan,5.36,-4.01
2021-06-13,25.9,11.2,91,11.2,3.39,Abidjan,5.36,-4.01
2021-06-14,25.5,6.0,92,10.7,2.84,Abidjan,5.36,-4.01
2021-06-15,25.5,12.0,90,12.8,2.47,Abidjan,5.36,-4.01
2021-06-16,25.5,7.6,89,14.1,3.55,Abidjan,5.36,-4.01
2021-06-17,26.0,2.4,86,13.6,3.56,Abidjan,5.36,-4.01
2021-06-18,26.0,2.1,83,14.8,3.76,Abidjan,5.36,-4.01
2021-06-19,25.4,7.8,87,11.6,3.26,Abidjan,5.36,-4.01
2021-06-20,24.3,21.6,94,12.5,2.22,Abidjan,5.36,-4.01
2021-06-21,25.0,9.3,88,14.6,2.91,Abidjan,5.36,-4.01
2021-06-22,25.3,9.4,88,11.4,2.89,Abidjan,5.36,-4.01
2021-06-23,24.6,17.5,92,13.4,2.01,Abidjan,5.36,-4.01
2021-06-24,23.8,66.7,95,11.1,1.14,Abidjan,5.36,-4.01
2021-06-25,24.6,15.9,91,12.4,2.47,Abidjan,5.36,-4.01
2021-06-26,25.2,6.2,89,7.4,3.47,Abidjan,5.36,-4.01
2021-06-27,24.2,21.0,92,12.4,2.48,Abidjan,5.36,-4.01
2021-06-28,25.2,8.7,87,15.6,3.73,Abidjan,5.36,-4.01
2021-06-29,25.0,12.1,89,14.7,3.05,Abidjan,5.36,-4.01
2021-06-30,24.6,8.3,91,13.0,3.04,Abidjan,5.36,-4.01
2021-07-01,24.8,3.8,89,11.1,2.9,Abidjan,5.36,-4.01
2021-07-02,24.4,12.7,92,13.4,2.37,Abidjan,5.36,-4.01
2021-07-03,24.1,16.2,93,13.8,1.94,Abidjan,5.36,-4.01
2021-07-04,24.1,6.7,92,15.9,2.34,Abidjan,5.36,-4.01
2021-07-05,24.4,11.7,92,11.8,2.7,Abidjan,5.36,-4.01
2021-07-06,24.1,14.5,93,9.7,2.13,Abidjan,5.36,-4.01
2021-07-07,24.8,5.1,89,13.2,3.4,Abidjan,5.36,-4.01
2021-07-08,24.7,3.9,90,16.2,3.19,Abidjan,5.36,-4.01
2021-07-09,24.7,9.2,89,13.3,3.32,Abidjan,5.36,-4.01
2021-07-10,25.0,1.6,83,15.9,3.97,Abidjan,5.36,-4.01
2021-07-11,24.9,0.9,83,13.8,3.94,Abidjan,5.36,-4.01
2021-07-12,25.1,1.4,82,14.6,3.62,Abidjan,5.36,-4.01
2021-07-13,25.0,0.9,84,16.5,4.01,Abidjan,5.36,-4.01
2021-07-14,24.7,7.3,88,16.4,3.14,Abidjan,5.36,-4.01
2021-07-15,25.2,1.7,83,15.5,3.48,Abidjan,5.36,-4.01
2021-07-16,24.3,18.4,91,15.1,2.01,Abidjan,5.36,-4.01
2021-07-17,24.5,7.7,90,14.2,2.16,Abidjan,5.36,-4.01
2021-07-18,24.8,2.1,85,15.0,2.87,Abidjan,5.36,-4.01
2021-07-19,24.6,1.1,84,15.0,2.94,Abidjan,5.36,-4.01
2021-07-20,24.7,2.5,85,14.5,2.82,Abidjan,5.36,-4.01
2021-07-21,25.2,0.3,81,14.8,3.51,Abidjan,5.36,-4.01
2021-07-22,24.9,2.1,84,15.6,3.4,Abidjan,5.36,-4.01
2021-07-23,24.6,2.1,85,17.7,3.86,Abidjan,5.36,-4.01
2021-07-24,24.1,4.8,87,16.6,3.04,Abidjan,5.36,-4.01
2021-07-25,24.2,1.1,84,16.9,3.44,Abidjan,5.36,-4.01
2021-07-26,24.6,1.2,84,18.9,3.51,Abidjan,5.36,-4.01
2021-07-27,24.8,1.6,85,17.6,3.36,Abidjan,5.36,-4.01
2021-07-28,24.5,1.9,87,15.5,2.71,Abidjan,5.36,-4.01
2021-07-29,24.5,1.6,89,14.2,3.35,Abidjan,5.36,-4.01
2021-07-30,24.8,1.4,89,15.9,3.78,Abidjan,5.36,-4.01
2021-07-31,24.6,10.8,89,16.3,2.84,Abidjan,5.36,-4.01
2021-08-01,24.5,3.0,89,14.2,3.13,Abidjan,5.36,-4.01
2021-08-02,24.6,1.0,88,13.9,3.6,Abidjan,5.36,-4.01
2021-08-03,24.8,2.3,88,15.1,3.25,Abidjan,5.36,-4.01
2021-08-04,24.8,5.0,89,15.5,2.81,Abidjan,5.36,-4.01
2021-08-05,24.7,2.0,88,18.7,3.12,Abidjan,5.36,-4.01
2021-08-06,24.6,1.3,88,14.6,3.27,Abidjan,5.36,-4.01
2021-08-07,25.2,3.1,85,16.3,4.0,Abidjan,5.36,-4.01
2021-08-08,24.9,2.1,88,20.9,3.58,Abidjan,5.36,-4.01
2021-08-09,24.3,8.2,90,16.3,3.05,Abidjan,5.36,-4.01
2021-08-10,24.8,6.6,87,15.5,3.75,Abidjan,5.36,-4.01
2021-08-11,24.2,8.4,90,16.3,2.57,Abidjan,5.36,-4.01
2021-08-12,24.5,2.7,89,18.4,2.77,Abidjan,5.36,-4.01
2021-08-13,24.4,2.9,87,18.4,3.66,Abidjan,5.36,-4.01
2021-08-14,24.1,0.0,84,14.7,4.08,Abidjan,5.36,-4.01
2021-08-15,24.1,0.4,86,18.4,3.71,Abidjan,5.36,-4.01
2021-08-16,24.2,0.6,86,17.5,3.36,Abidjan,5.36,-4.01
2021-08-17,24.6,1.3,86,16.4,3.6,Abidjan,5.36,-4.01
2021-08-18,24.2,1.6,87,16.1,3.9,Abidjan,5.36,-4.01
2021-08-19,24.5,1.7,86,14.5,3.5,Abidjan,5.36,-4.01
2021-08-20,24.4,8.3,89,15.4,2.81,Abidjan,5.36,-4.01
2021-08-21,24.4,9.2,89,16.2,2.72,Abidjan,5.36,-4.01
2021-08-22,24.0,6.3,92,15.9,2.21,Abidjan,5.36,-4.01
2021-08-23,24.3,3.0,91,9.7,2.49,Abidjan,5.36,-4.01
2021-08-24,24.5,15.0,92,11.8,2.9,Abidjan,5.36,-4.01
2021-08-25,24.1,9.6,93,13.3,2.24,Abidjan,5.36,-4.01
2021-08-26,24.5,3.4,91,12.6,3.08,Abidjan,5.36,-4.01
2021-08-27,25.1,0.9,88,14.7,3.93,Abidjan,5.36,-4.01
2021-08-28,25.1,5.8,89,17.0,3.24,Abidjan,5.36,-4.01
2021-08-29,24.6,8.7,90,15.0,2.78,Abidjan,5.36,-4.01
2021-08-30,24.2,3.5,92,15.6,1.97,Abidjan,5.36,-4.01
2021-08-31,24.7,7.6,91,10.8,3.13,Abidjan,5.36,-4.01
2021-09-01,24.9,10.3,89,12.2,3.47,Abidjan,5.36,-4.01
2021-09-02,24.8,17.8,89,19.0,2.87,Abidjan,5.36,-4.01
2021-09-03,24.5,11.0,90,18.9,2.88,Abidjan,5.36,-4.01
2021-09-04,24.2,12.6,92,17.4,2.53,Abidjan,5.36,-4.01
2021-09-05,24.3,5.7,90,13.1,2.77,Abidjan,5.36,-4.01
2021-09-06,24.8,1.2,89,18.4,3.41,Abidjan,5.36,-4.01
2021-09-07,24.6,0.6,90,13.1,3.25,Abidjan,5.36,-4.01
2021-09-08,25.0,1.8,89,13.6,3.83,Abidjan,5.36,-4.01
2021-09-09,25.2,4.7,89,17.1,3.75,Abidjan,5.36,-4.01
2021-09-10,24.6,3.5,90,15.2,2.58,Abidjan,5.36,-4.01
2021-09-11,25.2,6.9,88,11.2,3.7,Abidjan,5.36,-4.01
2021-09-12,25.1,5.0,89,14.2,3.68,Abidjan,5.36,-4.01
2021-09-13,25.1,4.1,90,15.9,3.53,Abidjan,5.36,-4.01
2021-09-14,24.5,15.0,93,13.0,2.29,Abidjan,5.36,-4.01
2021-09-15,23.9,12.0,93,16.6,1.57,Abidjan,5.36,-4.01
2021-09-16,24.6,2.3,92,13.5,3.01,Abidjan,5.36,-4.01
2021-09-17,24.8,8.7,91,10.8,3.15,Abidjan,5.36,-4.01
2021-09-18,24.8,11.1,90,12.6,3.4,Abidjan,5.36,-4.01
2021-09-19,24.8,8.4,91,11.0,3.66,Abidjan,5.36,-4.01
2021-09-20,25.0,11.6,89,13.0,3.84,Abidjan,5.36,-4.01
2021-09-21,25.1,7.6,90,14.9,3.28,Abidjan,5.36,-4.01
2021-09-22,24.9,14.9,90,11.5,2.83,Abidjan,5.36,-4.01
2021-09-23,25.4,1.6,88,14.5,4.16,Abidjan,5.36,-4.01
2021-09-24,25.7,7.5,88,13.5,3.73,Abidjan,5.36,-4.01
2021-09-25,24.7,24.1,91,15.3,2.53,Abidjan,5.36,-4.01
2021-09-26,24.6,16.1,91,11.5,2.48,Abidjan,5.36,-4.01
2021-09-27,25.1,6.7,89,11.7,3.38,Abidjan,5.36,-4.01
2021-09-28,24.8,10.8,89,12.5,3.43,Abidjan,5.36,-4.01
2021-09-29,24.9,2.9,90,13.9,3.4,Abidjan,5.36,-4.01
2021-09-30,25.0,7.2,90,10.9,3.64,Abidjan,5.36,-4.01
2021-10-01,24.9,16.4,90,11.0,3.16,Abidjan,5.36,-4.01
2021-10-02,24.5,15.5,92,11.3,2.5,Abidjan,5.36,-4.01
2021-10-03,24.9,3.7,90,11.0,2.38,Abidjan,5.36,-4.01
2021-10-04,25.7,2.4,90,11.3,4.03,Abidjan,5.36,-4.01
2021-10-05,25.5,3.6,91,12.4,3.86,Abidjan,5.36,-4.01
2021-10-06,25.3,7.6,91,14.2,2.88,Abidjan,5.36,-4.01
2021-10-07,24.6,14.3,93,10.9,2.23,Abidjan,5.36,-4.01
2021-10-08,25.4,1.7,89,12.1,3.61,Abidjan,5.36,-4.01
2021-10-09,25.9,7.2,88,13.6,3.85,Abidjan,5.36,-4.01
2021-10-10,25.4,9.7,90,14.6,3.22,Abidjan,5.36,-4.01
2021-10-11,25.4,15.7,91,9.8,3.11,Abidjan,5.36,-4.01
2021-10-12,25.3,7.8,92,10.7,3.17,Abidjan,5.36,-4.01
2021-10-13,25.3,10.5,90,8.8,3.68,Abidjan,5.36,-4.01
2021-10-14,26.2,2.8,88,14.0,3.86,Abidjan,5.36,-4.01
2021-10-15,26.0,1.6,87,11.1,3.92,Abidjan,5.36,-4.01
2021-10-16,25.6,1.4,88,11.4,3.63,Abidjan,5.36,-4.01
2021-10-17,25.7,1.4,87,13.9,3.73,Abidjan,5.36,-4.01
2021-10-18,25.2,8.1,88,15.7,3.59,Abidjan,5.36,-4.01
2021-10-19,25.2,7.9,89,14.1,3.16,Abidjan,5.36,-4.01
2021-10-20,25.7,1.4,87,15.3,3.72,Abidjan,5.36,-4.01
2021-10-21,25.3,6.9,90,12.2,3.27,Abidjan,5.36,-4.01
2021-10-22,24.7,16.2,91,10.1,2.46,Abidjan,5.36,-4.01
2021-10-23,24.8,8.4,90,10.6,2.65,Abidjan,5.36,-4.01
2021-10-24,24.9,12.0,90,10.6,2.95,Abidjan,5.36,-4.01
2021-10-25,25.1,3.9,89,12.5,3.25,Abidjan,5.36,-4.01
2021-10-26,25.1,11.1,89,12.3,3.21,Abidjan,5.36,-4.01
2021-10-27,25.3,2.5,89,13.3,3.73,Abidjan,5.36,-4.01
2021-10-28,25.3,6.4,89,14.1,3.67,Abidjan,5.36,-4.01
2021-10-29,25.2,3.6,89,14.5,3.8,Abidjan,5.36,-4.01
2021-10-30,25.3,9.4,89,8.8,3.49,Abidjan,5.36,-4.01
2021-10-31,25.4,2.1,89,14.2,3.53,Abidjan,5.36,-4.01
2021-11-01,25.7,2.7,86,14.6,3.88,Abidjan,5.36,-4.01
2021-11-02,25.2,8.6,88,10.9,3.39,Abidjan,5.36,-4.01
2021-11-03,25.4,15.0,90,8.9,3.54,Abidjan,5.36,-4.01
2021-11-04,25.8,9.1,87,10.5,4.06,Abidjan,5.36,-4.01
2021-11-05,25.9,11.3,87,10.8,3.71,Abidjan,5.36,-4.01
2021-11-06,25.4,1.0,87,8.9,4.15,Abidjan,5.36,-4.01
2021-11-07,25.5,1.5,90,12.0,3.71,Abidjan,5.36,-4.01
2021-11-08,25.7,7.5,88,10.0,3.37,Abidjan,5.36,-4.01
2021-11-09,25.4,12.2,91,11.4,3.06,Abidjan,5.36,-4.01
2021-11-10,25.0,6.4,91,12.6,2.52,Abidjan,5.36,-4.01
2021-11-11,25.3,9.6,90,9.8,3.32,Abidjan,5.36,-4.01
2021-11-12,25.7,5.6,89,10.6,3.04,Abidjan,5.36,-4.01
2021-11-13,25.0,15.4,91,8.8,3.07,Abidjan,5.36,-4.01
2021-11-14,25.8,1.6,88,12.8,3.87,Abidjan,5.36,-4.01
2021-11-15,26.2,1.8,87,10.2,3.83,Abidjan,5.36,-4.01
2021-11-16,25.0,7.3,90,12.6,2.9,Abidjan,5.36,-4.01
2021-11-17,25.6,0.5,87,10.5,3.93,Abidjan,5.36,-4.01
2021-11-18,25.8,18.3,88,11.9,3.75,Abidjan,5.36,-4.01
2021-11-19,25.9,1.3,89,13.8,3.62,Abidjan,5.36,-4.01
2021-11-20,26.5,6.1,89,12.2,3.77,Abidjan,5.36,-4.01
2021-11-21,26.1,3.5,90,10.7,3.51,Abidjan,5.36,-4.01
2021-11-22,25.9,9.0,87,9.2,3.04,Abidjan,5.36,-4.01
2021-11-23,25.9,2.9,88,12.6,3.67,Abidjan,5.36,-4.01
2021-11-24,26.6,1.0,86,8.3,3.7,Abidjan,5.36,-4.01
2021-11-25,26.4,3.5,86,11.0,3.81,Abidjan,5.36,-4.01
2021-11-26,26.2,3.7,87,10.3,3.41,Abidjan,5.36,-4.01
2021-11-27,25.5,3.1,89,10.2,3.06,Abidjan,5.36,-4.01
2021-11-28,25.8,2.2,88,10.5,3.48,Abidjan,5.36,-4.01
2021-11-29,25.8,2.7,88,11.8,3.28,Abidjan,5.36,-4.01
2021-11-30,25.6,4.4,88,9.0,3.42,Abidjan,5.36,-4.01
2021-12-01,26.0,2.1,88,8.8,3.4,Abidjan,5.36,-4.01
2021-12-02,26.3,3.2,86,11.6,3.67,Abidjan,5.36,-4.01
2021-12-03,26.6,1.1,86,10.3,3.54,Abidjan,5.36,-4.01
2021-12-04,26.7,0.7,84,10.1,3.88,Abidjan,5.36,-4.01
2021-12-05,26.7,1.2,85,9.7,3.55,Abidjan,5.36,-4.01
2021-12-06,26.6,1.7,85,13.3,3.6,Abidjan,5.36,-4.01
2021-12-07,26.8,0.8,85,10.1,3.63,Abidjan,5.36,-4.01
2021-12-08,26.1,3.5,87,11.5,3.34,Abidjan,5.36,-4.01
2021-12-09,26.4,3.0,86,11.3,3.6,Abidjan,5.36,-4.01
2021-12-10,26.5,2.5,87,10.3,3.44,Abidjan,5.36,-4.01
2021-12-11,26.2,3.6,86,11.5,3.6,Abidjan,5.36,-4.01
2021-12-12,26.3,1.7,88,8.7,3.27,Abidjan,5.36,-4.01
2021-12-13,26.7,4.4,87,11.2,2.96,Abidjan,5.36,-4.01
2021-12-14,26.6,2.6,87,10.5,3.3,Abidjan,5.36,-4.01
2021-12-15,26.4,0.7,87,11.3,3.35,Abidjan,5.36,-4.01
2021-12-16,25.6,10.0,89,12.9,2.92,Abidjan,5.36,-4.01
2021-12-17,26.5,1.0,86,10.3,3.75,Abidjan,5.36,-4.01
2021-12-18,27.0,0.7,84,10.9,3.86,Abidjan,5.36,-4.01
2021-12-19,26.5,1.4,84,9.4,3.85,Abidjan,5.36,-4.01
2021-12-20,26.9,0.6,82,11.9,4.01,Abidjan,5.36,-4.01
2021-12-21,26.6,0.5,84,10.8,4.05,Abidjan,5.36,-4.01
2021-12-22,26.8,0.0,83,12.1,4.24,Abidjan,5.36,-4.01
2021-12-23,27.0,0.0,82,12.7,4.01,Abidjan,5.36,-4.01
2021-12-24,26.6,5.5,86,12.6,3.65,Abidjan,5.36,-4.01
2021-12-25,26.6,1.1,86,12.1,3.56,Abidjan,5.36,-4.01
2021-12-26,27.9,0.0,81,10.9,4.04,Abidjan,5.36,-4.01
2021-12-27,26.3,4.4,87,10.8,3.2,Abidjan,5.36,-4.01
2021-12-28,26.5,4.3,85,13.4,3.54,Abidjan,5.36,-4.01
2021-12-29,26.9,1.1,82,12.6,3.81,Abidjan,5.36,-4.01
2021-12-30,26.9,1.0,85,15.4,3.78,Abidjan,5.36,-4.01
2021-12-31,26.4,8.4,86,10.6,3.36,Abidjan,5.36,-4.01
2020-01-01,24.5,0.0,29,12.4,5.79,Bouaké,7.69,-5.03
2020-01-02,23.9,0.0,27,13.1,5.96,Bouaké,7.69,-5.03
2020-01-03,23.1,0.0,26,13.0,6.11,Bouaké,7.69,-5.03
2020-01-04,22.9,0.0,25,12.3,5.93,Bouaké,7.69,-5.03
2020-01-05,23.2,0.0,30,11.9,5.5,Bouaké,7.69,-5.03
2020-01-06,24.2,0.0,32,11.2,5.35,Bouaké,7.69,-5.03
2020-01-07,25.3,0.0,35,12.2,5.34,Bouaké,7.69,-5.03
2020-01-08,26.8,0.0,38,12.6,4.83,Bouaké,7.69,-5.03
2020-01-09,27.4,0.0,43,9.8,5.08,Bouaké,7.69,-5.03
2020-01-10,26.9,0.0,50,10.0,5.07,Bouaké,7.69,-5.03
2020-01-11,25.8,0.3,69,12.7,3.48,Bouaké,7.69,-5.03
2020-01-12,27.2,0.0,62,9.2,4.5,Bouaké,7.69,-5.03
2020-01-13,26.4,0.0,37,11.7,5.7,Bouaké,7.69,-5.03
2020-01-14,25.9,0.0,29,13.2,6.08,Bouaké,7.69,-5.03
2020-01-15,26.0,0.0,31,12.2,5.73,Bouaké,7.69,-5.03
2020-01-16,26.8,0.0,29,12.6,6.21,Bouaké,7.69,-5.03
2020-01-17,27.1,0.0,33,9.9,5.53,Bouaké,7.69,-5.03
2020-01-18,26.3,0.0,52,9.5,4.8,Bouaké,7.69,-5.03
2020-01-19,25.9,0.0,31,12.7,6.01,Bouaké,7.69,-5.03
2020-01-20,26.6,0.0,50,11.9,5.12,Bouaké,7.69,-5.03
2020-01-21,26.4,1.7,78,10.9,3.4,Bouaké,7.69,-5.03
2020-01-22,26.7,0.4,76,9.9,3.48,Bouaké,7.69,-5.03
2020-01-23,27.9,0.0,59,9.9,5.09,Bouaké,7.69,-5.03
2020-01-24,27.3,0.0,27,11.7,6.03,Bouaké,7.69,-5.03
2020-01-25,26.1,0.0,29,13.3,6.38,Bouaké,7.69,-5.03
2020-01-26,25.4,0.0,39,10.8,5.57,Bouaké,7.69,-5.03
2020-01-27,27.1,0.0,41,10.8,5.34,Bouaké,7.69,-5.03
2020-01-28,27.7,0.0,50,10.4,4.97,Bouaké,7.69,-5.03
2020-01-29,27.8,0.0,36,10.4,5.55,Bouaké,7.69,-5.03
2020-01-30,27.0,0.0,25,10.3,5.9,Bouaké,7.69,-5.03
2020-01-31,26.1,0.0,51,11.9,5.32,Bouaké,7.69,-5.03
2020-02-01,27.3,0.0,39,11.5,5.8,Bouaké,7.69,-5.03
2020-02-02,26.4,0.0,27,11.3,5.99,Bouaké,7.69,-5.03
2020-02-03,25.9,0.0,20,13.4,6.52,Bouaké,7.69,-5.03
2020-02-04,25.5,0.0,19,12.2,6.52,Bouaké,7.69,-5.03
2020-02-05,25.8,0.0,20,13.4,6.15,Bouaké,7.69,-5.03
2020-02-06,26.0,0.0,23,11.2,6.31,Bouaké,7.69,-5.03
2020-02-07,26.6,0.0,22,11.9,6.46,Bouaké,7.69,-5.03
2020-02-08,27.1,0.0,19,13.0,6.63,Bouaké,7.69,-5.03
2020-02-09,27.2,0.0,34,9.7,5.59,Bouaké,7.69,-5.03
2020-02-10,28.0,0.1,58,13.0,4.64,Bouaké,7.69,-5.03
2020-02-11,28.2,1.9,52,14.5,4.89,Bouaké,7.69,-5.03
2020-02-12,27.8,0.0,14,15.0,6.74,Bouaké,7.69,-5.03
2020-02-13,27.0,0.0,19,13.0,7.07,Bouaké,7.69,-5.03
2020-02-14,26.9,0.0,19,12.2,6.67,Bouaké,7.69,-5.03
2020-02-15,27.3,0.0,19,12.1,6.47,Bouaké,7.69,-5.03
2020-02-16,27.8,0.0,17,12.6,6.84,Bouaké,7.69,-5.03
2020-02-17,28.1,0.0,38,12.1,5.91,Bouaké,7.69,-5.03
2020-02-18,28.5,0.0,62,16.3,4.85,Bouaké,7.69,-5.03
2020-02-19,29.2,0.0,60,12.3,4.9,Bouaké,7.69,-5.03
2020-02-20,28.7,0.3,66,11.0,4.56,Bouaké,7.69,-5.03
2020-02-21,28.6,0.6,68,13.0,4.39,Bouaké,7.69,-5.03
2020-02-22,29.9,0.0,60,12.4,5.15,Bouaké,7.69,-5.03
2020-02-23,29.8,0.1,61,10.7,4.89,Bouaké,7.69,-5.03
2020-02-24,29.9,0.0,54,11.9,5.33,Bouaké,7.69,-5.03
2020-02-25,29.4,0.0,44,11.9,6.19,Bouaké,7.69,-5.03
2020-02-26,28.6,0.0,43,12.5,5.85,Bouaké,7.69,-5.03
2020-02-27,29.0,0.0,58,13.9,4.72,Bouaké,7.69,-5.03
2020-02-28,29.3,0.0,61,13.0,4.77,Bouaké,7.69,-5.03
2020-02-29,29.9,0.0,57,11.2,5.31,Bouaké,7.69,-5.03
2020-03-01,30.3,0.0,51,12.0,5.61,Bouaké,7.69,-5.03
2020-03-02,29.2,0.5,67,13.2,4.37,Bouaké,7.69,-5.03
2020-03-03,28.7,3.4,71,12.4,3.99,Bouaké,7.69,-5.03
2020-03-04,28.0,0.1,73,12.0,4.36,Bouaké,7.69,-5.03
2020-03-05,26.9,10.3,80,12.7,3.79,Bouaké,7.69,-5.03
2020-03-06,26.6,10.2,84,13.7,3.71,Bouaké,7.69,-5.03
2020-03-07,27.6,1.0,75,12.5,4.08,Bouaké,7.69,-5.03
2020-03-08,28.3,3.2,73,13.6,4.36,Bouaké,7.69,-5.03
2020-03-09,27.6,6.3,78,11.7,3.45,Bouaké,7.69,-5.03
2020-03-10,25.9,5.9,87,13.3,3.03,Bouaké,7.69,-5.03
2020-03-11,27.3,0.4,78,13.5,4.16,Bouaké,7.69,-5.03
2020-03-12,29.5,0.2,62,12.0,5.29,Bouaké,7.69,-5.03
2020-03-13,28.2,0.4,73,12.8,4.43,Bouaké,7.69,-5.03
2020-03-14,28.5,0.4,71,14.7,4.33,Bouaké,7.69,-5.03
2020-03-15,27.7,0.7,76,14.3,3.65,Bouaké,7.69,-5.03
2020-03-16,28.0,0.1,74,10.5,4.75,Bouaké,7.69,-5.03
2020-03-17,28.4,1.1,70,15.0,4.51,Bouaké,7.69,-5.03
2020-03-18,28.2,1.9,73,14.5,4.48,Bouaké,7.69,-5.03
2020-03-19,27.4,1.0,77,15.1,4.02,Bouaké,7.69,-5.03
2020-03-20,28.3,0.2,73,12.6,4.33,Bouaké,7.69,-5.03
2020-03-21,27.3,6.0,79,12.5,4.08,Bouaké,7.69,-5.03
2020-03-22,26.3,5.3,86,14.1,3.6,Bouaké,7.69,-5.03
2020-03-23,26.0,10.1,80,16.9,3.35,Bouaké,7.69,-5.03
2020-03-24,25.8,8.3,83,14.2,3.21,Bouaké,7.69,-5.03
2020-03-25,25.3,16.8,84,10.0,3.47,Bouaké,7.69,-5.03
2020-03-26,26.4,15.4,84,10.4,4.29,Bouaké,7.69,-5.03
2020-03-27,25.6,15.7,84,9.4,2.6,Bouaké,7.69,-5.03
2020-03-28,27.2,2.1,79,10.9,4.35,Bouaké,7.69,-5.03
2020-03-29,26.3,12.7,87,10.8,3.76,Bouaké,7.69,-5.03
2020-03-30,27.7,0.0,76,11.5,4.36,Bouaké,7.69,-5.03
2020-03-31,27.7,0.0,78,12.7,3.48,Bouaké,7.69,-5.03
2020-04-01,26.8,4.1,83,13.1,3.45,Bouaké,7.69,-5.03
2020-04-02,27.3,0.0,74,11.5,3.66,Bouaké,7.69,-5.03
2020-04-03,28.7,0.1,68,12.9,5.55,Bouaké,7.69,-5.03
2020-04-04,27.7,0.0,73,15.1,4.03,Bouaké,7.69,-5.03
2020-04-05,28.7,0.0,70,11.4,4.92,Bouaké,7.69,-5.03
2020-04-06,27.3,0.2,76,15.1,3.2,Bouaké,7.69,-5.03
2020-04-07,27.3,0.1,75,14.5,4.02,Bouaké,7.69,-5.03
2020-04-08,27.2,17.5,77,12.4,4.42,Bouaké,7.69,-5.03
2020-04-09,25.8,7.7,80,12.1,2.78,Bouaké,7.69,-5.03
2020-04-10,25.6,8.0,82,11.3,3.63,Bouaké,7.69,-5.03
2020-04-11,26.5,1.3,75,9.4,4.68,Bouaké,7.69,-5.03
2020-04-12,27.6,0.0,72,10.4,4.98,Bouaké,7.69,-5.03
2020-04-13,27.8,0.1,73,11.8,4.79,Bouaké,7.69,-5.03
2020-04-14,27.1,3.6,79,11.0,4.42,Bouaké,7.69,-5.03
2020-04-15,26.0,13.7,86,13.0,3.39,Bouaké,7.69,-5.03
2020-04-16,28.7,0.0,71,11.7,4.82,Bouaké,7.69,-5.03
2020-04-17,28.5,0.3,68,13.4,5.4,Bouaké,7.69,-5.03
2020-04-18,27.3,0.6,76,15.2,4.52,Bouaké,7.69,-5.03
2020-04-19,27.9,0.0,74,14.7,4.98,Bouaké,7.69,-5.03
2020-04-20,26.0,5.9,84,13.0,3.59,Bouaké,7.69,-5.03
2020-04-21,27.6,0.0,68,8.7,5.33,Bouaké,7.69,-5.03
2020-04-22,27.5,0.7,72,13.3,5.09,Bouaké,7.69,-5.03
2020-04-23,26.9,2.1,81,9.4,3.81,Bouaké,7.69,-5.03
2020-04-24,26.1,12.2,83,10.1,3.33,Bouaké,7.69,-5.03
2020-04-25,27.4,0.6,71,11.0,4.88,Bouaké,7.69,-5.03
2020-04-26,25.8,6.0,87,11.4,3.98,Bouaké,7.69,-5.03
2020-04-27,25.5,0.0,83,11.6,3.28,Bouaké,7.69,-5.03
2020-04-28,26.9,0.1,74,9.8,5.14,Bouaké,7.69,-5.03
2020-04-29,27.2,0.1,76,12.3,4.48,Bouaké,7.69,-5.03
2020-04-30,26.6,0.6,82,13.0,3.88,Bouaké,7.69,-5.03
2020-05-01,27.0,3.9,78,10.1,3.8,Bouaké,7.69,-5.03
2020-05-02,28.0,9.5,74,9.3,5.21,Bouaké,7.69,-5.03
2020-05-03,26.5,2.0,84,14.7,3.49,Bouaké,7.69,-5.03
2020-05-04,26.8,0.5,77,12.2,3.47,Bouaké,7.69,-5.03
2020-05-05,27.7,0.0,74,9.3,4.67,Bouaké,7.69,-5.03
2020-05-06,26.7,2.8,83,10.7,3.9,Bouaké,7.69,-5.03
2020-05-07,27.4,0.7,80,13.8,3.67,Bouaké,7.69,-5.03
2020-05-08,27.6,0.2,77,13.9,4.45,Bouaké,7.69,-5.03
2020-05-09,27.4,0.1,77,11.6,4.1,Bouaké,7.69,-5.03
2020-05-10,27.9,0.0,70,12.8,4.77,Bouaké,7.69,-5.03
2020-05-11,24.9,29.6,91,10.3,2.1,Bouaké,7.69,-5.03
2020-05-12,27.0,0.1,74,12.1,4.68,Bouaké,7.69,-5.03
2020-05-13,27.6,0.0,71,11.2,4.75,Bouaké,7.69,-5.03
2020-05-14,27.5,1.7,77,9.5,4.67,Bouaké,7.69,-5.03
2020-05-15,27.1,14.1,82,11.1,4.34,Bouaké,7.69,-5.03
2020-05-16,27.2,0.1,76,10.7,3.96,Bouaké,7.69,-5.03
2020-05-17,26.6,8.6,83,13.2,4.18,Bouaké,7.69,-5.03
2020-05-18,25.4,5.1,86,18.9,2.47,Bouaké,7.69,-5.03
2020-05-19,27.1,0.6,75,10.8,4.37,Bouaké,7.69,-5.03
2020-05-20,26.7,0.4,76,15.3,3.43,Bouaké,7.69,-5.03
2020-05-21,27.3,0.4,77,11.7,4.0,Bouaké,7.69,-5.03
2020-05-22,26.9,0.8,78,15.0,4.08,Bouaké,7.69,-5.03
2020-05-23,26.9,0.3,75,16.0,4.22,Bouaké,7.69,-5.03
2020-05-24,26.8,0.4,79,13.8,4.0,Bouaké,7.69,-5.03
2020-05-25,25.7,10.3,86,10.5,3.15,Bouaké,7.69,-5.03
2020-05-26,25.3,2.5,86,11.2,3.04,Bouaké,7.69,-5.03
2020-05-27,26.0,6.2,82,9.8,3.84,Bouaké,7.69,-5.03
2020-05-28,25.7,6.4,86,8.9,3.65,Bouaké,7.69,-5.03
2020-05-29,26.3,6.2,79,10.8,3.46,Bouaké,7.69,-5.03
2020-05-30,26.2,0.0,76,9.4,3.4,Bouaké,7.69,-5.03
2020-05-31,25.7,0.8,81,11.0,2.91,Bouaké,7.69,-5.03
2020-06-01,26.5,1.3,79,10.2,3.96,Bouaké,7.69,-5.03
2020-06-02,25.3,12.0,83,8.7,2.94,Bouaké,7.69,-5.03
2020-06-03,26.3,0.9,80,9.1,3.89,Bouaké,7.69,-5.03
2020-06-04,27.1,0.3,77,13.3,4.63,Bouaké,7.69,-5.03
2020-06-05,26.7,0.4,82,12.6,3.55,Bouaké,7.69,-5.03
2020-06-06,26.2,4.2,80,10.8,3.58,Bouaké,7.69,-5.03
2020-06-07,24.2,16.1,94,9.1,1.97,Bouaké,7.69,-5.03
2020-06-08,25.9,0.0,78,8.9,3.67,Bouaké,7.69,-5.03
2020-06-09,25.5,1.4,84,10.0,3.47,Bouaké,7.69,-5.03
2020-06-10,23.9,2.1,88,12.1,2.37,Bouaké,7.69,-5.03
2020-06-11,24.3,1.3,85,9.0,2.59,Bouaké,7.69,-5.03
2020-06-12,25.5,0.7,80,11.2,3.52,Bouaké,7.69,-5.03
2020-06-13,24.9,3.2,85,11.4,3.37,Bouaké,7.69,-5.03
2020-06-14,24.9,5.5,86,10.8,3.43,Bouaké,7.69,-5.03
2020-06-15,25.8,1.6,81,8.8,3.97,Bouaké,7.69,-5.03
2020-06-16,26.4,0.8,77,9.7,4.05,Bouaké,7.69,-5.03
2020-06-17,25.6,2.8,82,15.1,3.05,Bouaké,7.69,-5.03
2020-06-18,23.9,3.0,88,12.0,2.06,Bouaké,7.69,-5.03
2020-06-19,24.3,1.5,89,10.7,2.4,Bouaké,7.69,-5.03
2020-06-20,24.4,8.8,87,7.1,2.39,Bouaké,7.69,-5.03
2020-06-21,25.9,0.3,79,10.8,3.25,Bouaké,7.69,-5.03
2020-06-22,25.6,1.1,80,11.9,4.09,Bouaké,7.69,-5.03
2020-06-23,24.8,1.3,84,10.5,3.05,Bouaké,7.69,-5.03
2020-06-24,25.5,0.7,81,11.0,3.88,Bouaké,7.69,-5.03
2020-06-25,25.4,2.8,84,10.2,3.98,Bouaké,7.69,-5.03
2020-06-26,25.3,2.2,83,10.7,3.07,Bouaké,7.69,-5.03
2020-06-27,24.4,1.8,88,12.5,2.5,Bouaké,7.69,-5.03
2020-06-28,25.0,0.6,81,13.2,3.21,Bouaké,7.69,-5.03
2020-06-29,24.8,5.1,84,13.0,3.43,Bouaké,7.69,-5.03
2020-06-30,24.3,1.2,85,12.2,3.14,Bouaké,7.69,-5.03
2020-07-01,24.1,6.2,90,9.2,2.6,Bouaké,7.69,-5.03
2020-07-02,24.2,6.8,87,9.7,2.81,Bouaké,7.69,-5.03
2020-07-03,25.0,3.2,83,14.1,3.85,Bouaké,7.69,-5.03
2020-07-04,24.2,2.8,87,15.9,2.52,Bouaké,7.69,-5.03
2020-07-05,24.0,5.9,84,15.8,3.33,Bouaké,7.69,-5.03
2020-07-06,25.2,0.2,78,9.3,4.08,Bouaké,7.69,-5.03
2020-07-07,25.3,0.3,77,14.5,3.43,Bouaké,7.69,-5.03
2020-07-08,24.7,1.1,82,15.5,2.84,Bouaké,7.69,-5.03
2020-07-09,24.1,1.1,84,16.1,2.39,Bouaké,7.69,-5.03
2020-07-10,22.9,3.5,91,13.6,1.37,Bouaké,7.69,-5.03
2020-07-11,22.2,8.0,95,15.0,1.64,Bouaké,7.69,-5.03
2020-07-12,23.7,0.6,85,10.1,2.9,Bouaké,7.69,-5.03
2020-07-13,23.8,5.0,87,10.8,2.72,Bouaké,7.69,-5.03
2020-07-14,23.4,8.2,92,13.2,2.72,Bouaké,7.69,-5.03
2020-07-15,23.6,1.9,88,13.0,1.44,Bouaké,7.69,-5.03
2020-07-16,23.6,0.2,81,15.3,1.99,Bouaké,7.69,-5.03
2020-07-17,23.0,14.1,90,10.5,2.24,Bouaké,7.69,-5.03
2020-07-18,23.1,4.9,90,12.5,1.79,Bouaké,7.69,-5.03
2020-07-19,24.9,2.6,85,10.1,4.16,Bouaké,7.69,-5.03
2020-07-20,24.8,2.6,82,12.5,3.75,Bouaké,7.69,-5.03
2020-07-21,24.4,7.9,87,10.3,3.49,Bouaké,7.69,-5.03
2020-07-22,24.3,8.0,90,10.6,3.37,Bouaké,7.69,-5.03
2020-07-23,24.3,4.7,87,12.4,3.39,Bouaké,7.69,-5.03
2020-07-24,24.3,6.0,86,15.1,3.04,Bouaké,7.69,-5.03
2020-07-25,22.8,19.4,94,13.0,2.07,Bouaké,7.69,-5.03
2020-07-26,23.6,1.7,82,15.3,2.87,Bouaké,7.69,-5.03
2020-07-27,23.2,0.7,83,15.0,2.51,Bouaké,7.69,-5.03
2020-07-28,23.2,0.6,85,12.4,2.59,Bouaké,7.69,-5.03
2020-07-29,24.1,1.5,84,10.4,3.53,Bouaké,7.69,-5.03
2020-07-30,24.5,1.0,80,11.0,3.58,Bouaké,7.69,-5.03
2020-07-31,24.1,13.9,88,12.8,3.13,Bouaké,7.69,-5.03
2020-08-01,22.7,62.4,94,11.5,1.39,Bouaké,7.69,-5.03
2020-08-02,24.5,0.9,79,15.3,4.09,Bouaké,7.69,-5.03
2020-08-03,23.9,0.1,74,14.5,4.06,Bouaké,7.69,-5.03
2020-08-04,23.3,0.1,72,16.3,4.02,Bouaké,7.69,-5.03
2020-08-05,23.7,0.0,67,14.5,5.57,Bouaké,7.69,-5.03
2020-08-06,23.0,0.0,74,17.6,3.47,Bouaké,7.69,-5.03
2020-08-07,23.0,0.2,81,14.6,2.52,Bouaké,7.69,-5.03
2020-08-08,23.0,1.2,85,15.1,2.75,Bouaké,7.69,-5.03
2020-08-09,23.4,0.7,81,12.7,3.37,Bouaké,7.69,-5.03
2020-08-10,23.9,2.1,81,14.5,3.45,Bouaké,7.69,-5.03
2020-08-11,23.7,2.2,82,18.1,2.6,Bouaké,7.69,-5.03
2020-08-12,23.3,1.0,80,11.3,2.2,Bouaké,7.69,-5.03
2020-08-13,24.8,0.0,74,10.9,4.28,Bouaké,7.69,-5.03
2020-08-14,25.1,1.7,75,10.5,4.28,Bouaké,7.69,-5.03
2020-08-15,22.8,5.1,92,15.8,1.44,Bouaké,7.69,-5.03
2020-08-16,24.2,0.2,77,14.0,3.18,Bouaké,7.69,-5.03
2020-08-17,24.3,0.5,76,12.6,3.14,Bouaké,7.69,-5.03
2020-08-18,24.2,0.8,80,14.3,3.27,Bouaké,7.69,-5.03
2020-08-19,24.7,1.6,78,13.9,3.93,Bouaké,7.69,-5.03
2020-08-20,25.0,3.5,80,13.6,3.96,Bouaké,7.69,-5.03
2020-08-21,24.5,4.7,85,11.2,2.73,Bouaké,7.69,-5.03
2020-08-22,23.6,10.6,91,9.0,2.32,Bouaké,7.69,-5.03
2020-08-23,24.3,2.8,84,14.5,3.73,Bouaké,7.69,-5.03
2020-08-24,24.2,1.2,79,13.2,3.39,Bouaké,7.69,-5.03
2020-08-25,24.3,1.7,80,15.0,3.11,Bouaké,7.69,-5.03
2020-08-26,24.5,0.6,82,11.8,3.39,Bouaké,7.69,-5.03
2020-08-27,24.3,4.5,85,12.8,3.3,Bouaké,7.69,-5.03
2020-08-28,23.5,9.6,90,14.8,2.81,Bouaké,7.69,-5.03
2020-08-29,23.8,11.5,87,16.0,2.84,Bouaké,7.69,-5.03
2020-08-30,23.6,7.8,89,12.5,3.28,Bouaké,7.69,-5.03
2020-08-31,23.0,2.3,89,13.7,1.93,Bouaké,7.69,-5.03
2020-09-01,23.2,1.7,86,12.7,2.53,Bouaké,7.69,-5.03
2020-09-02,24.0,13.9,87,9.4,3.12,Bouaké,7.69,-5.03
2020-09-03,22.7,105.8,95,11.3,1.45,Bouaké,7.69,-5.03
2020-09-04,23.5,5.2,88,12.7,3.43,Bouaké,7.69,-5.03
2020-09-05,24.1,1.4,85,14.5,3.54,Bouaké,7.69,-5.03
2020-09-06,24.0,2.4,86,13.5,3.36,Bouaké,7.69,-5.03
2020-09-07,24.2,4.0,89,11.8,3.54,Bouaké,7.69,-5.03
2020-09-08,22.8,15.9,93,11.7,1.99,Bouaké,7.69,-5.03
2020-09-09,24.8,1.1,81,14.7,3.85,Bouaké,7.69,-5.03
2020-09-10,23.4,7.6,90,13.4,2.06,Bouaké,7.69,-5.03
2020-09-11,23.9,3.9,88,10.4,2.97,Bouaké,7.69,-5.03
2020-09-12,24.8,0.9,82,9.7,3.58,Bouaké,7.69,-5.03
2020-09-13,24.0,7.0,89,9.5,3.05,Bouaké,7.69,-5.03
2020-09-14,24.4,2.9,85,8.4,3.55,Bouaké,7.69,-5.03
2020-09-15,24.8,3.9,86,10.5,3.72,Bouaké,7.69,-5.03
2020-09-16,24.0,3.8,88,15.1,2.22,Bouaké,7.69,-5.03
2020-09-17,23.5,8.0,93,11.8,2.66,Bouaké,7.69,-5.03
2020-09-18,24.3,5.1,85,12.2,3.21,Bouaké,7.69,-5.03
2020-09-19,25.0,9.1,84,9.0,3.86,Bouaké,7.69,-5.03
2020-09-20,24.1,1.9,86,9.4,2.78,Bouaké,7.69,-5.03
2020-09-21,23.8,1.5,86,11.7,2.62,Bouaké,7.69,-5.03
2020-09-22,25.3,3.6,80,11.9,4.42,Bouaké,7.69,-5.03
2020-09-23,23.6,23.2,94,10.2,2.1,Bouaké,7.69,-5.03
2020-09-24,24.2,10.2,89,10.5,3.56,Bouaké,7.69,-5.03
2020-09-25,23.5,4.5,94,6.4,2.4,Bouaké,7.69,-5.03
2020-09-26,23.7,6.5,90,8.4,3.25,Bouaké,7.69,-5.03
2020-09-27,23.9,4.2,89,10.5,2.9,Bouaké,7.69,-5.03
2020-09-28,24.5,7.3,88,9.3,3.96,Bouaké,7.69,-5.03
2020-09-29,25.0,2.1,88,8.0,3.68,Bouaké,7.69,-5.03
2020-09-30,24.3,11.0,90,9.1,3.52,Bouaké,7.69,-5.03
2020-10-01,23.3,3.6,92,15.8,1.66,Bouaké,7.69,-5.03
2020-10-02,23.5,8.2,91,11.2,2.68,Bouaké,7.69,-5.03
2020-10-03,24.2,0.5,86,9.5,2.89,Bouaké,7.69,-5.03
2020-10-04,24.8,3.3,82,10.7,4.03,Bouaké,7.69,-5.03
2020-10-05,23.3,17.3,93,10.8,2.05,Bouaké,7.69,-5.03
2020-10-06,25.2,2.6,81,10.2,3.87,Bouaké,7.69,-5.03
2020-10-07,24.6,2.2,88,9.7,2.71,Bouaké,7.69,-5.03
2020-10-08,25.0,0.9,85,8.6,3.06,Bouaké,7.69,-5.03
2020-10-09,24.7,2.6,87,12.7,3.38,Bouaké,7.69,-5.03
2020-10-10,23.9,21.1,89,7.7,3.25,Bouaké,7.69,-5.03
2020-10-11,23.6,29.5,92,13.2,3.2,Bouaké,7.69,-5.03
2020-10-12,23.6,11.6,90,8.5,2.9,Bouaké,7.69,-5.03
2020-10-13,25.0,0.2,82,9.3,3.84,Bouaké,7.69,-5.03
2020-10-14,25.1,0.2,83,10.4,3.22,Bouaké,7.69,-5.03
2020-10-15,24.3,2.9,90,8.0,2.62,Bouaké,7.69,-5.03
2020-10-16,24.0,0.4,88,7.6,2.24,Bouaké,7.69,-5.03
2020-10-17,25.3,3.8,84,9.5,3.56,Bouaké,7.69,-5.03
2020-10-18,23.0,5.6,97,7.9,1.42,Bouaké,7.69,-5.03
2020-10-19,24.7,1.0,86,9.4,3.19,Bouaké,7.69,-5.03
2020-10-20,24.7,0.3,86,10.0,2.88,Bouaké,7.69,-5.03
2020-10-21,25.2,0.3,85,9.2,3.82,Bouaké,7.69,-5.03
2020-10-22,26.1,0.1,77,9.7,4.51,Bouaké,7.69,-5.03
2020-10-23,25.9,1.1,84,10.3,3.85,Bouaké,7.69,-5.03
2020-10-24,26.1,0.0,76,9.2,4.53,Bouaké,7.69,-5.03
2020-10-25,26.0,0.0,75,11.0,4.33,Bouaké,7.69,-5.03
2020-10-26,25.8,0.7,78,10.7,4.21,Bouaké,7.69,-5.03
2020-10-27,26.1,0.8,78,9.2,4.23,Bouaké,7.69,-5.03
2020-10-28,26.1,0.2,76,10.0,4.18,Bouaké,7.69,-5.03
2020-10-29,26.0,0.1,74,9.8,4.28,Bouaké,7.69,-5.03
2020-10-30,25.9,0.3,79,10.4,4.08,Bouaké,7.69,-5.03
2020-10-31,26.0,0.4,80,10.9,3.54,Bouaké,7.69,-5.03
2020-11-01,26.1,0.1,76,11.5,4.27,Bouaké,7.69,-5.03
2020-11-02,26.2,0.7,80,9.3,4.12,Bouaké,7.69,-5.03
2020-11-03,26.8,0.1,71,11.2,4.73,Bouaké,7.69,-5.03
2020-11-04,26.5,0.3,74,10.9,4.31,Bouaké,7.69,-5.03
2020-11-05,26.0,4.1,85,9.5,3.84,Bouaké,7.69,-5.03
2020-11-06,26.9,0.2,78,12.1,4.01,Bouaké,7.69,-5.03
2020-11-07,26.6,0.1,77,10.5,3.93,Bouaké,7.69,-5.03
2020-11-08,25.9,0.2,77,11.3,3.73,Bouaké,7.69,-5.03
2020-11-09,25.2,12.3,86,9.8,3.3,Bouaké,7.69,-5.03
2020-11-10,24.9,2.0,86,10.4,3.17,Bouaké,7.69,-5.03
2020-11-11,25.6,1.1,82,9.4,3.7,Bouaké,7.69,-5.03
2020-11-12,25.8,0.2,74,10.0,4.4,Bouaké,7.69,-5.03
2020-11-13,26.3,0.0,65,12.0,4.92,Bouaké,7.69,-5.03
2020-11-14,26.0,0.0,64,10.7,4.95,Bouaké,7.69,-5.03
2020-11-15,26.3,0.0,68,10.9,4.73,Bouaké,7.69,-5.03
2020-11-16,26.6,0.0,67,11.4,4.62,Bouaké,7.69,-5.03
2020-11-17,26.5,0.0,71,11.1,4.38,Bouaké,7.69,-5.03
2020-11-18,26.3,0.1,74,9.6,3.84,Bouaké,7.69,-5.03
2020-11-19,25.9,0.6,74,11.7,3.79,Bouaké,7.69,-5.03
2020-11-20,26.1,0.0,72,11.0,4.38,Bouaké,7.69,-5.03
2020-11-21,25.2,3.3,83,10.7,3.34,Bouaké,7.69,-5.03
2020-11-22,26.4,1.2,74,11.3,3.94,Bouaké,7.69,-5.03
2020-11-23,26.6,0.2,72,11.2,4.06,Bouaké,7.69,-5.03
2020-11-24,26.2,0.0,76,10.9,3.91,Bouaké,7.69,-5.03
2020-11-25,26.9,0.2,72,12.0,4.17,Bouaké,7.69,-5.03
2020-11-26,26.3,0.0,72,10.9,4.06,Bouaké,7.69,-5.03
2020-11-27,25.5,0.0,74,12.5,3.67,Bouaké,7.69,-5.03
2020-11-28,26.3,0.0,72,11.0,3.64,Bouaké,7.69,-5.03
2020-11-29,25.6,0.3,77,9.4,3.46,Bouaké,7.69,-5.03
2020-11-30,26.1,0.3,76,9.4,3.9,Bouaké,7.69,-5.03
2020-12-01,26.6,0.1,74,12.4,4.04,Bouaké,7.69,-5.03
2020-12-02,26.6,0.0,71,11.2,4.3,Bouaké,7.69,-5.03
2020-12-03,26.5,0.0,71,10.3,3.98,Bouaké,7.69,-5.03
2020-12-04,26.7,0.0,68,11.0,4.69,Bouaké,7.69,-5.03
2020-12-05,26.3,0.0,72,12.8,3.94,Bouaké,7.69,-5.03
2020-12-06,25.4,0.3,81,11.0,3.16,Bouaké,7.69,-5.03
2020-12-07,25.7,2.2,81,11.3,3.2,Bouaké,7.69,-5.03
2020-12-08,25.7,2.8,83,12.1,2.92,Bouaké,7.69,-5.03
2020-12-09,25.8,0.8,83,12.2,2.93,Bouaké,7.69,-5.03
2020-12-10,25.9,2.5,81,10.9,3.09,Bouaké,7.69,-5.03
2020-12-11,25.9,0.1,78,12.3,3.26,Bouaké,7.69,-5.03
2020-12-12,26.7,0.0,75,11.9,4.07,Bouaké,7.69,-5.03
2020-12-13,25.5,0.1,83,10.2,2.61,Bouaké,7.69,-5.03
2020-12-14,25.9,3.5,82,10.6,3.33,Bouaké,7.69,-5.03
2020-12-15,25.3,3.3,84,9.9,2.92,Bouaké,7.69,-5.03
2020-12-16,25.3,4.9,86,11.4,2.81,Bouaké,7.69,-5.03
2020-12-17,25.0,0.4,83,9.5,2.88,Bouaké,7.69,-5.03
2020-12-18,25.4,0.6,83,12.6,2.6,Bouaké,7.69,-5.03
2020-12-19,25.4,0.0,75,10.0,3.91,Bouaké,7.69,-5.03
2020-12-20,25.7,0.3,77,10.5,3.59,Bouaké,7.69,-5.03
2020-12-21,26.4,0.0,70,8.4,4.21,Bouaké,7.69,-5.03
2020-12-22,26.5,0.2,72,9.2,4.0,Bouaké,7.69,-5.03
2020-12-23,26.1,0.1,71,11.7,3.92,Bouaké,7.69,-5.03
2020-12-24,24.7,2.8,87,9.4,3.01,Bouaké,7.69,-5.03
2020-12-25,26.2,0.0,76,9.9,3.91,Bouaké,7.69,-5.03
2020-12-26,26.0,0.0,66,10.2,4.56,Bouaké,7.69,-5.03
2020-12-27,25.4,0.0,59,12.2,4.85,Bouaké,7.69,-5.03
2020-12-28,25.1,0.0,60,12.0,4.52,Bouaké,7.69,-5.03
2020-12-29,25.1,0.0,48,10.2,4.92,Bouaké,7.69,-5.03
2020-12-30,24.7,0.0,38,10.2,5.33,Bouaké,7.69,-5.03
2020-12-31,25.5,0.0,67,11.2,4.41,Bouaké,7.69,-5.03
2021-01-01,26.2,0.0,67,9.5,4.16,Bouaké,7.69,-5.03
2021-01-02,26.3,0.0,68,16.1,4.18,Bouaké,7.69,-5.03
2021-01-03,26.0,0.0,74,14.4,3.81,Bouaké,7.69,-5.03
2021-01-04,26.7,0.3,75,10.1,3.81,Bouaké,7.69,-5.03
2021-01-05,26.0,1.0,77,11.2,3.63,Bouaké,7.69,-5.03
2021-01-06,26.8,0.0,67,11.9,4.41,Bouaké,7.69,-5.03
2021-01-07,26.3,0.2,73,10.7,3.38,Bouaké,7.69,-5.03
2021-01-08,26.9,0.0,69,11.4,4.26,Bouaké,7.69,-5.03
2021-01-09,26.7,0.0,75,10.9,3.74,Bouaké,7.69,-5.03
2021-01-10,26.7,0.1,70,10.6,4.0,Bouaké,7.69,-5.03
2021-01-11,25.8,0.5,80,11.1,3.23,Bouaké,7.69,-5.03
2021-01-12,26.8,0.0,72,11.3,4.1,Bouaké,7.69,-5.03
2021-01-13,26.8,0.0,68,11.6,4.16,Bouaké,7.69,-5.03
2021-01-14,26.5,0.0,68,10.2,4.31,Bouaké,7.69,-5.03
2021-01-15,26.7,0.0,59,9.9,4.62,Bouaké,7.69,-5.03
2021-01-16,25.9,0.0,62,11.2,4.58,Bouaké,7.69,-5.03
2021-01-17,25.7,0.0,48,10.8,5.16,Bouaké,7.69,-5.03
2021-01-18,26.3,0.3,68,12.6,4.3,Bouaké,7.69,-5.03
2021-01-19,27.0,0.0,68,11.3,4.31,Bouaké,7.69,-5.03
2021-01-20,26.6,0.1,66,11.9,4.41,Bouaké,7.69,-5.03
2021-01-21,25.8,0.0,55,11.9,5.1,Bouaké,7.69,-5.03
2021-01-22,25.2,0.0,54,10.0,5.06,Bouaké,7.69,-5.03
2021-01-23,25.2,0.0,34,12.3,5.83,Bouaké,7.69,-5.03
2021-01-24,25.6,0.0,31,11.6,5.67,Bouaké,7.69,-5.03
2021-01-25,25.7,0.0,52,10.6,4.89,Bouaké,7.69,-5.03
2021-01-26,26.5,0.0,56,11.9,5.03,Bouaké,7.69,-5.03
2021-01-27,26.8,0.0,61,12.3,4.98,Bouaké,7.69,-5.03
2021-01-28,26.4,0.4,70,12.4,4.24,Bouaké,7.69,-5.03
2021-01-29,26.8,0.0,68,12.6,4.22,Bouaké,7.69,-5.03
2021-01-30,27.2,0.0,64,13.2,4.54,Bouaké,7.69,-5.03
2021-01-31,27.4,0.0,59,10.8,4.87,Bouaké,7.69,-5.03
2021-02-01,27.1,0.0,52,12.1,5.37,Bouaké,7.69,-5.03
2021-02-02,26.8,0.1,59,10.0,4.66,Bouaké,7.69,-5.03
2021-02-03,27.6,0.0,61,13.7,4.82,Bouaké,7.69,-5.03
2021-02-04,27.8,0.0,62,12.0,4.83,Bouaké,7.69,-5.03
2021-02-05,28.4,0.0,68,12.7,4.45,Bouaké,7.69,-5.03
2021-02-06,27.8,0.1,72,12.0,3.87,Bouaké,7.69,-5.03
2021-02-07,28.6,0.0,63,12.1,5.05,Bouaké,7.69,-5.03
2021-02-08,27.7,0.5,68,12.9,4.05,Bouaké,7.69,-5.03
2021-02-09,28.2,0.0,57,10.5,5.52,Bouaké,7.69,-5.03
2021-02-10,27.6,0.0,57,13.8,5.11,Bouaké,7.69,-5.03
2021-02-11,27.9,0.0,57,13.4,5.35,Bouaké,7.69,-5.03
2021-02-12,28.5,0.0,61,14.9,5.17,Bouaké,7.69,-5.03
2021-02-13,28.3,0.0,61,16.4,4.94,Bouaké,7.69,-5.03
2021-02-14,27.6,1.3,76,14.6,4.23,Bouaké,7.69,-5.03
2021-02-15,26.9,0.6,76,12.6,3.58,Bouaké,7.69,-5.03
2021-02-16,27.1,0.2,75,14.7,3.94,Bouaké,7.69,-5.03
2021-02-17,25.2,0.8,79,12.0,2.39,Bouaké,7.69,-5.03
2021-02-18,24.6,6.9,83,10.6,2.15,Bouaké,7.69,-5.03
2021-02-19,27.7,0.1,58,10.7,4.81,Bouaké,7.69,-5.03
2021-02-20,26.9,0.0,59,8.7,4.87,Bouaké,7.69,-5.03
2021-02-21,27.0,0.0,54,10.5,5.45,Bouaké,7.69,-5.03
2021-02-22,26.8,0.0,47,10.1,5.74,Bouaké,7.69,-5.03
2021-02-23,26.4,0.0,56,11.2,5.32,Bouaké,7.69,-5.03
2021-02-24,27.4,0.0,51,9.9,5.4,Bouaké,7.69,-5.03
2021-02-25,27.9,0.0,59,14.1,5.16,Bouaké,7.69,-5.03
2021-02-26,27.9,0.0,61,12.2,5.01,Bouaké,7.69,-5.03
2021-02-27,28.1,0.1,66,12.7,5.01,Bouaké,7.69,-5.03
2021-02-28,27.5,1.3,71,12.8,3.89,Bouaké,7.69,-5.03
2021-03-01,28.7,0.0,64,11.1,4.62,Bouaké,7.69,-5.03
2021-03-02,29.1,0.0,60,14.1,5.43,Bouaké,7.69,-5.03
2021-03-03,28.6,0.0,62,12.8,4.89,Bouaké,7.69,-5.03
2021-03-04,28.3,0.8,71,15.8,4.55,Bouaké,7.69,-5.03
2021-03-05,27.4,0.2,73,16.1,3.77,Bouaké,7.69,-5.03
2021-03-06,27.6,1.8,72,14.5,4.71,Bouaké,7.69,-5.03
2021-03-07,28.1,2.5,68,13.0,4.98,Bouaké,7.69,-5.03
2021-03-08,28.1,0.3,68,12.6,4.77,Bouaké,7.69,-5.03
2021-03-09,28.0,8.0,70,15.9,4.82,Bouaké,7.69,-5.03
2021-03-10,26.0,6.2,85,12.2,3.3,Bouaké,7.69,-5.03
2021-03-11,26.6,2.3,79,13.3,3.65,Bouaké,7.69,-5.03
2021-03-12,26.3,1.6,81,13.3,2.88,Bouaké,7.69,-5.03
2021-03-13,26.3,3.1,79,15.6,3.62,Bouaké,7.69,-5.03
2021-03-14,26.3,1.0,75,11.3,3.44,Bouaké,7.69,-5.03
2021-03-15,26.6,0.0,69,11.6,3.61,Bouaké,7.69,-5.03
2021-03-16,27.3,5.7,67,14.5,4.98,Bouaké,7.69,-5.03
2021-03-17,26.6,23.9,78,12.0,4.42,Bouaké,7.69,-5.03
2021-03-18,24.4,13.7,85,13.3,2.39,Bouaké,7.69,-5.03
2021-03-19,26.7,0.0,73,9.1,4.44,Bouaké,7.69,-5.03
2021-03-20,26.6,0.1,70,12.5,4.4,Bouaké,7.69,-5.03
2021-03-21,26.0,19.5,82,10.0,4.0,Bouaké,7.69,-5.03
2021-03-22,25.8,17.1,81,11.9,4.26,Bouaké,7.69,-5.03
2021-03-23,26.2,0.9,77,14.9,4.08,Bouaké,7.69,-5.03
2021-03-24,26.3,0.0,77,11.5,3.16,Bouaké,7.69,-5.03
2021-03-25,27.2,0.0,67,11.2,5.3,Bouaké,7.69,-5.03
2021-03-26,27.8,0.0,70,13.4,5.04,Bouaké,7.69,-5.03
2021-03-27,26.2,2.3,78,12.1,4.48,Bouaké,7.69,-5.03
2021-03-28,25.8,14.5,86,10.4,3.66,Bouaké,7.69,-5.03
2021-03-29,26.5,5.4,79,11.2,3.67,Bouaké,7.69,-5.03
2021-03-30,27.2,0.5,76,11.3,4.52,Bouaké,7.69,-5.03
2021-03-31,27.6,0.1,64,12.1,5.38,Bouaké,7.69,-5.03
2021-04-01,27.5,0.0,70,11.7,4.92,Bouaké,7.69,-5.03
2021-04-02,28.1,0.0,65,11.9,5.57,Bouaké,7.69,-5.03
2021-04-03,27.1,0.4,77,12.7,3.93,Bouaké,7.69,-5.03
2021-04-04,27.4,4.0,77,14.3,4.16,Bouaké,7.69,-5.03
2021-04-05,26.7,0.5,80,12.8,3.36,Bouaké,7.69,-5.03
2021-04-06,27.4,0.0,76,10.6,4.28,Bouaké,7.69,-5.03
2021-04-07,27.7,2.8,76,11.4,4.07,Bouaké,7.69,-5.03
2021-04-08,27.4,1.8,78,14.5,4.34,Bouaké,7.69,-5.03
2021-04-09,26.7,4.8,83,13.2,3.58,Bouaké,7.69,-5.03
2021-04-10,26.6,0.0,75,13.8,3.82,Bouaké,7.69,-5.03
2021-04-11,27.2,0.7,73,14.7,4.94,Bouaké,7.69,-5.03
2021-04-12,28.2,0.1,72,13.3,4.77,Bouaké,7.69,-5.03
2021-04-13,27.5,2.6,78,11.7,4.34,Bouaké,7.69,-5.03
2021-04-14,26.5,1.1,78,12.9,3.89,Bouaké,7.69,-5.03
2021-04-15,28.0,0.3,72,14.5,4.78,Bouaké,7.69,-5.03
2021-04-16,27.0,0.9,81,13.1,4.26,Bouaké,7.69,-5.03
2021-04-17,24.4,15.5,87,11.6,2.78,Bouaké,7.69,-5.03
2021-04-18,26.9,4.4,74,13.6,4.95,Bouaké,7.69,-5.03
2021-04-19,26.7,0.1,78,13.2,3.93,Bouaké,7.69,-5.03
2021-04-20,27.5,0.0,72,10.3,5.19,Bouaké,7.69,-5.03
2021-04-21,27.1,0.9,78,12.7,4.23,Bouaké,7.69,-5.03
2021-04-22,26.8,2.4,80,11.5,4.23,Bouaké,7.69,-5.03
2021-04-23,26.7,12.8,81,10.1,4.47,Bouaké,7.69,-5.03
2021-04-24,27.4,2.8,76,12.8,4.29,Bouaké,7.69,-5.03
2021-04-25,25.4,2.5,87,12.0,2.47,Bouaké,7.69,-5.03
2021-04-26,27.8,0.0,74,10.6,5.06,Bouaké,7.69,-5.03
2021-04-27,26.9,0.0,77,14.0,3.65,Bouaké,7.69,-5.03
2021-04-28,26.6,0.0,79,10.1,3.73,Bouaké,7.69,-5.03
2021-04-29,27.6,0.0,72,11.4,4.73,Bouaké,7.69,-5.03
2021-04-30,27.4,1.2,77,11.7,4.7,Bouaké,7.69,-5.03
2021-05-01,27.1,1.4,80,13.1,3.95,Bouaké,7.69,-5.03
2021-05-02,27.2,7.8,81,13.3,4.52,Bouaké,7.69,-5.03
2021-05-03,26.1,13.1,82,13.0,3.96,Bouaké,7.69,-5.03
2021-05-04,25.8,2.2,81,12.6,3.7,Bouaké,7.69,-5.03
2021-05-05,26.5,0.2,79,15.3,4.14,Bouaké,7.69,-5.03
2021-05-06,25.8,0.5,80,13.6,3.26,Bouaké,7.69,-5.03
2021-05-07,25.7,0.0,79,9.7,3.63,Bouaké,7.69,-5.03
2021-05-08,25.9,1.4,79,14.2,3.9,Bouaké,7.69,-5.03
2021-05-09,25.8,0.3,81,14.1,3.63,Bouaké,7.69,-5.03
2021-05-10,26.2,0.5,77,10.0,4.17,Bouaké,7.69,-5.03
2021-05-11,27.0,0.9,75,10.2,4.57,Bouaké,7.69,-5.03
2021-05-12,26.8,0.0,76,11.7,3.81,Bouaké,7.69,-5.03
2021-05-13,27.4,0.7,73,10.0,4.84,Bouaké,7.69,-5.03
2021-05-14,27.3,0.2,74,14.8,4.41,Bouaké,7.69,-5.03
2021-05-15,26.9,0.5,80,12.5,4.2,Bouaké,7.69,-5.03
2021-05-16,25.3,2.5,86,8.8,3.1,Bouaké,7.69,-5.03
2021-05-17,26.7,1.2,78,13.6,4.8,Bouaké,7.69,-5.03
2021-05-18,26.5,3.3,84,12.2,4.01,Bouaké,7.69,-5.03
2021-05-19,26.6,0.3,79,9.4,4.29,Bouaké,7.69,-5.03
2021-05-20,27.3,0.1,74,13.2,4.59,Bouaké,7.69,-5.03
2021-05-21,26.4,0.9,79,14.3,3.83,Bouaké,7.69,-5.03
2021-05-22,26.4,2.1,81,10.3,4.3,Bouaké,7.69,-5.03
2021-05-23,27.4,0.0,75,10.0,4.13,Bouaké,7.69,-5.03
2021-05-24,27.4,0.1,75,10.2,4.33,Bouaké,7.69,-5.03
2021-05-25,27.2,1.7,78,11.5,4.08,Bouaké,7.69,-5.03
2021-05-26,27.9,0.3,71,12.3,4.49,Bouaké,7.69,-5.03
2021-05-27,27.3,1.1,77,13.0,3.93,Bouaké,7.69,-5.03
2021-05-28,26.8,2.4,84,9.2,3.98,Bouaké,7.69,-5.03
2021-05-29,27.4,0.5,78,9.4,4.31,Bouaké,7.69,-5.03
2021-05-30,26.4,3.3,82,12.1,3.44,Bouaké,7.69,-5.03
2021-05-31,25.3,18.5,86,11.0,3.04,Bouaké,7.69,-5.03
2021-06-01,26.5,0.1,78,10.7,3.97,Bouaké,7.69,-5.03
2021-06-02,27.0,1.1,77,11.9,4.18,Bouaké,7.69,-5.03
2021-06-03,26.5,1.9,82,10.9,3.51,Bouaké,7.69,-5.03
2021-06-04,25.5,5.9,88,9.0,3.51,Bouaké,7.69,-5.03
2021-06-05,26.0,5.1,83,12.7,4.15,Bouaké,7.69,-5.03
2021-06-06,25.8,2.5,82,10.6,3.34,Bouaké,7.69,-5.03
2021-06-07,25.8,1.2,83,10.4,3.83,Bouaké,7.69,-5.03
2021-06-08,25.6,2.6,86,8.8,3.8,Bouaké,7.69,-5.03
2021-06-09,25.6,7.8,86,10.2,3.58,Bouaké,7.69,-5.03
2021-06-10,24.2,48.3,91,14.2,3.17,Bouaké,7.69,-5.03
2021-06-11,24.5,2.6,87,11.1,2.2,Bouaké,7.69,-5.03
2021-06-12,25.8,2.4,82,9.4,3.49,Bouaké,7.69,-5.03
2021-06-13,25.8,5.3,84,10.3,3.47,Bouaké,7.69,-5.03
2021-06-14,25.9,0.9,82,11.5,3.54,Bouaké,7.69,-5.03
2021-06-15,26.2,1.4,78,11.8,3.85,Bouaké,7.69,-5.03
2021-06-16,24.7,1.1,81,13.9,2.58,Bouaké,7.69,-5.03
2021-06-17,26.3,0.1,73,10.2,4.81,Bouaké,7.69,-5.03
2021-06-18,25.5,3.4,83,16.1,3.84,Bouaké,7.69,-5.03
2021-06-19,25.0,10.3,85,11.5,3.42,Bouaké,7.69,-5.03
2021-06-20,24.2,4.5,88,12.3,3.41,Bouaké,7.69,-5.03
2021-06-21,24.2,8.4,87,11.7,3.1,Bouaké,7.69,-5.03
2021-06-22,23.7,4.4,87,13.6,2.41,Bouaké,7.69,-5.03
2021-06-23,24.0,2.9,85,12.7,3.54,Bouaké,7.69,-5.03
2021-06-24,23.4,2.8,89,8.9,2.41,Bouaké,7.69,-5.03
2021-06-25,23.8,21.0,90,7.7,2.97,Bouaké,7.69,-5.03
2021-06-26,23.7,29.3,89,7.7,2.48,Bouaké,7.69,-5.03
2021-06-27,24.3,0.3,81,10.1,2.43,Bouaké,7.69,-5.03
2021-06-28,25.7,0.3,74,10.4,4.35,Bouaké,7.69,-5.03
2021-06-29,25.0,0.3,81,12.8,3.44,Bouaké,7.69,-5.03
2021-06-30,24.6,9.9,89,11.5,3.46,Bouaké,7.69,-5.03
2021-07-01,23.7,16.6,92,9.2,2.75,Bouaké,7.69,-5.03
2021-07-02,23.9,9.3,91,12.3,2.72,Bouaké,7.69,-5.03
2021-07-03,23.9,2.6,87,12.4,2.75,Bouaké,7.69,-5.03
2021-07-04,23.3,18.8,92,11.5,2.74,Bouaké,7.69,-5.03
2021-07-05,24.2,1.2,85,8.6,3.28,Bouaké,7.69,-5.03
2021-07-06,24.2,3.8,85,9.9,3.37,Bouaké,7.69,-5.03
2021-07-07,24.9,1.1,80,11.8,3.68,Bouaké,7.69,-5.03
2021-07-08,25.1,0.9,82,17.1,3.72,Bouaké,7.69,-5.03
2021-07-09,24.3,2.9,84,15.8,3.53,Bouaké,7.69,-5.03
2021-07-10,24.0,1.3,84,14.8,3.26,Bouaké,7.69,-5.03
2021-07-11,24.6,0.6,82,12.6,3.77,Bouaké,7.69,-5.03
2021-07-12,24.6,0.9,80,9.4,2.72,Bouaké,7.69,-5.03
2021-07-13,24.5,3.5,84,11.2,3.7,Bouaké,7.69,-5.03
2021-07-14,24.1,6.5,88,13.8,3.24,Bouaké,7.69,-5.03
2021-07-15,24.1,5.1,85,14.6,3.56,Bouaké,7.69,-5.03
2021-07-16,23.4,23.8,91,14.6,2.19,Bouaké,7.69,-5.03
2021-07-17,22.7,10.6,95,14.0,2.27,Bouaké,7.69,-5.03
2021-07-18,24.0,1.5,85,12.5,2.6,Bouaké,7.69,-5.03
2021-07-19,24.4,1.2,82,11.2,3.69,Bouaké,7.69,-5.03
2021-07-20,24.0,0.9,82,11.0,3.09,Bouaké,7.69,-5.03
2021-07-21,24.5,1.7,81,14.6,3.6,Bouaké,7.69,-5.03
2021-07-22,24.2,3.3,85,14.8,2.88,Bouaké,7.69,-5.03
2021-07-23,23.4,4.1,89,15.8,2.55,Bouaké,7.69,-5.03
2021-07-24,23.9,2.0,83,14.6,3.25,Bouaké,7.69,-5.03
2021-07-25,24.2,1.3,79,11.2,3.32,Bouaké,7.69,-5.03
2021-07-26,24.0,1.0,82,15.1,3.27,Bouaké,7.69,-5.03
2021-07-27,24.1,1.4,84,16.6,2.78,Bouaké,7.69,-5.03
2021-07-28,23.3,8.1,90,14.8,1.99,Bouaké,7.69,-5.03
2021-07-29,23.2,5.3,89,13.4,2.34,Bouaké,7.69,-5.03
2021-07-30,24.4,3.2,83,12.8,3.45,Bouaké,7.69,-5.03
2021-07-31,24.0,18.3,88,13.0,2.93,Bouaké,7.69,-5.03
2021-08-01,22.7,47.9,93,12.8,1.69,Bouaké,7.69,-5.03
2021-08-02,24.8,0.6,79,12.2,3.92,Bouaké,7.69,-5.03
2021-08-03,25.4,2.2,78,9.5,4.62,Bouaké,7.69,-5.03
2021-08-04,24.2,4.0,84,11.2,2.4,Bouaké,7.69,-5.03
2021-08-05,24.0,3.6,88,15.3,3.12,Bouaké,7.69,-5.03
2021-08-06,24.8,1.6,83,10.7,3.3,Bouaké,7.69,-5.03
2021-08-07,24.7,0.0,78,12.0,2.55,Bouaké,7.69,-5.03
2021-08-08,24.5,12.7,83,10.5,3.66,Bouaké,7.69,-5.03
2021-08-09,22.9,12.7,94,14.7,1.75,Bouaké,7.69,-5.03
2021-08-10,23.8,3.9,88,15.3,3.29,Bouaké,7.69,-5.03
2021-08-11,23.2,27.5,93,12.1,2.77,Bouaké,7.69,-5.03
2021-08-12,23.2,13.3,92,17.6,2.38,Bouaké,7.69,-5.03
2021-08-13,23.4,4.3,87,14.1,2.34,Bouaké,7.69,-5.03
2021-08-14,23.9,0.0,79,12.5,3.57,Bouaké,7.69,-5.03
2021-08-15,23.6,2.7,83,14.0,3.17,Bouaké,7.69,-5.03
2021-08-16,24.0,0.4,82,14.3,3.17,Bouaké,7.69,-5.03
2021-08-17,23.9,0.7,82,13.8,2.75,Bouaké,7.69,-5.03
2021-08-18,25.1,0.5,76,14.0,4.22,Bouaké,7.69,-5.03
2021-08-19,24.8,0.8,79,10.8,3.29,Bouaké,7.69,-5.03
2021-08-20,23.4,8.1,89,10.2,2.65,Bouaké,7.69,-5.03
2021-08-21,24.1,11.4,87,9.4,2.79,Bouaké,7.69,-5.03
2021-08-22,23.2,12.8,92,13.8,2.57,Bouaké,7.69,-5.03
2021-08-23,24.1,2.7,87,9.8,2.95,Bouaké,7.69,-5.03
2021-08-24,23.4,16.9,92,9.2,2.24,Bouaké,7.69,-5.03
2021-08-25,22.5,33.1,98,8.0,1.63,Bouaké,7.69,-5.03
2021-08-26,24.0,4.4,88,11.3,2.93,Bouaké,7.69,-5.03
2021-08-27,24.1,1.2,87,12.6,2.5,Bouaké,7.69,-5.03
2021-08-28,24.2,6.7,87,10.2,2.77,Bouaké,7.69,-5.03
2021-08-29,22.7,24.5,95,11.2,1.46,Bouaké,7.69,-5.03
2021-08-30,23.8,1.6,86,11.2,2.83,Bouaké,7.69,-5.03
2021-08-31,23.0,21.3,94,10.1,2.05,Bouaké,7.69,-5.03
2021-09-01,24.5,9.8,87,8.9,3.94,Bouaké,7.69,-5.03
2021-09-02,23.5,5.2,90,12.0,2.29,Bouaké,7.69,-5.03
2021-09-03,24.5,1.3,84,11.6,3.88,Bouaké,7.69,-5.03
2021-09-04,23.9,10.2,88,11.8,2.92,Bouaké,7.69,-5.03
2021-09-05,24.2,16.2,87,12.4,3.3,Bouaké,7.69,-5.03
2021-09-06,24.8,1.3,85,11.1,3.99,Bouaké,7.69,-5.03
2021-09-07,25.4,0.9,80,8.4,3.44,Bouaké,7.69,-5.03
2021-09-08,26.2,3.5,80,9.7,4.35,Bouaké,7.69,-5.03
2021-09-09,23.5,25.2,93,10.2,2.35,Bouaké,7.69,-5.03
2021-09-10,24.2,2.4,88,12.3,3.81,Bouaké,7.69,-5.03
2021-09-11,24.3,2.1,89,10.0,2.37,Bouaké,7.69,-5.03
2021-09-12,22.7,34.9,97,8.7,1.34,Bouaké,7.69,-5.03
2021-09-13,24.7,1.0,84,10.6,3.12,Bouaké,7.69,-5.03
2021-09-14,24.9,1.7,85,10.8,3.45,Bouaké,7.69,-5.03
2021-09-15,22.8,22.7,96,11.9,1.68,Bouaké,7.69,-5.03
2021-09-16,24.7,1.8,84,10.5,2.93,Bouaké,7.69,-5.03
2021-09-17,24.3,4.7,87,10.3,3.36,Bouaké,7.69,-5.03
2021-09-18,24.8,1.9,84,8.0,3.49,Bouaké,7.69,-5.03
2021-09-19,24.7,2.2,86,9.8,3.86,Bouaké,7.69,-5.03
2021-09-20,24.6,3.5,87,10.3,3.4,Bouaké,7.69,-5.03
2021-09-21,24.9,2.4,87,12.0,3.17,Bouaké,7.69,-5.03
2021-09-22,24.3,6.4,89,9.8,2.92,Bouaké,7.69,-5.03
2021-09-23,25.1,21.6,86,5.7,4.25,Bouaké,7.69,-5.03
2021-09-24,24.5,14.6,89,12.4,3.0,Bouaké,7.69,-5.03
2021-09-25,23.5,26.3,94,8.5,2.53,Bouaké,7.69,-5.03
2021-09-26,22.7,2.1,94,11.1,1.26,Bouaké,7.69,-5.03
2021-09-27,24.6,1.0,83,10.5,3.5,Bouaké,7.69,-5.03
2021-09-28,25.6,0.8,78,8.8,3.96,Bouaké,7.69,-5.03
2021-09-29,24.8,6.7,88,8.4,3.56,Bouaké,7.69,-5.03
2021-09-30,24.7,7.4,88,8.4,3.83,Bouaké,7.69,-5.03
2021-10-01,24.0,10.1,91,8.0,3.02,Bouaké,7.69,-5.03
2021-10-02,23.7,12.2,93,7.6,2.68,Bouaké,7.69,-5.03
2021-10-03,24.7,3.9,88,6.3,3.39,Bouaké,7.69,-5.03
2021-10-04,25.2,4.0,86,9.6,4.02,Bouaké,7.69,-5.03
2021-10-05,25.4,1.2,84,12.1,3.58,Bouaké,7.69,-5.03
2021-10-06,24.6,4.7,89,7.5,3.08,Bouaké,7.69,-5.03
2021-10-07,25.4,0.4,83,10.6,3.62,Bouaké,7.69,-5.03
2021-10-08,26.4,0.0,78,9.2,4.27,Bouaké,7.69,-5.03
2021-10-09,26.4,0.2,79,11.8,4.46,Bouaké,7.69,-5.03
2021-10-10,25.6,0.7,84,10.8,3.3,Bouaké,7.69,-5.03
2021-10-11,25.4,1.9,86,9.5,3.76,Bouaké,7.69,-5.03
2021-10-12,26.4,0.4,78,11.1,4.37,Bouaké,7.69,-5.03
2021-10-13,26.1,6.0,78,9.1,4.7,Bouaké,7.69,-5.03
2021-10-14,26.1,0.5,79,10.3,4.41,Bouaké,7.69,-5.03
2021-10-15,26.4,0.4,78,10.8,4.71,Bouaké,7.69,-5.03
2021-10-16,26.2,1.0,79,11.4,4.42,Bouaké,7.69,-5.03
2021-10-17,26.2,0.1,77,10.4,4.62,Bouaké,7.69,-5.03
2021-10-18,25.0,2.0,84,14.5,3.07,Bouaké,7.69,-5.03
2021-10-19,24.3,0.6,88,16.4,2.48,Bouaké,7.69,-5.03
2021-10-20,25.2,5.4,83,10.6,3.56,Bouaké,7.69,-5.03
2021-10-21,24.8,3.2,86,12.6,3.6,Bouaké,7.69,-5.03
2021-10-22,24.6,4.1,86,9.8,3.37,Bouaké,7.69,-5.03
2021-10-23,24.6,0.5,84,8.9,3.36,Bouaké,7.69,-5.03
2021-10-24,24.5,11.0,88,8.1,3.55,Bouaké,7.69,-5.03
2021-10-25,23.8,22.2,89,9.4,2.09,Bouaké,7.69,-5.03
2021-10-26,25.7,0.0,79,11.3,3.88,Bouaké,7.69,-5.03
2021-10-27,25.0,0.2,83,10.6,3.29,Bouaké,7.69,-5.03
2021-10-28,25.2,1.2,82,10.1,3.96,Bouaké,7.69,-5.03
2021-10-29,24.9,15.4,86,9.7,2.91,Bouaké,7.69,-5.03
2021-10-30,24.8,0.1,82,10.9,3.77,Bouaké,7.69,-5.03
2021-10-31,26.5,0.0,75,11.9,4.62,Bouaké,7.69,-5.03
2021-11-01,25.5,1.0,80,12.9,3.53,Bouaké,7.69,-5.03
2021-11-02,26.0,0.0,73,11.8,4.81,Bouaké,7.69,-5.03
2021-11-03,26.1,0.2,73,10.8,4.78,Bouaké,7.69,-5.03
2021-11-04,26.3,0.0,76,10.1,4.27,Bouaké,7.69,-5.03
2021-11-05,26.0,6.7,79,12.2,4.61,Bouaké,7.69,-5.03
2021-11-06,25.9,0.0,76,9.3,4.25,Bouaké,7.69,-5.03
2021-11-07,26.9,0.0,70,12.0,4.82,Bouaké,7.69,-5.03
2021-11-08,26.4,0.1,77,11.3,4.17,Bouaké,7.69,-5.03
2021-11-09,25.8,3.3,82,11.2,4.04,Bouaké,7.69,-5.03
2021-11-10,25.3,3.5,85,9.7,3.82,Bouaké,7.69,-5.03
2021-11-11,25.1,7.9,86,7.9,3.73,Bouaké,7.69,-5.03
2021-11-12,25.4,2.5,79,12.2,3.78,Bouaké,7.69,-5.03
2021-11-13,25.2,0.5,82,10.9,3.43,Bouaké,7.69,-5.03
2021-11-14,26.1,1.4,80,9.0,4.39,Bouaké,7.69,-5.03
2021-11-15,25.3,1.6,82,9.1,4.07,Bouaké,7.69,-5.03
2021-11-16,26.4,0.0,72,12.8,4.8,Bouaké,7.69,-5.03
2021-11-17,25.6,0.0,73,9.3,4.14,Bouaké,7.69,-5.03
2021-11-18,26.9,0.1,68,10.8,4.97,Bouaké,7.69,-5.03
2021-11-19,26.8,0.0,66,12.7,5.11,Bouaké,7.69,-5.03
2021-11-20,27.3,0.0,65,12.7,5.07,Bouaké,7.69,-5.03
2021-11-21,26.7,0.0,67,15.1,4.71,Bouaké,7.69,-5.03
2021-11-22,26.3,0.4,77,11.6,3.79,Bouaké,7.69,-5.03
2021-11-23,26.6,0.0,72,11.3,4.72,Bouaké,7.69,-5.03
2021-11-24,26.8,0.0,69,13.0,4.83,Bouaké,7.69,-5.03
2021-11-25,27.4,0.0,60,13.1,5.2,Bouaké,7.69,-5.03
2021-11-26,26.9,0.0,68,12.4,4.59,Bouaké,7.69,-5.03
2021-11-27,26.4,0.1,74,10.0,4.26,Bouaké,7.69,-5.03
2021-11-28,26.5,0.3,75,12.7,4.24,Bouaké,7.69,-5.03
2021-11-29,26.6,0.2,73,11.5,4.02,Bouaké,7.69,-5.03
2021-11-30,26.5,1.7,74,11.0,4.14,Bouaké,7.69,-5.03
2021-12-01,27.1,0.2,68,12.7,4.48,Bouaké,7.69,-5.03
2021-12-02,27.0,0.0,67,11.3,4.71,Bouaké,7.69,-5.03
2021-12-03,27.4,0.0,67,10.9,4.64,Bouaké,7.69,-5.03
2021-12-04,27.2,0.1,68,10.1,4.49,Bouaké,7.69,-5.03
2021-12-05,27.9,0.0,57,8.0,4.74,Bouaké,7.69,-5.03
2021-12-06,27.0,0.0,62,11.4,4.9,Bouaké,7.69,-5.03
2021-12-07,27.0,0.0,67,10.5,4.15,Bouaké,7.69,-5.03
2021-12-08,27.0,0.0,66,10.8,4.33,Bouaké,7.69,-5.03
2021-12-09,26.8,0.0,66,10.6,4.8,Bouaké,7.69,-5.03
2021-12-10,26.4,0.0,59,9.1,4.67,Bouaké,7.69,-5.03
2021-12-11,26.5,0.0,48,14.8,5.05,Bouaké,7.69,-5.03
2021-12-12,27.1,0.0,64,11.0,4.54,Bouaké,7.69,-5.03
2021-12-13,27.5,0.0,61,9.5,4.66,Bouaké,7.69,-5.03
2021-12-14,26.8,0.0,69,12.4,4.2,Bouaké,7.69,-5.03
2021-12-15,26.7,0.0,73,10.5,3.93,Bouaké,7.69,-5.03
2021-12-16,26.9,0.0,61,11.2,4.42,Bouaké,7.69,-5.03
2021-12-17,25.7,0.0,45,11.1,5.08,Bouaké,7.69,-5.03
2021-12-18,25.0,0.0,37,12.4,5.55,Bouaké,7.69,-5.03
2021-12-19,25.1,0.0,39,10.7,5.36,Bouaké,7.69,-5.03
2021-12-20,24.9,0.0,37,10.8,5.43,Bouaké,7.69,-5.03
2021-12-21,25.6,0.0,34,12.0,5.83,Bouaké,7.69,-5.03
2021-12-22,26.6,0.0,29,13.3,6.47,Bouaké,7.69,-5.03
2021-12-23,26.1,0.0,33,13.1,6.03,Bouaké,7.69,-5.03
2021-12-24,26.5,0.0,34,12.7,5.35,Bouaké,7.69,-5.03
2021-12-25,26.4,0.0,43,10.1,5.28,Bouaké,7.69,-5.03
2021-12-26,26.2,0.0,48,10.5,4.89,Bouaké,7.69,-5.03
2021-12-27,26.5,0.0,37,12.2,5.36,Bouaké,7.69,-5.03
2021-12-28,26.0,0.0,49,12.4,5.14,Bouaké,7.69,-5.03
2021-12-29,26.1,0.0,36,12.5,5.48,Bouaké,7.69,-5.03
2021-12-30,26.4,0.0,29,12.7,5.46,Bouaké,7.69,-5.03
2021-12-31,25.8,0.0,38,10.6,5.21,Bouaké,7.69,-5.03
2020-01-01,25.4,0.0,56,10.0,4.68,Daloa,6.87,-6.45
2020-01-02,24.0,0.0,38,10.0,5.13,Daloa,6.87,-6.45
2020-01-03,23.7,0.0,32,12.1,5.62,Daloa,6.87,-6.45
2020-01-04,23.6,0.0,29,12.6,5.73,Daloa,6.87,-6.45
2020-01-05,23.2,0.0,36,12.0,5.28,Daloa,6.87,-6.45
2020-01-06,23.9,0.0,41,12.8,4.94,Daloa,6.87,-6.45
2020-01-07,24.4,0.0,48,7.1,4.51,Daloa,6.87,-6.45
2020-01-08,25.6,0.0,59,14.3,4.46,Daloa,6.87,-6.45
2020-01-09,26.8,0.0,61,10.3,4.47,Daloa,6.87,-6.45
2020-01-10,27.3,0.0,66,12.0,4.38,Daloa,6.87,-6.45
2020-01-11,26.6,1.7,77,11.6,3.59,Daloa,6.87,-6.45
2020-01-12,27.7,0.0,64,11.5,4.68,Daloa,6.87,-6.45
2020-01-13,27.6,0.0,59,11.5,4.83,Daloa,6.87,-6.45
2020-01-14,26.3,0.0,39,10.4,5.47,Daloa,6.87,-6.45
2020-01-15,27.0,0.0,41,9.0,5.33,Daloa,6.87,-6.45
2020-01-16,27.0,0.0,41,10.5,5.44,Daloa,6.87,-6.45
2020-01-17,27.2,0.0,64,15.8,4.45,Daloa,6.87,-6.45
2020-01-18,27.3,0.0,63,10.3,4.4,Daloa,6.87,-6.45
2020-01-19,27.5,0.0,50,10.0,5.13,Daloa,6.87,-6.45
2020-01-20,27.5,0.0,67,15.2,4.53,Daloa,6.87,-6.45
2020-01-21,26.3,2.4,83,7.4,3.0,Daloa,6.87,-6.45
2020-01-22,26.4,0.7,83,8.1,3.12,Daloa,6.87,-6.45
2020-01-23,27.6,0.0,70,9.6,4.66,Daloa,6.87,-6.45
2020-01-24,26.9,0.0,59,11.8,4.87,Daloa,6.87,-6.45
2020-01-25,26.0,0.0,58,9.2,5.03,Daloa,6.87,-6.45
2020-01-26,26.3,0.0,64,11.0,4.26,Daloa,6.87,-6.45
2020-01-27,27.6,0.1,64,11.2,4.55,Daloa,6.87,-6.45
2020-01-28,28.2,0.0,67,10.5,4.33,Daloa,6.87,-6.45
2020-01-29,27.8,0.0,62,8.9,4.34,Daloa,6.87,-6.45
2020-01-30,28.0,0.0,60,13.6,5.05,Daloa,6.87,-6.45
2020-01-31,27.9,0.0,63,12.8,4.79,Daloa,6.87,-6.45
2020-02-01,27.9,0.0,63,11.5,4.89,Daloa,6.87,-6.45
2020-02-02,27.6,0.0,64,11.3,4.79,Daloa,6.87,-6.45
2020-02-03,27.0,0.0,52,11.0,5.57,Daloa,6.87,-6.45
2020-02-04,26.1,0.0,41,12.8,5.62,Daloa,6.87,-6.45
2020-02-05,26.1,0.0,46,12.3,5.27,Daloa,6.87,-6.45
2020-02-06,26.8,0.0,55,11.3,5.15,Daloa,6.87,-6.45
2020-02-07,27.7,0.0,51,13.7,5.68,Daloa,6.87,-6.45
2020-02-08,27.1,0.0,43,13.3,5.74,Daloa,6.87,-6.45
2020-02-09,27.5,0.2,62,11.6,4.42,Daloa,6.87,-6.45
2020-02-10,27.4,5.2,72,13.1,3.55,Daloa,6.87,-6.45
2020-02-11,26.4,4.9,71,10.6,2.75,Daloa,6.87,-6.45
2020-02-12,27.5,0.0,21,14.8,6.01,Daloa,6.87,-6.45
2020-02-13,27.1,0.0,37,12.7,6.19,Daloa,6.87,-6.45
2020-02-14,27.9,0.0,50,9.7,5.8,Daloa,6.87,-6.45
2020-02-15,27.7,0.0,47,12.4,5.9,Daloa,6.87,-6.45
2020-02-16,28.3,0.0,46,12.2,6.21,Daloa,6.87,-6.45
2020-02-17,28.8,0.0,62,13.8,5.2,Daloa,6.87,-6.45
2020-02-18,28.8,0.2,68,14.6,4.47,Daloa,6.87,-6.45
2020-02-19,29.0,0.2,67,12.5,4.74,Daloa,6.87,-6.45
2020-02-20,28.1,1.8,77,12.3,4.04,Daloa,6.87,-6.45
2020-02-21,27.6,7.9,78,11.3,3.65,Daloa,6.87,-6.45
2020-02-22,28.4,0.1,72,15.8,4.2,Daloa,6.87,-6.45
2020-02-23,28.6,1.7,73,13.7,4.27,Daloa,6.87,-6.45
2020-02-24,29.5,0.0,65,13.5,4.2,Daloa,6.87,-6.45
2020-02-25,29.7,0.3,62,11.6,5.06,Daloa,6.87,-6.45
2020-02-26,29.7,0.0,55,12.0,5.5,Daloa,6.87,-6.45
2020-02-27,29.8,0.0,62,13.6,4.82,Daloa,6.87,-6.45
2020-02-28,28.7,1.5,71,12.6,4.45,Daloa,6.87,-6.45
2020-02-29,29.5,0.1,64,12.8,4.66,Daloa,6.87,-6.45
2020-03-01,30.3,0.0,60,14.7,5.3,Daloa,6.87,-6.45
2020-03-02,28.6,0.7,72,12.5,4.3,Daloa,6.87,-6.45
2020-03-03,27.0,2.6,82,15.5,3.62,Daloa,6.87,-6.45
2020-03-04,27.2,6.6,83,13.7,3.7,Daloa,6.87,-6.45
2020-03-05,27.2,13.9,84,10.5,3.42,Daloa,6.87,-6.45
2020-03-06,26.6,1.7,84,12.1,3.07,Daloa,6.87,-6.45
2020-03-07,27.2,3.7,81,15.0,3.52,Daloa,6.87,-6.45
2020-03-08,27.2,2.2,80,12.3,3.46,Daloa,6.87,-6.45
2020-03-09,26.9,15.7,83,13.4,3.62,Daloa,6.87,-6.45
2020-03-10,25.9,6.5,87,13.4,2.97,Daloa,6.87,-6.45
2020-03-11,27.4,0.2,81,9.2,4.36,Daloa,6.87,-6.45
2020-03-12,27.7,3.8,81,16.2,3.97,Daloa,6.87,-6.45
2020-03-13,28.2,0.4,76,12.6,4.19,Daloa,6.87,-6.45
2020-03-14,28.5,0.3,74,14.2,4.21,Daloa,6.87,-6.45
2020-03-15,26.9,1.1,79,14.8,2.98,Daloa,6.87,-6.45
2020-03-16,27.2,3.4,79,11.8,4.27,Daloa,6.87,-6.45
2020-03-17,28.3,1.5,73,13.1,4.31,Daloa,6.87,-6.45
2020-03-18,28.0,0.3,75,14.8,4.45,Daloa,6.87,-6.45
2020-03-19,27.2,6.9,81,13.9,4.2,Daloa,6.87,-6.45
2020-03-20,28.5,0.0,73,12.1,4.4,Daloa,6.87,-6.45
2020-03-21,27.4,9.5,82,11.2,3.6,Daloa,6.87,-6.45
2020-03-22,26.8,6.9,85,11.0,3.42,Daloa,6.87,-6.45
2020-03-23,25.2,31.3,87,13.3,3.21,Daloa,6.87,-6.45
2020-03-24,25.4,12.7,85,12.7,2.63,Daloa,6.87,-6.45
2020-03-25,25.7,12.4,85,7.6,2.66,Daloa,6.87,-6.45
2020-03-26,26.5,21.6,83,10.6,4.12,Daloa,6.87,-6.45
2020-03-27,25.8,5.0,86,9.4,3.08,Daloa,6.87,-6.45
2020-03-28,26.7,4.8,84,9.0,4.31,Daloa,6.87,-6.45
2020-03-29,26.6,3.8,85,8.5,3.89,Daloa,6.87,-6.45
2020-03-30,27.2,0.3,82,10.5,3.89,Daloa,6.87,-6.45
2020-03-31,27.6,1.3,83,13.2,3.82,Daloa,6.87,-6.45
2020-04-01,26.9,6.6,86,13.0,3.24,Daloa,6.87,-6.45
2020-04-02,26.5,0.0,81,9.0,2.9,Daloa,6.87,-6.45
2020-04-03,28.0,0.2,73,14.1,4.51,Daloa,6.87,-6.45
2020-04-04,27.6,0.0,76,12.5,3.88,Daloa,6.87,-6.45
2020-04-05,28.4,1.0,73,10.7,4.95,Daloa,6.87,-6.45
2020-04-06,27.2,5.3,83,14.3,3.38,Daloa,6.87,-6.45
2020-04-07,26.5,2.7,82,12.2,3.46,Daloa,6.87,-6.45
2020-04-08,26.8,5.0,84,11.4,3.97,Daloa,6.87,-6.45
2020-04-09,24.7,11.8,89,11.2,2.4,Daloa,6.87,-6.45
2020-04-10,26.0,6.1,85,10.3,4.19,Daloa,6.87,-6.45
2020-04-11,26.1,0.6,84,8.3,3.69,Daloa,6.87,-6.45
2020-04-12,26.3,1.9,84,11.2,4.23,Daloa,6.87,-6.45
2020-04-13,27.3,0.6,80,11.0,4.39,Daloa,6.87,-6.45
2020-04-14,27.1,0.2,79,11.0,4.33,Daloa,6.87,-6.45
2020-04-15,26.4,4.7,87,9.3,3.53,Daloa,6.87,-6.45
2020-04-16,28.1,0.0,74,11.5,5.05,Daloa,6.87,-6.45
2020-04-17,28.1,0.0,76,14.4,4.99,Daloa,6.87,-6.45
2020-04-18,27.4,1.2,78,15.0,4.53,Daloa,6.87,-6.45
2020-04-19,27.2,0.9,78,13.6,4.41,Daloa,6.87,-6.45
2020-04-20,26.3,6.8,85,12.3,3.66,Daloa,6.87,-6.45
2020-04-21,27.1,0.0,79,12.2,4.16,Daloa,6.87,-6.45
2020-04-22,27.0,1.4,80,13.7,4.24,Daloa,6.87,-6.45
2020-04-23,26.7,3.4,85,9.7,4.03,Daloa,6.87,-6.45
2020-04-24,26.4,1.6,81,9.1,3.34,Daloa,6.87,-6.45
2020-04-25,27.0,0.4,80,9.0,4.75,Daloa,6.87,-6.45
2020-04-26,26.4,25.1,82,13.3,4.12,Daloa,6.87,-6.45
2020-04-27,25.4,0.9,86,10.2,2.18,Daloa,6.87,-6.45
2020-04-28,26.4,2.5,81,10.1,4.93,Daloa,6.87,-6.45
2020-04-29,27.5,0.2,79,10.0,4.27,Daloa,6.87,-6.45
2020-04-30,26.8,7.4,81,10.2,3.5,Daloa,6.87,-6.45
2020-05-01,28.3,0.0,72,9.0,4.85,Daloa,6.87,-6.45
2020-05-02,27.3,6.6,81,11.9,4.73,Daloa,6.87,-6.45
2020-05-03,26.8,5.6,83,16.9,3.14,Daloa,6.87,-6.45
2020-05-04,26.9,0.6,77,11.4,3.07,Daloa,6.87,-6.45
2020-05-05,27.4,0.1,76,11.2,4.4,Daloa,6.87,-6.45
2020-05-06,26.8,0.5,82,10.8,3.41,Daloa,6.87,-6.45
2020-05-07,27.3,0.9,82,10.9,3.71,Daloa,6.87,-6.45
2020-05-08,28.0,0.7,77,11.3,4.59,Daloa,6.87,-6.45
2020-05-09,27.2,0.3,78,11.7,3.81,Daloa,6.87,-6.45
2020-05-10,27.4,0.1,74,15.2,4.3,Daloa,6.87,-6.45
2020-05-11,25.9,4.5,86,10.1,2.26,Daloa,6.87,-6.45
2020-05-12,27.0,0.1,76,10.3,4.12,Daloa,6.87,-6.45
2020-05-13,26.8,2.1,79,10.1,3.94,Daloa,6.87,-6.45
2020-05-14,27.3,0.7,78,11.2,4.33,Daloa,6.87,-6.45
2020-05-15,27.1,1.6,81,11.3,4.25,Daloa,6.87,-6.45
2020-05-16,27.7,0.3,76,12.4,4.24,Daloa,6.87,-6.45
2020-05-17,26.3,9.2,86,10.7,3.8,Daloa,6.87,-6.45
2020-05-18,24.7,30.3,90,11.3,1.86,Daloa,6.87,-6.45
2020-05-19,27.2,0.0,73,10.2,4.57,Daloa,6.87,-6.45
2020-05-20,26.4,4.3,83,13.4,3.64,Daloa,6.87,-6.45
2020-05-21,26.9,0.2,78,11.4,3.2,Daloa,6.87,-6.45
2020-05-22,27.3,1.2,77,14.8,4.04,Daloa,6.87,-6.45
2020-05-23,27.4,0.6,74,13.8,4.28,Daloa,6.87,-6.45
2020-05-24,27.1,0.7,78,11.1,3.96,Daloa,6.87,-6.45
2020-05-25,26.5,23.3,85,11.1,3.75,Daloa,6.87,-6.45
2020-05-26,24.6,5.0,90,9.4,2.21,Daloa,6.87,-6.45
2020-05-27,25.4,21.7,88,6.8,3.09,Daloa,6.87,-6.45
2020-05-28,25.4,6.4,89,10.7,3.42,Daloa,6.87,-6.45
2020-05-29,25.9,0.2,83,9.4,3.05,Daloa,6.87,-6.45
2020-05-30,25.8,5.8,86,10.5,3.66,Daloa,6.87,-6.45
2020-05-31,25.3,12.1,88,9.5,3.19,Daloa,6.87,-6.45
2020-06-01,25.9,0.8,86,7.6,3.99,Daloa,6.87,-6.45
2020-06-02,24.3,2.5,92,8.6,1.74,Daloa,6.87,-6.45
2020-06-03,25.4,3.7,87,11.7,3.14,Daloa,6.87,-6.45
2020-06-04,26.5,1.1,81,10.6,3.76,Daloa,6.87,-6.45
2020-06-05,26.6,1.0,83,11.4,3.62,Daloa,6.87,-6.45
2020-06-06,26.1,1.2,83,12.3,3.86,Daloa,6.87,-6.45
2020-06-07,24.9,8.1,89,8.9,3.29,Daloa,6.87,-6.45
2020-06-08,25.2,1.5,85,11.5,3.14,Daloa,6.87,-6.45
2020-06-09,25.4,4.5,86,9.3,3.33,Daloa,6.87,-6.45
2020-06-10,23.9,8.2,91,9.7,1.82,Daloa,6.87,-6.45
2020-06-11,23.3,12.9,96,7.9,1.6,Daloa,6.87,-6.45
2020-06-12,25.4,0.6,83,12.9,3.59,Daloa,6.87,-6.45
2020-06-13,24.7,3.3,87,13.3,3.38,Daloa,6.87,-6.45
2020-06-14,24.7,7.0,88,9.4,3.11,Daloa,6.87,-6.45
2020-06-15,25.7,0.8,83,9.0,4.04,Daloa,6.87,-6.45
2020-06-16,25.7,0.9,83,10.8,2.86,Daloa,6.87,-6.45
2020-06-17,24.8,3.9,89,14.2,2.53,Daloa,6.87,-6.45
2020-06-18,24.0,1.4,90,13.1,1.59,Daloa,6.87,-6.45
2020-06-19,24.6,1.1,87,8.6,1.61,Daloa,6.87,-6.45
2020-06-20,25.0,7.7,87,7.4,3.46,Daloa,6.87,-6.45
2020-06-21,25.8,1.0,84,9.4,3.63,Daloa,6.87,-6.45
2020-06-22,25.0,2.8,85,9.7,3.47,Daloa,6.87,-6.45
2020-06-23,24.7,2.9,87,11.8,3.55,Daloa,6.87,-6.45
2020-06-24,24.8,2.1,86,9.1,3.48,Daloa,6.87,-6.45
2020-06-25,25.0,3.2,86,9.9,3.45,Daloa,6.87,-6.45
2020-06-26,24.9,1.4,85,10.6,3.58,Daloa,6.87,-6.45
2020-06-27,24.4,3.1,87,12.3,2.84,Daloa,6.87,-6.45
2020-06-28,24.5,1.0,84,10.9,3.2,Daloa,6.87,-6.45
2020-06-29,24.5,5.4,85,13.0,3.05,Daloa,6.87,-6.45
2020-06-30,24.1,4.1,86,10.5,2.88,Daloa,6.87,-6.45
2020-07-01,24.1,1.2,86,7.4,1.8,Daloa,6.87,-6.45
2020-07-02,24.5,1.6,85,8.7,2.05,Daloa,6.87,-6.45
2020-07-03,24.9,3.9,82,12.8,3.67,Daloa,6.87,-6.45
2020-07-04,24.6,4.7,85,15.7,3.21,Daloa,6.87,-6.45
2020-07-05,24.1,5.1,82,13.2,2.99,Daloa,6.87,-6.45
2020-07-06,25.0,0.7,78,9.9,3.89,Daloa,6.87,-6.45
2020-07-07,25.2,0.5,79,14.0,3.19,Daloa,6.87,-6.45
2020-07-08,24.9,1.4,83,15.3,2.88,Daloa,6.87,-6.45
2020-07-09,23.9,6.7,87,13.5,2.17,Daloa,6.87,-6.45
2020-07-10,22.8,18.6,96,12.9,1.85,Daloa,6.87,-6.45
2020-07-11,22.3,7.7,94,11.1,1.33,Daloa,6.87,-6.45
2020-07-12,23.5,1.1,87,9.9,1.91,Daloa,6.87,-6.45
2020-07-13,24.1,8.2,89,10.7,3.2,Daloa,6.87,-6.45
2020-07-14,24.1,3.6,87,11.0,2.53,Daloa,6.87,-6.45
2020-07-15,24.8,0.2,75,13.4,3.15,Daloa,6.87,-6.45
2020-07-16,24.2,0.0,77,14.1,2.66,Daloa,6.87,-6.45
2020-07-17,24.5,0.5,81,9.8,2.45,Daloa,6.87,-6.45
2020-07-18,24.0,2.3,87,13.2,2.12,Daloa,6.87,-6.45
2020-07-19,25.3,4.4,81,10.3,4.32,Daloa,6.87,-6.45
2020-07-20,24.9,2.0,84,11.6,3.63,Daloa,6.87,-6.45
2020-07-21,24.5,5.0,87,9.7,3.36,Daloa,6.87,-6.45
2020-07-22,24.0,6.7,90,12.1,2.93,Daloa,6.87,-6.45
2020-07-23,24.5,2.5,87,10.1,3.58,Daloa,6.87,-6.45
2020-07-24,24.5,9.2,86,14.0,3.3,Daloa,6.87,-6.45
2020-07-25,23.9,8.8,88,11.2,2.91,Daloa,6.87,-6.45
2020-07-26,24.6,0.5,74,16.1,3.48,Daloa,6.87,-6.45
2020-07-27,23.6,1.5,81,13.5,2.64,Daloa,6.87,-6.45
2020-07-28,23.4,2.0,86,11.8,2.21,Daloa,6.87,-6.45
2020-07-29,23.7,11.7,89,9.3,2.38,Daloa,6.87,-6.45
2020-07-30,24.1,0.9,84,9.4,2.56,Daloa,6.87,-6.45
2020-07-31,24.6,5.2,86,11.3,3.79,Daloa,6.87,-6.45
2020-08-01,22.5,86.7,99,11.4,0.85,Daloa,6.87,-6.45
2020-08-02,24.4,0.9,80,13.9,3.79,Daloa,6.87,-6.45
2020-08-03,24.4,0.1,74,13.3,4.57,Daloa,6.87,-6.45
2020-08-04,23.3,0.1,74,13.6,4.03,Daloa,6.87,-6.45
2020-08-05,23.2,0.0,70,13.3,4.83,Daloa,6.87,-6.45
2020-08-06,22.9,0.3,76,14.5,2.92,Daloa,6.87,-6.45
2020-08-07,23.1,0.4,80,14.6,2.4,Daloa,6.87,-6.45
2020-08-08,23.1,1.3,86,13.9,2.02,Daloa,6.87,-6.45
2020-08-09,24.4,0.5,78,11.9,3.53,Daloa,6.87,-6.45
2020-08-10,24.3,1.2,78,13.8,3.49,Daloa,6.87,-6.45
2020-08-11,24.2,0.5,78,16.5,2.42,Daloa,6.87,-6.45
2020-08-12,23.0,0.5,80,10.9,1.97,Daloa,6.87,-6.45
2020-08-13,24.5,0.0,75,10.0,3.95,Daloa,6.87,-6.45
2020-08-14,24.9,0.4,75,11.1,4.38,Daloa,6.87,-6.45
2020-08-15,23.5,45.1,88,13.0,1.99,Daloa,6.87,-6.45
2020-08-16,24.6,0.2,75,13.0,3.48,Daloa,6.87,-6.45
2020-08-17,24.2,0.3,79,11.8,3.08,Daloa,6.87,-6.45
2020-08-18,24.7,2.0,81,12.5,3.64,Daloa,6.87,-6.45
2020-08-19,25.3,1.6,77,13.0,4.28,Daloa,6.87,-6.45
2020-08-20,24.9,1.6,80,12.8,3.62,Daloa,6.87,-6.45
2020-08-21,25.0,3.4,82,14.2,3.58,Daloa,6.87,-6.45
2020-08-22,23.9,22.6,92,12.1,2.83,Daloa,6.87,-6.45
2020-08-23,24.1,27.7,88,12.7,3.13,Daloa,6.87,-6.45
2020-08-24,24.7,0.2,78,12.5,3.64,Daloa,6.87,-6.45
2020-08-25,24.6,2.1,81,13.2,2.99,Daloa,6.87,-6.45
2020-08-26,24.8,1.1,82,10.6,3.62,Daloa,6.87,-6.45
2020-08-27,24.6,6.5,85,13.4,3.07,Daloa,6.87,-6.45
2020-08-28,23.6,14.8,91,14.4,2.43,Daloa,6.87,-6.45
2020-08-29,23.6,9.5,90,11.0,2.69,Daloa,6.87,-6.45
2020-08-30,23.9,5.0,87,12.3,3.39,Daloa,6.87,-6.45
2020-08-31,23.3,18.2,91,14.0,2.7,Daloa,6.87,-6.45
2020-09-01,23.4,0.7,84,12.6,2.56,Daloa,6.87,-6.45
2020-09-02,24.5,2.4,85,9.1,2.62,Daloa,6.87,-6.45
2020-09-03,23.1,38.5,91,9.0,2.02,Daloa,6.87,-6.45
2020-09-04,23.2,17.5,94,10.3,2.63,Daloa,6.87,-6.45
2020-09-05,24.0,5.5,87,12.1,3.35,Daloa,6.87,-6.45
2020-09-06,23.5,21.4,91,10.9,2.75,Daloa,6.87,-6.45
2020-09-07,24.5,7.1,86,12.3,3.73,Daloa,6.87,-6.45
2020-09-08,23.6,23.2,92,11.4,2.14,Daloa,6.87,-6.45
2020-09-09,24.1,0.2,83,12.5,2.33,Daloa,6.87,-6.45
2020-09-10,24.2,7.3,88,13.6,3.2,Daloa,6.87,-6.45
2020-09-11,23.7,9.4,93,10.2,2.85,Daloa,6.87,-6.45
2020-09-12,24.8,0.9,84,9.6,3.76,Daloa,6.87,-6.45
2020-09-13,24.0,7.0,90,10.0,3.12,Daloa,6.87,-6.45
2020-09-14,24.6,6.8,87,8.9,3.49,Daloa,6.87,-6.45
2020-09-15,25.0,2.9,86,10.4,3.94,Daloa,6.87,-6.45
2020-09-16,24.6,6.9,88,13.9,3.3,Daloa,6.87,-6.45
2020-09-17,23.9,9.8,90,12.7,3.07,Daloa,6.87,-6.45
2020-09-18,24.9,2.2,84,12.4,3.59,Daloa,6.87,-6.45
2020-09-19,24.9,2.8,86,8.4,3.56,Daloa,6.87,-6.45
2020-09-20,24.4,2.7,89,9.5,3.45,Daloa,6.87,-6.45
2020-09-21,23.8,1.9,91,9.1,2.19,Daloa,6.87,-6.45
2020-09-22,24.9,1.7,85,11.2,4.21,Daloa,6.87,-6.45
2020-09-23,25.0,2.0,87,12.1,3.79,Daloa,6.87,-6.45
2020-09-24,24.4,3.4,92,7.6,3.4,Daloa,6.87,-6.45
2020-09-25,24.2,5.9,91,7.2,2.67,Daloa,6.87,-6.45
2020-09-26,23.9,3.3,89,10.3,3.19,Daloa,6.87,-6.45
2020-09-27,24.8,0.9,86,13.0,3.78,Daloa,6.87,-6.45
2020-09-28,24.9,6.0,87,10.1,3.75,Daloa,6.87,-6.45
2020-09-29,24.6,3.6,91,8.4,3.42,Daloa,6.87,-6.45
2020-09-30,24.2,17.7,91,10.0,2.86,Daloa,6.87,-6.45
2020-10-01,24.1,1.3,90,13.8,1.82,Daloa,6.87,-6.45
2020-10-02,23.8,4.8,91,10.9,2.69,Daloa,6.87,-6.45
2020-10-03,24.6,5.9,88,7.9,3.64,Daloa,6.87,-6.45
2020-10-04,24.8,0.6,84,11.6,2.82,Daloa,6.87,-6.45
2020-10-05,24.1,3.3,90,9.7,3.34,Daloa,6.87,-6.45
2020-10-06,25.0,4.5,87,8.4,3.91,Daloa,6.87,-6.45
2020-10-07,24.8,5.8,90,10.2,3.44,Daloa,6.87,-6.45
2020-10-08,24.1,0.8,90,8.7,2.14,Daloa,6.87,-6.45
2020-10-09,25.1,0.5,85,12.0,3.72,Daloa,6.87,-6.45
2020-10-10,25.0,4.1,84,11.3,3.88,Daloa,6.87,-6.45
2020-10-11,23.6,17.0,94,8.6,2.73,Daloa,6.87,-6.45
2020-10-12,23.7,14.3,92,10.4,3.24,Daloa,6.87,-6.45
2020-10-13,24.2,0.4,86,9.1,3.61,Daloa,6.87,-6.45
2020-10-14,24.9,0.5,86,8.4,3.64,Daloa,6.87,-6.45
2020-10-15,24.0,11.4,92,9.7,2.7,Daloa,6.87,-6.45
2020-10-16,24.5,1.1,88,9.0,3.28,Daloa,6.87,-6.45
2020-10-17,24.9,6.0,89,8.8,3.61,Daloa,6.87,-6.45
2020-10-18,23.5,4.5,96,7.2,2.2,Daloa,6.87,-6.45
2020-10-19,23.9,0.0,90,9.2,1.86,Daloa,6.87,-6.45
2020-10-20,24.2,9.9,92,11.2,3.51,Daloa,6.87,-6.45
2020-10-21,24.6,3.4,91,8.7,3.32,Daloa,6.87,-6.45
2020-10-22,25.4,0.4,84,9.9,3.83,Daloa,6.87,-6.45
2020-10-23,25.0,1.6,89,8.4,3.09,Daloa,6.87,-6.45
2020-10-24,25.5,0.5,86,10.1,3.91,Daloa,6.87,-6.45
2020-10-25,25.5,0.5,87,11.9,3.58,Daloa,6.87,-6.45
2020-10-26,25.2,6.3,90,10.1,3.44,Daloa,6.87,-6.45
2020-10-27,25.7,1.1,85,10.1,3.81,Daloa,6.87,-6.45
2020-10-28,25.3,0.5,88,10.8,3.01,Daloa,6.87,-6.45
2020-10-29,25.5,0.0,84,9.0,3.48,Daloa,6.87,-6.45
2020-10-30,25.2,1.0,85,9.4,3.23,Daloa,6.87,-6.45
2020-10-31,25.8,0.1,84,8.7,3.68,Daloa,6.87,-6.45
2020-11-01,25.6,1.5,86,9.7,3.61,Daloa,6.87,-6.45
2020-11-02,25.5,0.4,85,10.7,3.24,Daloa,6.87,-6.45
2020-11-03,26.2,1.0,80,9.4,4.08,Daloa,6.87,-6.45
2020-11-04,25.8,0.7,83,9.3,3.8,Daloa,6.87,-6.45
2020-11-05,25.5,7.3,88,9.2,3.25,Daloa,6.87,-6.45
2020-11-06,25.1,5.9,88,10.7,2.89,Daloa,6.87,-6.45
2020-11-07,25.8,0.1,83,11.6,3.53,Daloa,6.87,-6.45
2020-11-08,25.8,0.1,81,14.0,3.74,Daloa,6.87,-6.45
2020-11-09,25.0,4.1,90,9.4,3.17,Daloa,6.87,-6.45
2020-11-10,24.9,4.0,88,10.6,3.29,Daloa,6.87,-6.45
2020-11-11,25.0,0.6,86,8.8,3.31,Daloa,6.87,-6.45
2020-11-12,25.3,1.1,84,9.7,3.11,Daloa,6.87,-6.45
2020-11-13,25.8,0.3,78,10.4,3.73,Daloa,6.87,-6.45
2020-11-14,25.7,0.1,77,10.9,3.98,Daloa,6.87,-6.45
2020-11-15,26.1,0.0,77,10.4,4.05,Daloa,6.87,-6.45
2020-11-16,25.9,0.4,83,9.8,3.39,Daloa,6.87,-6.45
2020-11-17,25.2,0.5,86,10.7,2.75,Daloa,6.87,-6.45
2020-11-18,25.5,1.7,84,11.6,3.34,Daloa,6.87,-6.45
2020-11-19,24.9,3.2,91,9.4,3.03,Daloa,6.87,-6.45
2020-11-20,25.2,1.2,86,11.2,3.4,Daloa,6.87,-6.45
2020-11-21,24.9,6.8,87,10.8,3.08,Daloa,6.87,-6.45
2020-11-22,25.4,1.2,83,12.3,3.38,Daloa,6.87,-6.45
2020-11-23,25.8,0.3,81,10.5,3.2,Daloa,6.87,-6.45
2020-11-24,25.6,0.7,83,11.7,3.3,Daloa,6.87,-6.45
2020-11-25,25.3,1.7,86,12.0,3.25,Daloa,6.87,-6.45
2020-11-26,25.9,0.7,81,10.5,3.53,Daloa,6.87,-6.45
2020-11-27,25.3,1.4,79,11.5,3.7,Daloa,6.87,-6.45
2020-11-28,25.3,0.3,84,8.2,3.14,Daloa,6.87,-6.45
2020-11-29,25.3,1.6,87,9.3,2.57,Daloa,6.87,-6.45
2020-11-30,25.6,0.4,83,8.6,3.21,Daloa,6.87,-6.45
2020-12-01,25.6,1.3,84,9.8,3.16,Daloa,6.87,-6.45
2020-12-02,25.8,0.7,81,12.1,3.43,Daloa,6.87,-6.45
2020-12-03,26.1,0.4,79,11.8,3.55,Daloa,6.87,-6.45
2020-12-04,26.0,0.4,81,11.4,3.56,Daloa,6.87,-6.45
2020-12-05,25.9,1.1,80,11.0,3.42,Daloa,6.87,-6.45
2020-12-06,25.3,0.5,85,11.8,3.09,Daloa,6.87,-6.45
2020-12-07,25.2,1.6,86,12.0,2.79,Daloa,6.87,-6.45
2020-12-08,25.4,0.5,85,8.7,2.55,Daloa,6.87,-6.45
2020-12-09,25.8,1.7,84,10.6,3.11,Daloa,6.87,-6.45
2020-12-10,25.6,0.4,85,10.8,2.8,Daloa,6.87,-6.45
2020-12-11,25.5,0.3,84,11.2,2.84,Daloa,6.87,-6.45
2020-12-12,25.8,0.4,83,11.2,3.26,Daloa,6.87,-6.45
2020-12-13,25.6,1.5,86,11.2,2.58,Daloa,6.87,-6.45
2020-12-14,25.6,1.4,86,8.7,2.72,Daloa,6.87,-6.45
2020-12-15,25.1,1.3,87,9.1,2.76,Daloa,6.87,-6.45
2020-12-16,24.9,3.2,90,9.5,2.73,Daloa,6.87,-6.45
2020-12-17,24.8,2.0,88,8.4,2.73,Daloa,6.87,-6.45
2020-12-18,25.0,3.5,89,11.8,2.78,Daloa,6.87,-6.45
2020-12-19,25.1,0.1,84,8.7,3.27,Daloa,6.87,-6.45
2020-12-20,25.5,1.5,84,9.7,2.9,Daloa,6.87,-6.45
2020-12-21,26.3,0.3,78,10.1,3.56,Daloa,6.87,-6.45
2020-12-22,26.4,0.5,80,11.3,3.47,Daloa,6.87,-6.45
2020-12-23,26.2,0.7,78,11.1,3.51,Daloa,6.87,-6.45
2020-12-24,25.1,0.8,86,9.6,2.43,Daloa,6.87,-6.45
2020-12-25,25.7,1.2,85,8.0,3.1,Daloa,6.87,-6.45
2020-12-26,26.5,0.1,80,10.4,3.47,Daloa,6.87,-6.45
2020-12-27,26.7,0.2,73,11.7,3.98,Daloa,6.87,-6.45
2020-12-28,26.4,0.4,76,11.3,3.85,Daloa,6.87,-6.45
2020-12-29,26.4,0.1,67,10.8,4.45,Daloa,6.87,-6.45
2020-12-30,25.7,0.0,68,11.3,4.2,Daloa,6.87,-6.45
2020-12-31,26.3,0.0,75,10.8,3.7,Daloa,6.87,-6.45
2021-01-01,26.8,0.0,72,11.6,4.0,Daloa,6.87,-6.45
2021-01-02,26.8,0.0,74,13.9,3.92,Daloa,6.87,-6.45
2021-01-03,26.6,0.4,80,10.7,3.41,Daloa,6.87,-6.45
2021-01-04,26.5,0.4,81,11.6,3.39,Daloa,6.87,-6.45
2021-01-05,25.9,2.0,84,10.2,3.02,Daloa,6.87,-6.45
2021-01-06,26.3,0.2,79,11.7,3.36,Daloa,6.87,-6.45
2021-01-07,26.3,0.5,77,12.5,3.08,Daloa,6.87,-6.45
2021-01-08,26.2,0.0,79,11.5,3.16,Daloa,6.87,-6.45
2021-01-09,26.8,0.3,80,11.2,3.16,Daloa,6.87,-6.45
2021-01-10,26.6,0.7,80,12.1,3.37,Daloa,6.87,-6.45
2021-01-11,25.3,4.1,87,13.1,2.66,Daloa,6.87,-6.45
2021-01-12,26.1,0.4,78,13.4,3.95,Daloa,6.87,-6.45
2021-01-13,25.6,0.6,80,11.2,3.14,Daloa,6.87,-6.45
2021-01-14,26.4,0.0,75,10.6,3.96,Daloa,6.87,-6.45
2021-01-15,26.2,0.2,78,10.1,3.59,Daloa,6.87,-6.45
2021-01-16,26.3,0.3,76,11.4,3.95,Daloa,6.87,-6.45
2021-01-17,26.8,0.0,65,10.8,4.58,Daloa,6.87,-6.45
2021-01-18,26.1,0.2,74,10.4,3.88,Daloa,6.87,-6.45
2021-01-19,26.9,0.2,75,13.8,3.83,Daloa,6.87,-6.45
2021-01-20,26.0,1.2,83,10.8,3.21,Daloa,6.87,-6.45
2021-01-21,26.9,0.3,73,11.9,4.14,Daloa,6.87,-6.45
2021-01-22,26.9,0.0,67,10.2,4.39,Daloa,6.87,-6.45
2021-01-23,26.6,0.0,63,10.1,4.56,Daloa,6.87,-6.45
2021-01-24,26.3,0.0,57,12.6,4.95,Daloa,6.87,-6.45
2021-01-25,26.8,0.2,67,12.1,4.23,Daloa,6.87,-6.45
2021-01-26,27.4,0.0,64,12.4,4.67,Daloa,6.87,-6.45
2021-01-27,27.1,0.0,73,11.2,4.04,Daloa,6.87,-6.45
2021-01-28,26.1,2.1,82,10.6,3.47,Daloa,6.87,-6.45
2021-01-29,27.1,0.3,76,11.9,4.03,Daloa,6.87,-6.45
2021-01-30,27.4,0.5,75,11.2,4.08,Daloa,6.87,-6.45
2021-01-31,27.7,0.0,70,10.9,4.37,Daloa,6.87,-6.45
2021-02-01,27.9,0.0,67,12.0,4.48,Daloa,6.87,-6.45
2021-02-02,27.9,0.4,70,12.8,4.36,Daloa,6.87,-6.45
2021-02-03,27.3,0.3,75,11.8,3.97,Daloa,6.87,-6.45
2021-02-04,28.4,0.0,67,12.6,4.41,Daloa,6.87,-6.45
2021-02-05,28.0,0.7,73,14.4,4.21,Daloa,6.87,-6.45
2021-02-06,28.1,0.4,72,11.9,4.0,Daloa,6.87,-6.45
2021-02-07,28.6,0.0,67,17.3,4.79,Daloa,6.87,-6.45
2021-02-08,27.5,0.7,75,13.3,3.87,Daloa,6.87,-6.45
2021-02-09,28.7,0.0,60,12.1,5.54,Daloa,6.87,-6.45
2021-02-10,28.7,0.0,65,12.0,4.78,Daloa,6.87,-6.45
2021-02-11,29.1,0.0,62,14.5,5.05,Daloa,6.87,-6.45
2021-02-12,29.3,0.0,63,12.6,4.95,Daloa,6.87,-6.45
2021-02-13,28.9,0.1,67,16.3,4.58,Daloa,6.87,-6.45
2021-02-14,27.6,7.1,77,14.7,4.1,Daloa,6.87,-6.45
2021-02-15,25.9,7.4,89,10.9,3.18,Daloa,6.87,-6.45
2021-02-16,26.7,4.0,80,11.0,3.69,Daloa,6.87,-6.45
2021-02-17,24.4,9.9,87,10.0,1.96,Daloa,6.87,-6.45
2021-02-18,25.2,3.1,81,7.1,2.65,Daloa,6.87,-6.45
2021-02-19,26.7,0.3,72,10.7,4.22,Daloa,6.87,-6.45
2021-02-20,27.1,0.3,72,10.2,4.39,Daloa,6.87,-6.45
2021-02-21,27.7,0.0,67,10.4,4.7,Daloa,6.87,-6.45
2021-02-22,27.5,0.0,62,12.0,5.17,Daloa,6.87,-6.45
2021-02-23,27.5,0.0,66,13.0,4.57,Daloa,6.87,-6.45
2021-02-24,27.9,0.0,65,14.1,4.92,Daloa,6.87,-6.45
2021-02-25,26.6,7.9,77,14.9,4.27,Daloa,6.87,-6.45
2021-02-26,26.6,0.8,77,10.9,3.88,Daloa,6.87,-6.45
2021-02-27,25.8,11.3,85,10.7,3.2,Daloa,6.87,-6.45
2021-02-28,25.4,8.8,86,10.8,3.18,Daloa,6.87,-6.45
2021-03-01,26.9,0.0,78,11.2,4.28,Daloa,6.87,-6.45
2021-03-02,28.2,0.0,73,11.6,4.46,Daloa,6.87,-6.45
2021-03-03,28.1,0.2,72,13.8,4.36,Daloa,6.87,-6.45
2021-03-04,28.0,1.2,77,13.7,3.65,Daloa,6.87,-6.45
2021-03-05,26.7,0.8,79,15.5,3.46,Daloa,6.87,-6.45
2021-03-06,26.2,17.3,84,13.0,3.76,Daloa,6.87,-6.45
2021-03-07,27.1,0.0,78,11.8,4.51,Daloa,6.87,-6.45
2021-03-08,27.7,0.7,74,12.4,4.09,Daloa,6.87,-6.45
2021-03-09,27.1,2.1,79,14.0,4.29,Daloa,6.87,-6.45
2021-03-10,26.4,5.2,82,12.0,3.24,Daloa,6.87,-6.45
2021-03-11,26.0,13.3,86,12.6,3.02,Daloa,6.87,-6.45
2021-03-12,25.5,5.6,88,11.9,2.87,Daloa,6.87,-6.45
2021-03-13,25.7,5.5,87,11.5,3.42,Daloa,6.87,-6.45
2021-03-14,25.9,0.5,82,13.1,3.69,Daloa,6.87,-6.45
2021-03-15,25.2,0.5,85,11.9,2.3,Daloa,6.87,-6.45
2021-03-16,27.0,0.1,74,11.1,4.49,Daloa,6.87,-6.45
2021-03-17,26.6,7.3,78,11.3,4.85,Daloa,6.87,-6.45
2021-03-18,25.1,1.1,84,11.6,2.7,Daloa,6.87,-6.45
2021-03-19,26.0,1.4,81,10.8,4.51,Daloa,6.87,-6.45
2021-03-20,25.7,5.6,85,10.8,3.69,Daloa,6.87,-6.45
2021-03-21,26.0,14.5,85,10.1,4.09,Daloa,6.87,-6.45
2021-03-22,25.9,18.2,83,15.3,4.19,Daloa,6.87,-6.45
2021-03-23,25.8,0.3,83,13.5,3.6,Daloa,6.87,-6.45
2021-03-24,26.7,0.4,79,11.0,3.88,Daloa,6.87,-6.45
2021-03-25,27.1,0.1,72,10.7,4.95,Daloa,6.87,-6.45
2021-03-26,26.5,1.1,80,12.2,4.34,Daloa,6.87,-6.45
2021-03-27,26.3,1.0,82,11.8,3.62,Daloa,6.87,-6.45
2021-03-28,25.9,7.3,85,8.3,3.52,Daloa,6.87,-6.45
2021-03-29,25.9,1.1,85,9.7,3.57,Daloa,6.87,-6.45
2021-03-30,26.1,1.8,84,13.5,4.33,Daloa,6.87,-6.45
2021-03-31,27.1,0.0,76,11.5,4.74,Daloa,6.87,-6.45
2021-04-01,27.2,0.2,78,11.0,3.87,Daloa,6.87,-6.45
2021-04-02,27.8,0.0,73,11.2,4.98,Daloa,6.87,-6.45
2021-04-03,27.1,0.6,80,11.0,3.93,Daloa,6.87,-6.45
2021-04-04,27.3,0.4,80,12.6,4.13,Daloa,6.87,-6.45
2021-04-05,26.4,1.2,83,11.7,3.38,Daloa,6.87,-6.45
2021-04-06,26.7,0.7,82,11.0,3.2,Daloa,6.87,-6.45
2021-04-07,27.0,4.2,83,12.4,3.76,Daloa,6.87,-6.45
2021-04-08,26.9,3.6,83,12.2,3.69,Daloa,6.87,-6.45
2021-04-09,26.1,4.5,87,11.9,2.97,Daloa,6.87,-6.45
2021-04-10,25.8,0.4,81,12.9,2.96,Daloa,6.87,-6.45
2021-04-11,26.9,0.0,77,12.5,4.32,Daloa,6.87,-6.45
2021-04-12,27.2,0.4,78,10.6,4.3,Daloa,6.87,-6.45
2021-04-13,26.4,2.3,84,12.9,3.44,Daloa,6.87,-6.45
2021-04-14,27.0,1.4,77,11.1,3.4,Daloa,6.87,-6.45
2021-04-15,27.8,0.5,76,10.4,4.63,Daloa,6.87,-6.45
2021-04-16,26.4,5.2,85,13.2,3.67,Daloa,6.87,-6.45
2021-04-17,25.0,6.1,89,9.2,2.31,Daloa,6.87,-6.45
2021-04-18,27.0,0.9,76,11.8,4.97,Daloa,6.87,-6.45
2021-04-19,26.2,7.9,84,11.4,3.2,Daloa,6.87,-6.45
2021-04-20,27.4,0.1,77,10.5,4.85,Daloa,6.87,-6.45
2021-04-21,26.7,8.0,84,11.8,3.94,Daloa,6.87,-6.45
2021-04-22,26.4,3.6,85,9.4,3.78,Daloa,6.87,-6.45
2021-04-23,27.0,0.5,83,12.3,4.26,Daloa,6.87,-6.45
2021-04-24,27.2,1.9,82,11.8,3.83,Daloa,6.87,-6.45
2021-04-25,25.4,10.3,88,13.6,2.45,Daloa,6.87,-6.45
2021-04-26,27.2,0.0,79,10.8,4.79,Daloa,6.87,-6.45
2021-04-27,26.6,7.0,85,12.2,3.93,Daloa,6.87,-6.45
2021-04-28,26.7,0.2,83,8.7,3.97,Daloa,6.87,-6.45
2021-04-29,27.6,0.0,75,10.9,4.69,Daloa,6.87,-6.45
2021-04-30,27.2,1.9,82,10.2,4.08,Daloa,6.87,-6.45
2021-05-01,27.5,1.0,79,10.6,4.27,Daloa,6.87,-6.45
2021-05-02,27.2,1.5,80,12.6,4.33,Daloa,6.87,-6.45
2021-05-03,26.8,10.5,80,11.5,3.8,Daloa,6.87,-6.45
2021-05-04,25.1,7.7,88,10.2,3.12,Daloa,6.87,-6.45
2021-05-05,26.8,0.2,79,12.7,4.19,Daloa,6.87,-6.45
2021-05-06,25.3,2.6,86,14.3,2.68,Daloa,6.87,-6.45
2021-05-07,25.7,0.3,82,8.6,3.11,Daloa,6.87,-6.45
2021-05-08,25.9,0.7,83,11.2,3.81,Daloa,6.87,-6.45
2021-05-09,25.6,3.5,84,11.9,3.74,Daloa,6.87,-6.45
2021-05-10,25.7,1.7,85,10.7,3.77,Daloa,6.87,-6.45
2021-05-11,26.3,0.1,81,10.1,3.59,Daloa,6.87,-6.45
2021-05-12,26.6,0.5,80,9.7,4.01,Daloa,6.87,-6.45
2021-05-13,27.1,0.2,79,10.3,4.54,Daloa,6.87,-6.45
2021-05-14,27.2,0.7,80,15.3,4.16,Daloa,6.87,-6.45
2021-05-15,26.6,1.4,84,11.3,3.9,Daloa,6.87,-6.45
2021-05-16,26.8,1.4,79,8.7,4.1,Daloa,6.87,-6.45
2021-05-17,26.4,1.2,83,11.4,4.1,Daloa,6.87,-6.45
2021-05-18,26.4,3.1,85,10.7,3.71,Daloa,6.87,-6.45
2021-05-19,25.8,1.1,85,11.1,3.85,Daloa,6.87,-6.45
2021-05-20,26.7,0.0,75,11.2,4.33,Daloa,6.87,-6.45
2021-05-21,25.6,2.2,84,14.1,3.05,Daloa,6.87,-6.45
2021-05-22,26.2,0.2,82,10.6,3.43,Daloa,6.87,-6.45
2021-05-23,27.1,0.3,79,8.8,4.2,Daloa,6.87,-6.45
2021-05-24,26.4,3.6,85,10.1,3.82,Daloa,6.87,-6.45
2021-05-25,26.5,1.5,84,8.7,3.9,Daloa,6.87,-6.45
2021-05-26,27.0,1.2,81,10.1,3.92,Daloa,6.87,-6.45
2021-05-27,27.0,3.8,83,10.1,4.22,Daloa,6.87,-6.45
2021-05-28,26.6,3.6,86,8.0,4.11,Daloa,6.87,-6.45
2021-05-29,26.8,7.9,85,10.4,3.9,Daloa,6.87,-6.45
2021-05-30,26.1,8.0,88,8.8,3.37,Daloa,6.87,-6.45
2021-05-31,24.7,6.6,91,10.6,1.98,Daloa,6.87,-6.45
2021-06-01,26.2,0.5,81,9.5,3.94,Daloa,6.87,-6.45
2021-06-02,26.2,8.1,86,10.8,3.69,Daloa,6.87,-6.45
2021-06-03,26.4,2.6,85,9.4,4.17,Daloa,6.87,-6.45
2021-06-04,25.0,18.3,93,9.4,2.58,Daloa,6.87,-6.45
2021-06-05,25.6,2.7,87,9.8,3.4,Daloa,6.87,-6.45
2021-06-06,25.4,8.4,90,9.9,3.62,Daloa,6.87,-6.45
2021-06-07,24.9,3.8,87,11.7,3.52,Daloa,6.87,-6.45
2021-06-08,25.7,6.2,88,7.2,3.68,Daloa,6.87,-6.45
2021-06-09,25.5,19.5,89,10.4,3.65,Daloa,6.87,-6.45
2021-06-10,24.3,32.3,92,9.4,2.65,Daloa,6.87,-6.45
2021-06-11,23.9,8.1,94,11.3,2.18,Daloa,6.87,-6.45
2021-06-12,25.6,8.7,87,9.7,3.88,Daloa,6.87,-6.45
2021-06-13,25.2,5.3,89,10.1,3.24,Daloa,6.87,-6.45
2021-06-14,25.4,6.7,85,10.0,3.51,Daloa,6.87,-6.45
2021-06-15,25.1,7.9,88,14.8,3.7,Daloa,6.87,-6.45
2021-06-16,24.8,0.1,83,13.4,2.68,Daloa,6.87,-6.45
2021-06-17,25.7,0.4,81,10.3,3.9,Daloa,6.87,-6.45
2021-06-18,25.4,1.5,84,13.2,3.53,Daloa,6.87,-6.45
2021-06-19,24.7,12.6,87,10.7,3.32,Daloa,6.87,-6.45
2021-06-20,24.1,9.3,91,10.9,3.08,Daloa,6.87,-6.45
2021-06-21,24.0,12.1,91,9.4,2.88,Daloa,6.87,-6.45
2021-06-22,23.9,6.2,91,10.4,2.09,Daloa,6.87,-6.45
2021-06-23,22.9,23.5,95,11.2,2.34,Daloa,6.87,-6.45
2021-06-24,23.5,4.4,90,11.4,2.92,Daloa,6.87,-6.45
2021-06-25,23.4,5.6,95,6.5,2.25,Daloa,6.87,-6.45
2021-06-26,24.6,5.2,87,7.3,3.46,Daloa,6.87,-6.45
2021-06-27,24.1,3.2,88,11.7,2.3,Daloa,6.87,-6.45
2021-06-28,25.3,0.7,81,10.8,4.04,Daloa,6.87,-6.45
2021-06-29,24.9,0.6,82,11.1,3.65,Daloa,6.87,-6.45
2021-06-30,24.5,4.0,87,12.1,3.5,Daloa,6.87,-6.45
2021-07-01,23.9,7.7,91,9.2,2.79,Daloa,6.87,-6.45
2021-07-02,23.7,28.2,91,12.7,3.07,Daloa,6.87,-6.45
2021-07-03,23.7,3.3,87,14.0,2.21,Daloa,6.87,-6.45
2021-07-04,23.5,9.4,90,10.8,2.44,Daloa,6.87,-6.45
2021-07-05,23.6,7.4,91,8.4,2.85,Daloa,6.87,-6.45
2021-07-06,23.7,11.1,91,11.3,2.85,Daloa,6.87,-6.45
2021-07-07,24.5,5.9,87,14.5,3.59,Daloa,6.87,-6.45
2021-07-08,24.7,5.1,86,12.5,3.53,Daloa,6.87,-6.45
2021-07-09,24.5,5.0,85,15.6,3.69,Daloa,6.87,-6.45
2021-07-10,24.0,4.6,89,12.3,2.88,Daloa,6.87,-6.45
2021-07-11,24.5,0.9,82,11.3,3.51,Daloa,6.87,-6.45
2021-07-12,25.2,1.5,79,9.4,3.73,Daloa,6.87,-6.45
2021-07-13,25.1,3.4,80,10.5,4.01,Daloa,6.87,-6.45
2021-07-14,24.4,12.6,87,13.7,3.41,Daloa,6.87,-6.45
2021-07-15,24.0,14.0,88,11.2,3.04,Daloa,6.87,-6.45
2021-07-16,24.1,10.3,87,11.6,2.35,Daloa,6.87,-6.45
2021-07-17,23.0,20.1,96,9.2,1.73,Daloa,6.87,-6.45
2021-07-18,24.5,2.3,84,10.9,3.28,Daloa,6.87,-6.45
2021-07-19,24.2,1.4,82,10.4,2.36,Daloa,6.87,-6.45
2021-07-20,23.9,3.6,87,11.6,2.59,Daloa,6.87,-6.45
2021-07-21,24.3,1.0,84,12.8,2.72,Daloa,6.87,-6.45
2021-07-22,24.3,3.3,86,14.0,3.1,Daloa,6.87,-6.45
2021-07-23,23.2,4.5,90,15.6,2.41,Daloa,6.87,-6.45
2021-07-24,24.3,1.6,79,13.5,3.2,Daloa,6.87,-6.45
2021-07-25,24.3,0.9,78,11.0,3.47,Daloa,6.87,-6.45
2021-07-26,24.0,0.6,83,11.6,2.63,Daloa,6.87,-6.45
2021-07-27,24.4,3.0,84,13.9,2.76,Daloa,6.87,-6.45
2021-07-28,23.3,5.2,92,13.0,1.61,Daloa,6.87,-6.45
2021-07-29,23.9,3.5,84,13.4,3.03,Daloa,6.87,-6.45
2021-07-30,24.7,3.1,82,12.1,3.63,Daloa,6.87,-6.45
2021-07-31,24.4,9.1,87,12.4,3.31,Daloa,6.87,-6.45
2021-08-01,23.0,13.2,94,11.2,2.32,Daloa,6.87,-6.45
2021-08-02,24.8,1.6,80,9.9,3.47,Daloa,6.87,-6.45
2021-08-03,25.2,0.3,78,12.6,3.69,Daloa,6.87,-6.45
2021-08-04,24.3,3.9,85,15.6,2.82,Daloa,6.87,-6.45
2021-08-05,24.4,3.9,89,13.0,3.31,Daloa,6.87,-6.45
2021-08-06,25.1,2.0,82,12.4,3.92,Daloa,6.87,-6.45
2021-08-07,25.6,0.0,75,13.4,4.3,Daloa,6.87,-6.45
2021-08-08,24.9,6.0,76,12.8,3.99,Daloa,6.87,-6.45
2021-08-09,23.1,14.6,95,11.2,1.88,Daloa,6.87,-6.45
2021-08-10,24.1,3.8,87,14.5,3.46,Daloa,6.87,-6.45
2021-08-11,23.4,28.0,94,12.9,1.98,Daloa,6.87,-6.45
2021-08-12,23.3,41.3,94,12.6,1.95,Daloa,6.87,-6.45
2021-08-13,24.1,2.7,86,14.3,3.2,Daloa,6.87,-6.45
2021-08-14,24.3,0.0,74,13.2,3.99,Daloa,6.87,-6.45
2021-08-15,24.1,0.7,78,14.2,3.04,Daloa,6.87,-6.45
2021-08-16,24.6,0.6,79,13.0,3.45,Daloa,6.87,-6.45
2021-08-17,24.5,1.1,81,12.0,2.86,Daloa,6.87,-6.45
2021-08-18,25.3,0.9,76,13.5,4.29,Daloa,6.87,-6.45
2021-08-19,25.1,1.0,80,13.0,3.92,Daloa,6.87,-6.45
2021-08-20,23.4,14.3,90,10.4,2.43,Daloa,6.87,-6.45
2021-08-21,24.3,7.1,89,9.7,3.1,Daloa,6.87,-6.45
2021-08-22,23.4,17.3,94,10.5,2.51,Daloa,6.87,-6.45
2021-08-23,24.3,2.9,88,10.0,2.62,Daloa,6.87,-6.45
2021-08-24,23.9,14.0,91,9.5,3.09,Daloa,6.87,-6.45
2021-08-25,23.5,19.3,93,9.9,2.64,Daloa,6.87,-6.45
2021-08-26,24.3,6.4,90,9.4,3.26,Daloa,6.87,-6.45
2021-08-27,24.5,47.3,90,12.2,3.48,Daloa,6.87,-6.45
2021-08-28,24.5,15.5,93,8.6,3.16,Daloa,6.87,-6.45
2021-08-29,22.4,110.2,100,9.7,0.77,Daloa,6.87,-6.45
2021-08-30,23.6,26.7,91,12.7,2.68,Daloa,6.87,-6.45
2021-08-31,23.5,63.3,94,7.4,1.67,Daloa,6.87,-6.45
2021-09-01,24.1,7.0,90,9.2,3.53,Daloa,6.87,-6.45
2021-09-02,23.8,7.0,92,9.7,2.48,Daloa,6.87,-6.45
2021-09-03,24.4,2.7,87,12.4,3.51,Daloa,6.87,-6.45
2021-09-04,24.0,7.3,90,14.5,2.68,Daloa,6.87,-6.45
2021-09-05,24.1,10.3,90,11.9,3.38,Daloa,6.87,-6.45
2021-09-06,24.4,7.7,86,9.1,2.89,Daloa,6.87,-6.45
2021-09-07,25.6,2.3,81,8.4,3.81,Daloa,6.87,-6.45
2021-09-08,26.5,0.8,79,10.1,4.07,Daloa,6.87,-6.45
2021-09-09,24.5,27.0,92,10.9,2.77,Daloa,6.87,-6.45
2021-09-10,24.6,3.0,88,14.0,3.69,Daloa,6.87,-6.45
2021-09-11,24.7,3.3,91,6.6,3.1,Daloa,6.87,-6.45
2021-09-12,23.8,10.9,92,8.9,2.19,Daloa,6.87,-6.45
2021-09-13,24.5,6.6,89,9.4,3.38,Daloa,6.87,-6.45
2021-09-14,24.7,3.6,89,9.4,3.37,Daloa,6.87,-6.45
2021-09-15,22.9,23.1,97,12.9,1.4,Daloa,6.87,-6.45
2021-09-16,24.8,1.7,86,11.4,3.61,Daloa,6.87,-6.45
2021-09-17,24.6,8.5,88,10.4,3.49,Daloa,6.87,-6.45
2021-09-18,24.4,8.8,89,7.9,3.62,Daloa,6.87,-6.45
2021-09-19,24.6,2.3,87,9.8,3.74,Daloa,6.87,-6.45
2021-09-20,24.7,5.4,89,9.2,3.67,Daloa,6.87,-6.45
2021-09-21,25.3,7.7,87,12.6,3.77,Daloa,6.87,-6.45
2021-09-22,24.7,2.0,89,9.0,3.56,Daloa,6.87,-6.45
2021-09-23,24.7,3.4,90,9.2,3.69,Daloa,6.87,-6.45
2021-09-24,25.3,10.7,88,10.8,4.04,Daloa,6.87,-6.45
2021-09-25,24.2,55.5,93,9.6,3.11,Daloa,6.87,-6.45
2021-09-26,22.8,74.3,99,10.5,1.31,Daloa,6.87,-6.45
2021-09-27,23.4,2.1,92,8.5,1.79,Daloa,6.87,-6.45
2021-09-28,25.0,6.8,85,12.4,4.45,Daloa,6.87,-6.45
2021-09-29,24.5,1.3,88,9.4,3.49,Daloa,6.87,-6.45
2021-09-30,24.9,2.5,85,8.5,4.09,Daloa,6.87,-6.45
2021-10-01,24.6,5.2,90,7.4,3.64,Daloa,6.87,-6.45
2021-10-02,24.2,9.4,91,8.4,3.0,Daloa,6.87,-6.45
2021-10-03,24.6,0.1,87,4.8,2.82,Daloa,6.87,-6.45
2021-10-04,25.6,1.1,84,9.0,3.98,Daloa,6.87,-6.45
2021-10-05,25.3,3.4,88,8.6,3.91,Daloa,6.87,-6.45
2021-10-06,24.9,6.3,89,8.8,3.28,Daloa,6.87,-6.45
2021-10-07,24.4,15.2,91,9.0,2.69,Daloa,6.87,-6.45
2021-10-08,26.0,0.6,83,9.8,3.86,Daloa,6.87,-6.45
2021-10-09,26.0,0.9,84,10.7,4.05,Daloa,6.87,-6.45
2021-10-10,25.0,3.2,88,10.3,3.3,Daloa,6.87,-6.45
2021-10-11,24.8,2.3,91,8.0,2.91,Daloa,6.87,-6.45
2021-10-12,25.5,1.5,86,11.2,4.07,Daloa,6.87,-6.45
2021-10-13,25.7,0.0,81,9.7,4.72,Daloa,6.87,-6.45
2021-10-14,25.8,0.3,81,9.4,4.47,Daloa,6.87,-6.45
2021-10-15,26.2,1.1,82,11.2,4.34,Daloa,6.87,-6.45
2021-10-16,25.3,2.1,85,10.5,3.51,Daloa,6.87,-6.45
2021-10-17,25.2,0.6,83,9.4,3.98,Daloa,6.87,-6.45
2021-10-18,24.7,1.8,86,14.5,3.03,Daloa,6.87,-6.45
2021-10-19,24.7,2.3,87,15.8,2.8,Daloa,6.87,-6.45
2021-10-20,25.1,3.1,86,10.5,3.61,Daloa,6.87,-6.45
2021-10-21,24.9,7.6,87,10.1,3.64,Daloa,6.87,-6.45
2021-10-22,24.2,7.1,90,11.7,2.78,Daloa,6.87,-6.45
2021-10-23,24.4,2.9,88,7.6,2.8,Daloa,6.87,-6.45
2021-10-24,24.2,2.4,90,10.5,3.08,Daloa,6.87,-6.45
2021-10-25,23.7,7.2,94,8.0,2.44,Daloa,6.87,-6.45
2021-10-26,25.2,0.4,84,11.2,3.98,Daloa,6.87,-6.45
2021-10-27,25.1,0.7,85,8.5,3.41,Daloa,6.87,-6.45
2021-10-28,25.1,1.1,85,12.0,3.89,Daloa,6.87,-6.45
2021-10-29,24.3,2.2,90,9.8,2.48,Daloa,6.87,-6.45
2021-10-30,23.9,7.6,90,8.3,2.78,Daloa,6.87,-6.45
2021-10-31,25.5,0.3,83,11.9,3.95,Daloa,6.87,-6.45
2021-11-01,25.4,0.5,81,11.9,3.52,Daloa,6.87,-6.45
2021-11-02,25.5,0.2,81,10.8,4.08,Daloa,6.87,-6.45
2021-11-03,25.5,0.2,81,9.7,4.05,Daloa,6.87,-6.45
2021-11-04,25.8,0.4,81,9.0,4.23,Daloa,6.87,-6.45
2021-11-05,25.3,1.1,84,13.7,3.37,Daloa,6.87,-6.45
2021-11-06,24.7,10.9,83,8.9,3.42,Daloa,6.87,-6.45
2021-11-07,25.9,0.0,81,10.9,4.42,Daloa,6.87,-6.45
2021-11-08,26.1,0.9,79,10.9,4.15,Daloa,6.87,-6.45
2021-11-09,25.1,0.6,85,11.6,3.51,Daloa,6.87,-6.45
2021-11-10,24.4,7.9,89,8.4,3.15,Daloa,6.87,-6.45
2021-11-11,25.3,4.6,85,9.7,3.57,Daloa,6.87,-6.45
2021-11-12,24.7,18.4,87,14.8,3.54,Daloa,6.87,-6.45
2021-11-13,24.5,4.7,90,8.6,2.86,Daloa,6.87,-6.45
2021-11-14,25.3,1.0,86,8.1,3.6,Daloa,6.87,-6.45
2021-11-15,25.2,7.0,87,15.7,3.44,Daloa,6.87,-6.45
2021-11-16,24.7,0.4,84,20.7,3.57,Daloa,6.87,-6.45
2021-11-17,25.7,0.0,80,9.7,4.03,Daloa,6.87,-6.45
2021-11-18,26.2,0.0,79,10.8,4.09,Daloa,6.87,-6.45
2021-11-19,26.9,0.0,74,13.3,4.78,Daloa,6.87,-6.45
2021-11-20,26.7,0.1,77,12.6,4.31,Daloa,6.87,-6.45
2021-11-21,26.4,0.2,78,14.4,4.16,Daloa,6.87,-6.45
2021-11-22,26.5,0.4,78,11.0,3.78,Daloa,6.87,-6.45
2021-11-23,26.1,0.3,80,10.9,4.06,Daloa,6.87,-6.45
2021-11-24,26.8,0.3,73,11.6,4.36,Daloa,6.87,-6.45
2021-11-25,26.7,0.0,73,13.8,4.72,Daloa,6.87,-6.45
2021-11-26,26.4,0.2,77,11.2,3.84,Daloa,6.87,-6.45
2021-11-27,26.0,0.2,81,10.2,3.53,Daloa,6.87,-6.45
2021-11-28,25.5,8.4,84,9.3,3.57,Daloa,6.87,-6.45
2021-11-29,25.6,0.4,82,11.5,3.14,Daloa,6.87,-6.45
2021-11-30,25.9,0.2,79,10.7,3.68,Daloa,6.87,-6.45
2021-12-01,26.4,0.1,77,12.6,3.98,Daloa,6.87,-6.45
2021-12-02,26.3,0.0,78,12.3,3.91,Daloa,6.87,-6.45
2021-12-03,27.0,0.1,75,11.3,4.08,Daloa,6.87,-6.45
2021-12-04,26.8,0.1,75,11.8,3.85,Daloa,6.87,-6.45
2021-12-05,26.9,0.0,76,11.2,4.14,Daloa,6.87,-6.45
2021-12-06,27.1,0.1,72,11.9,4.34,Daloa,6.87,-6.45
2021-12-07,27.0,0.0,72,11.2,3.94,Daloa,6.87,-6.45
2021-12-08,26.5,0.1,78,11.6,4.0,Daloa,6.87,-6.45
2021-12-09,26.8,0.0,72,12.1,4.49,Daloa,6.87,-6.45
2021-12-10,26.9,0.0,74,10.8,4.23,Daloa,6.87,-6.45
2021-12-11,27.2,0.0,69,11.9,4.46,Daloa,6.87,-6.45
2021-12-12,26.9,0.0,72,11.2,4.07,Daloa,6.87,-6.45
2021-12-13,27.4,0.0,71,11.6,4.35,Daloa,6.87,-6.45
2021-12-14,26.8,0.4,76,10.9,3.92,Daloa,6.87,-6.45
2021-12-15,25.8,1.7,82,12.2,3.21,Daloa,6.87,-6.45
2021-12-16,25.9,0.9,81,9.4,3.61,Daloa,6.87,-6.45
2021-12-17,26.1,0.0,72,10.6,4.42,Daloa,6.87,-6.45
2021-12-18,25.9,0.0,69,10.9,4.51,Daloa,6.87,-6.45
2021-12-19,25.8,0.0,68,11.5,4.44,Daloa,6.87,-6.45
2021-12-20,25.7,0.0,68,11.0,4.44,Daloa,6.87,-6.45
2021-12-21,25.3,0.0,43,10.8,5.33,Daloa,6.87,-6.45
2021-12-22,25.5,0.0,41,11.8,5.47,Daloa,6.87,-6.45
2021-12-23,25.3,0.0,45,11.6,4.96,Daloa,6.87,-6.45
2021-12-24,26.0,0.0,65,11.5,4.27,Daloa,6.87,-6.45
2021-12-25,26.9,0.0,64,12.5,4.6,Daloa,6.87,-6.45
2021-12-26,26.6,0.0,66,12.6,4.33,Daloa,6.87,-6.45
2021-12-27,26.9,0.0,66,15.1,4.61,Daloa,6.87,-6.45
2021-12-28,26.6,0.1,65,12.7,4.43,Daloa,6.87,-6.45
2021-12-29,26.8,0.0,59,14.2,4.91,Daloa,6.87,-6.45
2021-12-30,27.1,0.0,63,9.4,4.59,Daloa,6.87,-6.45
2021-12-31,27.1,0.0,63,13.2,4.76,Daloa,6.87,-6.45
2020-01-01,25.9,0.0,60,10.9,4.6,Yamoussoukro,6.82,-5.28
2020-01-02,25.1,0.0,37,11.5,5.22,Yamoussoukro,6.82,-5.28
2020-01-03,24.5,0.0,29,12.5,5.87,Yamoussoukro,6.82,-5.28
2020-01-04,24.1,0.0,31,12.4,5.62,Yamoussoukro,6.82,-5.28
2020-01-05,24.2,0.0,34,11.5,5.13,Yamoussoukro,6.82,-5.28
2020-01-06,24.9,0.0,41,9.5,4.74,Yamoussoukro,6.82,-5.28
2020-01-07,25.0,0.0,45,10.8,4.73,Yamoussoukro,6.82,-5.28
2020-01-08,26.0,0.0,56,10.2,4.36,Yamoussoukro,6.82,-5.28
2020-01-09,27.1,0.0,56,10.4,4.59,Yamoussoukro,6.82,-5.28
2020-01-10,27.4,0.0,68,11.2,3.91,Yamoussoukro,6.82,-5.28
2020-01-11,27.2,0.4,74,11.5,3.7,Yamoussoukro,6.82,-5.28
2020-01-12,28.5,0.0,66,9.5,4.14,Yamoussoukro,6.82,-5.28
2020-01-13,28.1,0.0,66,9.5,4.01,Yamoussoukro,6.82,-5.28
2020-01-14,27.6,0.0,56,10.3,5.08,Yamoussoukro,6.82,-5.28
2020-01-15,27.8,0.0,50,9.7,4.82,Yamoussoukro,6.82,-5.28
2020-01-16,27.4,0.0,44,10.1,5.42,Yamoussoukro,6.82,-5.28
2020-01-17,27.2,0.0,64,11.6,4.47,Yamoussoukro,6.82,-5.28
2020-01-18,27.7,0.0,65,10.7,4.02,Yamoussoukro,6.82,-5.28
2020-01-19,27.4,0.0,49,13.7,5.18,Yamoussoukro,6.82,-5.28
2020-01-20,27.6,0.1,70,11.7,4.34,Yamoussoukro,6.82,-5.28
2020-01-21,26.9,5.3,82,7.7,3.09,Yamoussoukro,6.82,-5.28
2020-01-22,27.0,2.6,81,9.7,3.23,Yamoussoukro,6.82,-5.28
2020-01-23,28.2,0.0,70,7.7,4.3,Yamoussoukro,6.82,-5.28
2020-01-24,27.3,0.0,56,12.2,5.18,Yamoussoukro,6.82,-5.28
2020-01-25,26.8,0.0,58,14.1,5.12,Yamoussoukro,6.82,-5.28
2020-01-26,27.1,0.2,70,10.9,4.03,Yamoussoukro,6.82,-5.28
2020-01-27,28.0,0.0,70,10.8,4.07,Yamoussoukro,6.82,-5.28
2020-01-28,28.3,0.0,66,10.6,4.52,Yamoussoukro,6.82,-5.28
2020-01-29,28.5,0.0,61,7.3,4.63,Yamoussoukro,6.82,-5.28
2020-01-30,27.7,0.0,65,12.0,4.53,Yamoussoukro,6.82,-5.28
2020-01-31,28.0,0.0,65,10.8,4.75,Yamoussoukro,6.82,-5.28
2020-02-01,27.7,0.0,64,11.5,4.94,Yamoussoukro,6.82,-5.28
2020-02-02,27.4,0.0,63,10.4,4.69,Yamoussoukro,6.82,-5.28
2020-02-03,26.6,0.0,47,10.4,5.45,Yamoussoukro,6.82,-5.28
2020-02-04,25.5,0.0,49,7.4,4.98,Yamoussoukro,6.82,-5.28
2020-02-05,25.7,0.0,56,11.2,4.59,Yamoussoukro,6.82,-5.28
2020-02-06,26.5,0.0,59,13.9,4.82,Yamoussoukro,6.82,-5.28
2020-02-07,27.5,0.0,57,10.7,5.31,Yamoussoukro,6.82,-5.28
2020-02-08,27.0,0.0,41,8.1,5.59,Yamoussoukro,6.82,-5.28
2020-02-09,27.9,0.0,61,13.7,4.97,Yamoussoukro,6.82,-5.28
2020-02-10,27.9,0.7,70,16.4,3.6,Yamoussoukro,6.82,-5.28
2020-02-11,27.8,7.1,73,8.6,2.71,Yamoussoukro,6.82,-5.28
2020-02-12,27.9,0.0,32,14.8,6.01,Yamoussoukro,6.82,-5.28
2020-02-13,27.3,0.0,50,10.9,5.52,Yamoussoukro,6.82,-5.28
2020-02-14,28.1,0.0,54,9.2,5.36,Yamoussoukro,6.82,-5.28
2020-02-15,27.2,0.0,46,10.1,5.38,Yamoussoukro,6.82,-5.28
2020-02-16,28.2,0.0,50,13.0,5.86,Yamoussoukro,6.82,-5.28
2020-02-17,29.3,0.0,63,11.7,5.06,Yamoussoukro,6.82,-5.28
2020-02-18,29.2,0.0,68,13.2,4.86,Yamoussoukro,6.82,-5.28
2020-02-19,29.2,0.2,68,12.1,4.74,Yamoussoukro,6.82,-5.28
2020-02-20,29.0,0.4,72,11.2,4.16,Yamoussoukro,6.82,-5.28
2020-02-21,28.2,3.6,76,12.0,3.89,Yamoussoukro,6.82,-5.28
2020-02-22,28.7,1.5,74,14.1,3.83,Yamoussoukro,6.82,-5.28
2020-02-23,29.4,1.3,70,12.8,4.49,Yamoussoukro,6.82,-5.28
2020-02-24,30.4,0.1,66,12.6,4.47,Yamoussoukro,6.82,-5.28
2020-02-25,30.7,0.3,58,12.1,5.07,Yamoussoukro,6.82,-5.28
2020-02-26,30.1,0.0,59,11.5,5.13,Yamoussoukro,6.82,-5.28
2020-02-27,30.3,0.0,60,13.7,4.99,Yamoussoukro,6.82,-5.28
2020-02-28,29.0,3.9,73,14.8,4.47,Yamoussoukro,6.82,-5.28
2020-02-29,30.1,0.1,61,12.3,5.06,Yamoussoukro,6.82,-5.28
2020-03-01,30.9,0.0,61,16.0,5.4,Yamoussoukro,6.82,-5.28
2020-03-02,29.8,0.1,66,14.6,4.69,Yamoussoukro,6.82,-5.28
2020-03-03,29.0,0.7,74,15.1,4.22,Yamoussoukro,6.82,-5.28
2020-03-04,28.2,3.6,78,13.5,3.77,Yamoussoukro,6.82,-5.28
2020-03-05,28.4,0.5,77,14.0,3.31,Yamoussoukro,6.82,-5.28
2020-03-06,27.8,1.7,80,17.9,3.59,Yamoussoukro,6.82,-5.28
2020-03-07,27.7,0.3,77,12.6,3.4,Yamoussoukro,6.82,-5.28
2020-03-08,28.8,1.1,73,13.2,4.41,Yamoussoukro,6.82,-5.28
2020-03-09,28.5,1.5,75,15.3,3.43,Yamoussoukro,6.82,-5.28
2020-03-10,27.1,11.9,81,10.5,2.98,Yamoussoukro,6.82,-5.28
2020-03-11,28.0,2.0,78,13.2,4.35,Yamoussoukro,6.82,-5.28
2020-03-12,29.5,0.2,71,16.1,4.76,Yamoussoukro,6.82,-5.28
2020-03-13,29.3,0.2,71,13.1,4.45,Yamoussoukro,6.82,-5.28
2020-03-14,29.0,0.4,72,13.4,4.17,Yamoussoukro,6.82,-5.28
2020-03-15,28.7,0.8,71,13.7,3.68,Yamoussoukro,6.82,-5.28
2020-03-16,28.4,0.2,74,9.7,4.58,Yamoussoukro,6.82,-5.28
2020-03-17,29.1,1.2,69,10.9,4.42,Yamoussoukro,6.82,-5.28
2020-03-18,28.2,4.8,77,14.9,4.09,Yamoussoukro,6.82,-5.28
2020-03-19,27.1,4.1,83,14.2,3.46,Yamoussoukro,6.82,-5.28
2020-03-20,28.5,0.3,76,9.7,4.32,Yamoussoukro,6.82,-5.28
2020-03-21,28.8,6.2,72,9.4,4.26,Yamoussoukro,6.82,-5.28
2020-03-22,27.1,10.8,84,8.2,3.49,Yamoussoukro,6.82,-5.28
2020-03-23,26.1,17.3,84,15.7,3.78,Yamoussoukro,6.82,-5.28
2020-03-24,26.3,2.9,80,12.6,3.12,Yamoussoukro,6.82,-5.28
2020-03-25,26.5,5.7,80,10.8,3.5,Yamoussoukro,6.82,-5.28
2020-03-26,27.0,13.1,82,16.7,4.08,Yamoussoukro,6.82,-5.28
2020-03-27,26.1,12.1,89,8.4,2.41,Yamoussoukro,6.82,-5.28
2020-03-28,27.6,0.7,81,8.6,4.48,Yamoussoukro,6.82,-5.28
2020-03-29,27.5,5.4,81,10.9,4.17,Yamoussoukro,6.82,-5.28
2020-03-30,27.6,1.1,81,10.8,4.07,Yamoussoukro,6.82,-5.28
2020-03-31,28.0,0.5,80,13.8,3.39,Yamoussoukro,6.82,-5.28
2020-04-01,27.7,5.9,83,11.7,3.9,Yamoussoukro,6.82,-5.28
2020-04-02,27.1,0.0,80,9.7,3.58,Yamoussoukro,6.82,-5.28
2020-04-03,28.5,0.3,73,14.4,5.22,Yamoussoukro,6.82,-5.28
2020-04-04,28.6,0.1,72,11.4,4.31,Yamoussoukro,6.82,-5.28
2020-04-05,29.1,2.9,72,10.3,4.9,Yamoussoukro,6.82,-5.28
2020-04-06,28.1,1.2,78,12.7,3.33,Yamoussoukro,6.82,-5.28
2020-04-07,27.0,5.4,82,13.0,3.29,Yamoussoukro,6.82,-5.28
2020-04-08,27.2,11.9,81,9.4,4.14,Yamoussoukro,6.82,-5.28
2020-04-09,27.0,9.5,82,11.3,4.61,Yamoussoukro,6.82,-5.28
2020-04-10,25.9,23.2,87,12.3,3.72,Yamoussoukro,6.82,-5.28
2020-04-11,26.3,0.1,81,9.1,3.62,Yamoussoukro,6.82,-5.28
2020-04-12,27.1,0.3,78,12.4,4.31,Yamoussoukro,6.82,-5.28
2020-04-13,27.8,0.0,76,10.5,4.31,Yamoussoukro,6.82,-5.28
2020-04-14,27.8,0.1,76,9.9,4.81,Yamoussoukro,6.82,-5.28
2020-04-15,27.0,30.6,86,13.5,3.64,Yamoussoukro,6.82,-5.28
2020-04-16,28.5,0.4,75,11.9,4.78,Yamoussoukro,6.82,-5.28
2020-04-17,28.6,0.0,72,15.2,4.91,Yamoussoukro,6.82,-5.28
2020-04-18,27.3,2.8,81,15.5,4.02,Yamoussoukro,6.82,-5.28
2020-04-19,28.2,0.0,75,12.2,4.9,Yamoussoukro,6.82,-5.28
2020-04-20,27.2,11.3,81,11.7,4.3,Yamoussoukro,6.82,-5.28
2020-04-21,27.4,0.0,76,10.7,4.49,Yamoussoukro,6.82,-5.28
2020-04-22,27.6,1.4,80,12.2,4.55,Yamoussoukro,6.82,-5.28
2020-04-23,27.3,1.7,81,9.3,4.27,Yamoussoukro,6.82,-5.28
2020-04-24,26.5,8.1,84,9.8,3.33,Yamoussoukro,6.82,-5.28
2020-04-25,27.8,0.2,74,10.1,5.0,Yamoussoukro,6.82,-5.28
2020-04-26,26.9,13.8,81,13.0,3.89,Yamoussoukro,6.82,-5.28
2020-04-27,26.1,0.6,83,9.8,2.96,Yamoussoukro,6.82,-5.28
2020-04-28,27.4,0.1,74,10.7,5.29,Yamoussoukro,6.82,-5.28
2020-04-29,27.8,0.3,76,10.4,4.51,Yamoussoukro,6.82,-5.28
2020-04-30,27.7,3.1,79,10.8,4.58,Yamoussoukro,6.82,-5.28
2020-05-01,27.7,0.0,76,10.0,4.42,Yamoussoukro,6.82,-5.28
2020-05-02,28.6,0.2,72,9.7,5.09,Yamoussoukro,6.82,-5.28
2020-05-03,27.4,6.3,81,14.9,3.59,Yamoussoukro,6.82,-5.28
2020-05-04,27.3,0.9,76,9.5,3.33,Yamoussoukro,6.82,-5.28
2020-05-05,28.3,0.0,75,11.5,4.97,Yamoussoukro,6.82,-5.28
2020-05-06,27.1,3.0,83,9.3,4.01,Yamoussoukro,6.82,-5.28
2020-05-07,28.0,1.6,80,11.1,4.29,Yamoussoukro,6.82,-5.28
2020-05-08,28.4,0.2,74,14.8,4.55,Yamoussoukro,6.82,-5.28
2020-05-09,27.8,0.5,76,10.4,3.68,Yamoussoukro,6.82,-5.28
2020-05-10,28.1,0.1,71,13.0,4.13,Yamoussoukro,6.82,-5.28
2020-05-11,25.2,18.4,94,9.7,1.67,Yamoussoukro,6.82,-5.28
2020-05-12,27.4,0.1,74,11.3,4.26,Yamoussoukro,6.82,-5.28
2020-05-13,27.6,0.2,74,12.6,4.18,Yamoussoukro,6.82,-5.28
2020-05-14,28.3,0.4,73,9.8,4.81,Yamoussoukro,6.82,-5.28
2020-05-15,28.0,3.0,77,13.2,4.65,Yamoussoukro,6.82,-5.28
2020-05-16,27.8,7.9,77,11.2,3.71,Yamoussoukro,6.82,-5.28
2020-05-17,27.1,8.5,82,9.6,3.9,Yamoussoukro,6.82,-5.28
2020-05-18,25.6,11.0,89,12.2,2.61,Yamoussoukro,6.82,-5.28
2020-05-19,27.3,0.4,77,12.3,4.43,Yamoussoukro,6.82,-5.28
2020-05-20,27.1,3.6,82,12.1,3.9,Yamoussoukro,6.82,-5.28
2020-05-21,27.9,0.5,75,10.9,4.18,Yamoussoukro,6.82,-5.28
2020-05-22,27.6,0.4,75,14.0,4.15,Yamoussoukro,6.82,-5.28
2020-05-23,27.6,0.3,74,13.5,4.46,Yamoussoukro,6.82,-5.28
2020-05-24,27.9,0.1,76,11.8,4.27,Yamoussoukro,6.82,-5.28
2020-05-25,26.7,17.3,83,10.1,3.68,Yamoussoukro,6.82,-5.28
2020-05-26,25.2,10.2,90,9.9,2.81,Yamoussoukro,6.82,-5.28
2020-05-27,25.7,8.9,86,8.7,3.18,Yamoussoukro,6.82,-5.28
2020-05-28,26.2,2.0,86,8.2,3.31,Yamoussoukro,6.82,-5.28
2020-05-29,27.3,2.8,77,9.2,4.0,Yamoussoukro,6.82,-5.28
2020-05-30,26.8,0.0,78,8.5,3.33,Yamoussoukro,6.82,-5.28
2020-05-31,26.4,0.7,81,8.4,3.16,Yamoussoukro,6.82,-5.28
2020-06-01,27.0,2.4,80,9.1,4.15,Yamoussoukro,6.82,-5.28
2020-06-02,25.3,3.7,88,8.0,2.34,Yamoussoukro,6.82,-5.28
2020-06-03,26.9,0.3,79,10.0,3.59,Yamoussoukro,6.82,-5.28
2020-06-04,27.3,0.7,78,10.6,4.18,Yamoussoukro,6.82,-5.28
2020-06-05,27.5,0.1,79,10.1,4.04,Yamoussoukro,6.82,-5.28
2020-06-06,26.6,1.3,81,11.4,3.66,Yamoussoukro,6.82,-5.28
2020-06-07,25.9,1.2,84,9.0,3.02,Yamoussoukro,6.82,-5.28
2020-06-08,25.9,3.0,84,8.4,3.79,Yamoussoukro,6.82,-5.28
2020-06-09,25.8,7.5,85,10.0,3.03,Yamoussoukro,6.82,-5.28
2020-06-10,24.4,4.1,89,11.2,2.2,Yamoussoukro,6.82,-5.28
2020-06-11,23.8,12.0,93,8.4,1.76,Yamoussoukro,6.82,-5.28
2020-06-12,25.5,0.3,83,11.7,3.28,Yamoussoukro,6.82,-5.28
2020-06-13,24.8,5.1,87,11.6,2.8,Yamoussoukro,6.82,-5.28
2020-06-14,25.2,1.8,86,10.9,3.7,Yamoussoukro,6.82,-5.28
2020-06-15,25.8,0.9,83,9.5,3.69,Yamoussoukro,6.82,-5.28
2020-06-16,26.6,0.3,80,12.4,3.36,Yamoussoukro,6.82,-5.28
2020-06-17,25.6,3.3,84,13.2,2.78,Yamoussoukro,6.82,-5.28
2020-06-18,24.2,3.6,92,11.3,1.88,Yamoussoukro,6.82,-5.28
2020-06-19,24.8,1.3,85,9.1,2.2,Yamoussoukro,6.82,-5.28
2020-06-20,25.6,0.2,82,7.6,3.17,Yamoussoukro,6.82,-5.28
2020-06-21,25.8,4.5,85,9.7,3.48,Yamoussoukro,6.82,-5.28
2020-06-22,25.3,3.6,84,11.6,3.57,Yamoussoukro,6.82,-5.28
2020-06-23,25.0,1.2,84,10.4,3.3,Yamoussoukro,6.82,-5.28
2020-06-24,25.5,0.5,82,9.9,3.67,Yamoussoukro,6.82,-5.28
2020-06-25,25.5,2.8,84,11.6,3.65,Yamoussoukro,6.82,-5.28
2020-06-26,25.4,2.7,84,10.1,3.32,Yamoussoukro,6.82,-5.28
2020-06-27,25.1,1.7,84,10.7,3.04,Yamoussoukro,6.82,-5.28
2020-06-28,25.0,0.0,81,10.9,3.37,Yamoussoukro,6.82,-5.28
2020-06-29,25.0,1.1,81,13.5,3.33,Yamoussoukro,6.82,-5.28
2020-06-30,24.5,1.0,84,9.7,2.48,Yamoussoukro,6.82,-5.28
2020-07-01,24.0,1.5,88,8.3,1.34,Yamoussoukro,6.82,-5.28
2020-07-02,25.1,1.0,84,8.3,2.77,Yamoussoukro,6.82,-5.28
2020-07-03,25.3,5.1,85,12.3,3.73,Yamoussoukro,6.82,-5.28
2020-07-04,25.2,0.9,81,13.4,2.93,Yamoussoukro,6.82,-5.28
2020-07-05,24.3,6.2,84,11.8,2.28,Yamoussoukro,6.82,-5.28
2020-07-06,25.6,0.3,78,9.4,3.68,Yamoussoukro,6.82,-5.28
2020-07-07,25.5,0.3,80,13.2,3.27,Yamoussoukro,6.82,-5.28
2020-07-08,25.2,1.4,82,12.0,3.38,Yamoussoukro,6.82,-5.28
2020-07-09,24.2,6.0,87,13.7,2.42,Yamoussoukro,6.82,-5.28
2020-07-10,23.9,1.8,87,12.9,1.91,Yamoussoukro,6.82,-5.28
2020-07-11,22.4,15.4,98,10.7,1.05,Yamoussoukro,6.82,-5.28
2020-07-12,24.5,0.8,82,10.0,2.98,Yamoussoukro,6.82,-5.28
2020-07-13,24.5,5.3,85,9.0,3.34,Yamoussoukro,6.82,-5.28
2020-07-14,24.5,4.2,86,14.5,2.95,Yamoussoukro,6.82,-5.28
2020-07-15,25.4,0.0,74,11.9,3.05,Yamoussoukro,6.82,-5.28
2020-07-16,24.4,0.0,77,13.1,2.61,Yamoussoukro,6.82,-5.28
2020-07-17,24.6,0.5,80,9.7,2.35,Yamoussoukro,6.82,-5.28
2020-07-18,24.7,2.3,83,11.5,2.32,Yamoussoukro,6.82,-5.28
2020-07-19,25.2,2.4,85,12.4,3.45,Yamoussoukro,6.82,-5.28
2020-07-20,25.1,8.5,85,12.9,3.38,Yamoussoukro,6.82,-5.28
2020-07-21,25.2,6.2,84,10.3,3.66,Yamoussoukro,6.82,-5.28
2020-07-22,25.1,4.1,85,10.4,3.41,Yamoussoukro,6.82,-5.28
2020-07-23,25.0,3.5,83,10.7,3.57,Yamoussoukro,6.82,-5.28
2020-07-24,24.9,8.0,86,14.1,3.43,Yamoussoukro,6.82,-5.28
2020-07-25,24.4,7.6,87,14.8,3.02,Yamoussoukro,6.82,-5.28
2020-07-26,24.7,0.9,75,14.1,3.63,Yamoussoukro,6.82,-5.28
2020-07-27,24.0,0.6,79,13.5,2.89,Yamoussoukro,6.82,-5.28
2020-07-28,24.1,1.1,81,10.8,2.58,Yamoussoukro,6.82,-5.28
2020-07-29,24.4,4.2,86,10.7,3.87,Yamoussoukro,6.82,-5.28
2020-07-30,25.1,0.7,80,9.7,3.57,Yamoussoukro,6.82,-5.28
2020-07-31,24.8,5.8,86,10.2,3.24,Yamoussoukro,6.82,-5.28
2020-08-01,23.8,2.8,88,15.7,1.59,Yamoussoukro,6.82,-5.28
2020-08-02,25.1,1.3,77,13.6,4.09,Yamoussoukro,6.82,-5.28
2020-08-03,24.6,0.0,74,14.1,4.01,Yamoussoukro,6.82,-5.28
2020-08-04,24.3,0.0,72,13.9,4.22,Yamoussoukro,6.82,-5.28
2020-08-05,24.0,0.0,69,12.3,5.37,Yamoussoukro,6.82,-5.28
2020-08-06,23.7,0.0,75,14.3,3.53,Yamoussoukro,6.82,-5.28
2020-08-07,23.7,0.5,77,14.0,2.95,Yamoussoukro,6.82,-5.28
2020-08-08,23.7,1.6,83,11.9,2.35,Yamoussoukro,6.82,-5.28
2020-08-09,24.6,0.2,75,12.2,3.45,Yamoussoukro,6.82,-5.28
2020-08-10,24.6,0.9,77,13.7,3.89,Yamoussoukro,6.82,-5.28
2020-08-11,24.9,2.1,77,16.0,3.66,Yamoussoukro,6.82,-5.28
2020-08-12,23.8,0.0,78,11.9,2.24,Yamoussoukro,6.82,-5.28
2020-08-13,25.1,0.1,73,11.5,4.02,Yamoussoukro,6.82,-5.28
2020-08-14,25.4,0.0,75,11.3,4.43,Yamoussoukro,6.82,-5.28
2020-08-15,24.0,3.6,85,12.9,1.99,Yamoussoukro,6.82,-5.28
2020-08-16,25.0,0.0,76,11.8,3.61,Yamoussoukro,6.82,-5.28
2020-08-17,24.6,0.0,78,11.7,2.74,Yamoussoukro,6.82,-5.28
2020-08-18,24.4,1.1,81,13.8,3.08,Yamoussoukro,6.82,-5.28
2020-08-19,25.5,1.3,75,12.5,4.08,Yamoussoukro,6.82,-5.28
2020-08-20,25.5,2.3,79,12.0,3.75,Yamoussoukro,6.82,-5.28
2020-08-21,25.3,1.1,78,12.4,2.73,Yamoussoukro,6.82,-5.28
2020-08-22,24.5,5.8,85,11.1,2.87,Yamoussoukro,6.82,-5.28
2020-08-23,25.1,1.5,79,13.4,3.74,Yamoussoukro,6.82,-5.28
2020-08-24,25.1,0.4,76,11.8,3.41,Yamoussoukro,6.82,-5.28
2020-08-25,25.1,0.7,77,12.6,3.25,Yamoussoukro,6.82,-5.28
2020-08-26,25.3,0.6,78,11.9,3.87,Yamoussoukro,6.82,-5.28
2020-08-27,25.0,1.3,82,10.7,3.71,Yamoussoukro,6.82,-5.28
2020-08-28,24.3,5.3,88,13.2,2.71,Yamoussoukro,6.82,-5.28
2020-08-29,24.3,8.4,89,12.0,2.94,Yamoussoukro,6.82,-5.28
2020-08-30,24.4,3.8,85,13.6,3.56,Yamoussoukro,6.82,-5.28
2020-08-31,24.0,1.9,84,13.1,2.21,Yamoussoukro,6.82,-5.28
2020-09-01,24.0,1.2,84,11.1,2.54,Yamoussoukro,6.82,-5.28
2020-09-02,25.0,1.4,80,8.0,2.96,Yamoussoukro,6.82,-5.28
2020-09-03,23.7,17.7,93,11.0,1.54,Yamoussoukro,6.82,-5.28
2020-09-04,24.0,14.3,90,11.2,2.81,Yamoussoukro,6.82,-5.28
2020-09-05,24.1,5.6,87,10.6,3.43,Yamoussoukro,6.82,-5.28
2020-09-06,23.8,5.9,91,12.6,2.32,Yamoussoukro,6.82,-5.28
2020-09-07,25.3,0.4,82,11.6,4.05,Yamoussoukro,6.82,-5.28
2020-09-08,23.2,64.6,96,10.6,1.15,Yamoussoukro,6.82,-5.28
2020-09-09,25.2,2.6,83,11.7,3.96,Yamoussoukro,6.82,-5.28
2020-09-10,24.1,14.9,89,13.2,2.7,Yamoussoukro,6.82,-5.28
2020-09-11,24.4,4.0,88,10.2,3.54,Yamoussoukro,6.82,-5.28
2020-09-12,25.2,2.3,82,9.9,3.8,Yamoussoukro,6.82,-5.28
2020-09-13,24.2,12.0,91,8.2,2.87,Yamoussoukro,6.82,-5.28
2020-09-14,24.8,2.4,87,9.1,3.11,Yamoussoukro,6.82,-5.28
2020-09-15,25.5,2.6,82,10.5,3.93,Yamoussoukro,6.82,-5.28
2020-09-16,24.7,4.8,87,13.1,2.74,Yamoussoukro,6.82,-5.28
2020-09-17,25.0,3.1,82,12.7,3.53,Yamoussoukro,6.82,-5.28
2020-09-18,25.3,2.2,81,12.4,3.6,Yamoussoukro,6.82,-5.28
2020-09-19,24.8,11.5,87,8.4,3.77,Yamoussoukro,6.82,-5.28
2020-09-20,24.5,6.5,90,7.7,2.6,Yamoussoukro,6.82,-5.28
2020-09-21,24.4,4.8,89,11.0,2.4,Yamoussoukro,6.82,-5.28
2020-09-22,25.8,0.9,80,9.2,4.17,Yamoussoukro,6.82,-5.28
2020-09-23,25.4,7.3,85,11.2,3.91,Yamoussoukro,6.82,-5.28
2020-09-24,24.9,7.2,89,8.2,3.43,Yamoussoukro,6.82,-5.28
2020-09-25,24.4,5.8,90,9.0,2.46,Yamoussoukro,6.82,-5.28
2020-09-26,24.8,2.5,86,9.2,3.75,Yamoussoukro,6.82,-5.28
2020-09-27,24.6,1.1,86,10.5,2.98,Yamoussoukro,6.82,-5.28
2020-09-28,25.2,0.7,87,8.0,3.42,Yamoussoukro,6.82,-5.28
2020-09-29,24.9,5.6,89,11.7,3.2,Yamoussoukro,6.82,-5.28
2020-09-30,24.9,4.1,86,11.2,3.29,Yamoussoukro,6.82,-5.28
2020-10-01,24.3,6.5,89,13.8,1.97,Yamoussoukro,6.82,-5.28
2020-10-02,23.9,57.6,92,8.0,2.46,Yamoussoukro,6.82,-5.28
2020-10-03,25.2,1.2,82,10.1,3.34,Yamoussoukro,6.82,-5.28
2020-10-04,25.3,0.8,80,11.8,3.41,Yamoussoukro,6.82,-5.28
2020-10-05,24.8,8.0,89,11.4,3.21,Yamoussoukro,6.82,-5.28
2020-10-06,25.4,0.5,86,9.5,3.31,Yamoussoukro,6.82,-5.28
2020-10-07,25.1,5.4,87,11.2,3.44,Yamoussoukro,6.82,-5.28
2020-10-08,24.6,0.3,88,9.7,2.34,Yamoussoukro,6.82,-5.28
2020-10-09,25.4,0.4,84,8.3,4.02,Yamoussoukro,6.82,-5.28
2020-10-10,24.9,6.1,87,10.5,3.39,Yamoussoukro,6.82,-5.28
2020-10-11,24.1,9.6,91,9.4,3.03,Yamoussoukro,6.82,-5.28
2020-10-12,24.4,1.0,88,7.9,2.74,Yamoussoukro,6.82,-5.28
2020-10-13,25.2,0.4,83,9.4,3.89,Yamoussoukro,6.82,-5.28
2020-10-14,25.4,1.5,84,8.2,3.76,Yamoussoukro,6.82,-5.28
2020-10-15,24.4,6.8,89,7.8,2.74,Yamoussoukro,6.82,-5.28
2020-10-16,24.7,1.0,88,8.4,2.99,Yamoussoukro,6.82,-5.28
2020-10-17,25.2,7.5,89,8.1,3.47,Yamoussoukro,6.82,-5.28
2020-10-18,24.3,2.2,91,6.8,2.38,Yamoussoukro,6.82,-5.28
2020-10-19,24.7,0.5,87,10.1,1.99,Yamoussoukro,6.82,-5.28
2020-10-20,25.2,4.4,87,9.2,3.61,Yamoussoukro,6.82,-5.28
2020-10-21,25.0,0.3,89,8.8,3.18,Yamoussoukro,6.82,-5.28
2020-10-22,25.5,0.6,85,10.5,3.74,Yamoussoukro,6.82,-5.28
2020-10-23,25.6,0.5,86,11.1,3.2,Yamoussoukro,6.82,-5.28
2020-10-24,25.7,0.2,83,11.4,3.71,Yamoussoukro,6.82,-5.28
2020-10-25,26.0,0.3,84,11.2,3.35,Yamoussoukro,6.82,-5.28
2020-10-26,25.8,0.1,85,9.4,3.01,Yamoussoukro,6.82,-5.28
2020-10-27,25.6,1.8,88,9.1,3.1,Yamoussoukro,6.82,-5.28
2020-10-28,25.6,1.4,87,10.4,3.27,Yamoussoukro,6.82,-5.28
2020-10-29,26.1,0.4,81,9.7,3.87,Yamoussoukro,6.82,-5.28
2020-10-30,25.6,0.6,85,10.0,3.24,Yamoussoukro,6.82,-5.28
2020-10-31,25.6,0.7,87,8.6,3.1,Yamoussoukro,6.82,-5.28
2020-11-01,25.8,0.6,84,10.3,3.59,Yamoussoukro,6.82,-5.28
2020-11-02,25.7,0.2,85,8.3,3.33,Yamoussoukro,6.82,-5.28
2020-11-03,26.8,1.2,79,9.7,4.23,Yamoussoukro,6.82,-5.28
2020-11-04,26.3,0.2,83,9.8,3.34,Yamoussoukro,6.82,-5.28
2020-11-05,26.0,5.8,87,10.7,3.3,Yamoussoukro,6.82,-5.28
2020-11-06,25.7,4.7,87,10.9,3.04,Yamoussoukro,6.82,-5.28
2020-11-07,26.1,0.0,82,10.4,3.17,Yamoussoukro,6.82,-5.28
2020-11-08,25.7,1.0,84,8.9,3.26,Yamoussoukro,6.82,-5.28
2020-11-09,25.9,1.2,84,10.0,3.41,Yamoussoukro,6.82,-5.28
2020-11-10,25.3,2.6,89,11.1,3.22,Yamoussoukro,6.82,-5.28
2020-11-11,25.1,5.8,89,7.4,2.76,Yamoussoukro,6.82,-5.28
2020-11-12,25.3,1.6,87,9.7,3.43,Yamoussoukro,6.82,-5.28
2020-11-13,26.5,0.3,78,10.2,3.71,Yamoussoukro,6.82,-5.28
2020-11-14,26.6,0.3,77,10.1,4.14,Yamoussoukro,6.82,-5.28
2020-11-15,26.3,0.2,79,10.9,3.82,Yamoussoukro,6.82,-5.28
2020-11-16,26.2,0.2,82,10.1,3.36,Yamoussoukro,6.82,-5.28
2020-11-17,25.5,1.1,85,10.6,2.89,Yamoussoukro,6.82,-5.28
2020-11-18,25.9,0.0,81,10.5,3.2,Yamoussoukro,6.82,-5.28
2020-11-19,25.9,0.4,82,11.2,3.58,Yamoussoukro,6.82,-5.28
2020-11-20,25.5,1.1,85,10.9,3.4,Yamoussoukro,6.82,-5.28
2020-11-21,25.5,3.0,86,10.9,2.98,Yamoussoukro,6.82,-5.28
2020-11-22,25.9,2.1,83,13.1,3.62,Yamoussoukro,6.82,-5.28
2020-11-23,26.0,0.4,82,10.4,3.15,Yamoussoukro,6.82,-5.28
2020-11-24,25.3,0.9,87,10.9,2.64,Yamoussoukro,6.82,-5.28
2020-11-25,25.7,0.5,83,11.9,3.15,Yamoussoukro,6.82,-5.28
2020-11-26,25.9,0.4,81,10.6,2.78,Yamoussoukro,6.82,-5.28
2020-11-27,25.7,0.0,78,10.8,3.88,Yamoussoukro,6.82,-5.28
2020-11-28,26.1,0.8,81,9.9,3.58,Yamoussoukro,6.82,-5.28
2020-11-29,25.6,0.1,82,8.4,2.79,Yamoussoukro,6.82,-5.28
2020-11-30,25.6,0.1,83,8.7,3.17,Yamoussoukro,6.82,-5.28
2020-12-01,26.2,0.6,81,10.0,3.47,Yamoussoukro,6.82,-5.28
2020-12-02,26.0,0.1,80,11.9,3.55,Yamoussoukro,6.82,-5.28
2020-12-03,26.4,0.0,78,10.1,3.31,Yamoussoukro,6.82,-5.28
2020-12-04,26.1,0.0,80,10.9,3.43,Yamoussoukro,6.82,-5.28
2020-12-05,26.3,0.6,80,10.9,3.23,Yamoussoukro,6.82,-5.28
2020-12-06,25.8,0.1,84,9.7,3.02,Yamoussoukro,6.82,-5.28
2020-12-07,25.7,0.9,82,10.1,2.99,Yamoussoukro,6.82,-5.28
2020-12-08,26.0,0.9,83,9.5,2.56,Yamoussoukro,6.82,-5.28
2020-12-09,25.9,4.5,85,10.1,3.08,Yamoussoukro,6.82,-5.28
2020-12-10,26.2,0.5,83,11.9,3.23,Yamoussoukro,6.82,-5.28
2020-12-11,26.5,0.0,79,9.5,3.08,Yamoussoukro,6.82,-5.28
2020-12-12,26.4,0.0,81,13.0,3.29,Yamoussoukro,6.82,-5.28
2020-12-13,26.2,1.2,84,10.0,2.95,Yamoussoukro,6.82,-5.28
2020-12-14,26.2,1.2,85,9.2,3.17,Yamoussoukro,6.82,-5.28
2020-12-15,26.2,0.1,80,10.7,3.19,Yamoussoukro,6.82,-5.28
2020-12-16,26.0,2.4,85,8.6,2.95,Yamoussoukro,6.82,-5.28
2020-12-17,25.3,0.4,86,10.5,2.64,Yamoussoukro,6.82,-5.28
2020-12-18,25.3,1.6,86,11.5,2.77,Yamoussoukro,6.82,-5.28
2020-12-19,25.9,0.0,80,10.8,3.4,Yamoussoukro,6.82,-5.28
2020-12-20,25.7,0.2,83,8.8,3.06,Yamoussoukro,6.82,-5.28
2020-12-21,26.2,0.3,83,10.2,3.18,Yamoussoukro,6.82,-5.28
2020-12-22,26.6,0.4,81,10.3,3.16,Yamoussoukro,6.82,-5.28
2020-12-23,26.4,0.7,80,10.5,3.25,Yamoussoukro,6.82,-5.28
2020-12-24,25.7,1.0,85,8.1,2.86,Yamoussoukro,6.82,-5.28
2020-12-25,26.2,0.8,84,8.7,3.04,Yamoussoukro,6.82,-5.28
2020-12-26,26.6,0.1,76,10.9,3.85,Yamoussoukro,6.82,-5.28
2020-12-27,26.6,0.2,78,11.9,3.6,Yamoussoukro,6.82,-5.28
2020-12-28,26.7,0.1,76,10.9,3.75,Yamoussoukro,6.82,-5.28
2020-12-29,26.5,0.1,74,8.8,3.72,Yamoussoukro,6.82,-5.28
2020-12-30,25.6,0.1,75,11.4,3.82,Yamoussoukro,6.82,-5.28
2020-12-31,26.4,0.0,76,10.5,3.63,Yamoussoukro,6.82,-5.28
2021-01-01,27.0,0.0,74,11.9,3.97,Yamoussoukro,6.82,-5.28
2021-01-02,27.5,0.0,73,11.2,3.84,Yamoussoukro,6.82,-5.28
2021-01-03,26.9,0.9,80,9.3,3.26,Yamoussoukro,6.82,-5.28
2021-01-04,26.4,0.3,82,9.9,3.28,Yamoussoukro,6.82,-5.28
2021-01-05,25.8,2.9,84,9.7,3.14,Yamoussoukro,6.82,-5.28
2021-01-06,26.8,0.3,78,13.8,3.21,Yamoussoukro,6.82,-5.28
2021-01-07,27.5,0.2,73,11.4,3.55,Yamoussoukro,6.82,-5.28
2021-01-08,26.9,0.2,79,10.9,3.5,Yamoussoukro,6.82,-5.28
2021-01-09,27.3,0.0,76,13.0,3.65,Yamoussoukro,6.82,-5.28
2021-01-10,27.1,0.5,79,11.9,3.52,Yamoussoukro,6.82,-5.28
2021-01-11,26.2,1.8,83,12.0,2.61,Yamoussoukro,6.82,-5.28
2021-01-12,26.5,2.6,78,11.8,3.63,Yamoussoukro,6.82,-5.28
2021-01-13,26.6,0.3,78,9.4,3.46,Yamoussoukro,6.82,-5.28
2021-01-14,26.6,0.0,76,10.2,3.64,Yamoussoukro,6.82,-5.28
2021-01-15,26.9,0.0,73,11.9,3.87,Yamoussoukro,6.82,-5.28
2021-01-16,27.4,0.4,71,10.8,4.12,Yamoussoukro,6.82,-5.28
2021-01-17,27.0,0.0,71,13.4,3.87,Yamoussoukro,6.82,-5.28
2021-01-18,26.5,0.6,79,9.8,3.33,Yamoussoukro,6.82,-5.28
2021-01-19,26.9,0.1,77,11.2,3.44,Yamoussoukro,6.82,-5.28
2021-01-20,26.8,0.6,78,9.7,3.34,Yamoussoukro,6.82,-5.28
2021-01-21,27.2,0.3,71,10.8,4.36,Yamoussoukro,6.82,-5.28
2021-01-22,26.9,0.0,70,10.9,4.01,Yamoussoukro,6.82,-5.28
2021-01-23,26.6,0.0,66,8.8,4.39,Yamoussoukro,6.82,-5.28
2021-01-24,26.2,0.0,67,11.0,4.5,Yamoussoukro,6.82,-5.28
2021-01-25,27.2,0.0,67,13.3,4.2,Yamoussoukro,6.82,-5.28
2021-01-26,27.5,0.0,68,11.2,4.25,Yamoussoukro,6.82,-5.28
2021-01-27,27.5,0.0,71,12.9,4.01,Yamoussoukro,6.82,-5.28
2021-01-28,27.2,0.2,77,13.9,3.75,Yamoussoukro,6.82,-5.28
2021-01-29,27.5,0.3,75,11.9,3.77,Yamoussoukro,6.82,-5.28
2021-01-30,27.7,0.5,74,12.4,3.7,Yamoussoukro,6.82,-5.28
2021-01-31,28.0,0.8,73,11.6,3.95,Yamoussoukro,6.82,-5.28
2021-02-01,28.3,0.0,68,10.8,4.58,Yamoussoukro,6.82,-5.28
2021-02-02,28.4,0.3,70,13.7,4.33,Yamoussoukro,6.82,-5.28
2021-02-03,28.0,0.2,72,15.2,4.18,Yamoussoukro,6.82,-5.28
2021-02-04,28.6,0.0,69,12.0,4.17,Yamoussoukro,6.82,-5.28
2021-02-05,28.1,0.3,74,11.9,3.65,Yamoussoukro,6.82,-5.28
2021-02-06,28.1,0.1,74,16.2,3.76,Yamoussoukro,6.82,-5.28
2021-02-07,29.0,0.3,71,16.4,4.42,Yamoussoukro,6.82,-5.28
2021-02-08,27.6,1.1,76,13.4,3.2,Yamoussoukro,6.82,-5.28
2021-02-09,29.0,0.0,62,15.9,5.16,Yamoussoukro,6.82,-5.28
2021-02-10,28.9,0.1,66,12.8,4.27,Yamoussoukro,6.82,-5.28
2021-02-11,28.9,0.0,65,17.3,4.79,Yamoussoukro,6.82,-5.28
2021-02-12,29.5,0.0,63,14.8,4.92,Yamoussoukro,6.82,-5.28
2021-02-13,29.2,0.0,67,14.6,4.75,Yamoussoukro,6.82,-5.28
2021-02-14,28.2,5.6,75,12.9,4.21,Yamoussoukro,6.82,-5.28
2021-02-15,27.0,2.2,84,11.8,3.57,Yamoussoukro,6.82,-5.28
2021-02-16,26.8,1.2,79,10.9,3.16,Yamoussoukro,6.82,-5.28
2021-02-17,25.1,4.8,86,11.6,2.67,Yamoussoukro,6.82,-5.28
2021-02-18,25.5,8.1,85,9.6,3.12,Yamoussoukro,6.82,-5.28
2021-02-19,26.9,0.5,73,10.9,4.22,Yamoussoukro,6.82,-5.28
2021-02-20,27.2,0.0,70,14.4,4.49,Yamoussoukro,6.82,-5.28
2021-02-21,27.5,0.0,68,14.6,4.87,Yamoussoukro,6.82,-5.28
2021-02-22,27.5,0.0,67,12.2,4.81,Yamoussoukro,6.82,-5.28
2021-02-23,27.3,0.0,67,15.4,5.01,Yamoussoukro,6.82,-5.28
2021-02-24,27.6,0.0,65,18.4,5.15,Yamoussoukro,6.82,-5.28
2021-02-25,27.6,0.0,70,15.1,4.46,Yamoussoukro,6.82,-5.28
2021-02-26,27.7,0.2,71,10.7,4.41,Yamoussoukro,6.82,-5.28
2021-02-27,27.0,2.1,78,10.5,3.92,Yamoussoukro,6.82,-5.28
2021-02-28,26.5,7.9,82,10.6,3.64,Yamoussoukro,6.82,-5.28
2021-03-01,28.0,0.4,73,11.9,4.44,Yamoussoukro,6.82,-5.28
2021-03-02,28.7,0.0,70,14.9,5.08,Yamoussoukro,6.82,-5.28
2021-03-03,28.8,0.0,70,13.4,4.4,Yamoussoukro,6.82,-5.28
2021-03-04,28.4,0.8,74,14.2,3.57,Yamoussoukro,6.82,-5.28
2021-03-05,27.0,3.8,81,16.9,3.34,Yamoussoukro,6.82,-5.28
2021-03-06,27.8,0.3,75,12.3,3.99,Yamoussoukro,6.82,-5.28
2021-03-07,27.9,1.3,73,12.5,4.54,Yamoussoukro,6.82,-5.28
2021-03-08,28.3,0.7,72,13.8,4.35,Yamoussoukro,6.82,-5.28
2021-03-09,27.4,5.4,79,13.0,3.89,Yamoussoukro,6.82,-5.28
2021-03-10,27.0,8.9,82,13.0,4.0,Yamoussoukro,6.82,-5.28
2021-03-11,25.9,11.2,88,12.0,2.65,Yamoussoukro,6.82,-5.28
2021-03-12,25.7,2.3,87,11.7,2.41,Yamoussoukro,6.82,-5.28
2021-03-13,27.0,1.3,80,10.5,3.11,Yamoussoukro,6.82,-5.28
2021-03-14,26.7,1.9,80,16.3,3.6,Yamoussoukro,6.82,-5.28
2021-03-15,26.0,0.0,78,10.9,2.51,Yamoussoukro,6.82,-5.28
2021-03-16,27.6,1.4,72,11.5,4.89,Yamoussoukro,6.82,-5.28
2021-03-17,27.2,13.4,77,10.1,4.6,Yamoussoukro,6.82,-5.28
2021-03-18,26.0,0.8,82,12.3,2.95,Yamoussoukro,6.82,-5.28
2021-03-19,27.2,0.0,74,11.6,4.45,Yamoussoukro,6.82,-5.28
2021-03-20,27.1,0.0,68,10.8,4.82,Yamoussoukro,6.82,-5.28
2021-03-21,26.7,22.1,80,9.1,4.28,Yamoussoukro,6.82,-5.28
2021-03-22,26.4,15.4,83,12.4,4.05,Yamoussoukro,6.82,-5.28
2021-03-23,25.7,0.9,86,13.5,2.84,Yamoussoukro,6.82,-5.28
2021-03-24,26.1,0.0,80,10.4,2.83,Yamoussoukro,6.82,-5.28
2021-03-25,27.4,0.1,70,12.1,5.11,Yamoussoukro,6.82,-5.28
2021-03-26,27.4,0.0,75,12.0,4.61,Yamoussoukro,6.82,-5.28
2021-03-27,26.5,0.6,79,11.9,4.03,Yamoussoukro,6.82,-5.28
2021-03-28,26.6,0.9,83,9.1,4.33,Yamoussoukro,6.82,-5.28
2021-03-29,27.2,2.4,78,10.1,4.44,Yamoussoukro,6.82,-5.28
2021-03-30,27.4,0.4,78,11.2,4.65,Yamoussoukro,6.82,-5.28
2021-03-31,27.7,0.0,74,12.8,4.94,Yamoussoukro,6.82,-5.28
2021-04-01,27.6,0.7,77,13.1,4.38,Yamoussoukro,6.82,-5.28
2021-04-02,28.2,0.0,72,12.4,5.07,Yamoussoukro,6.82,-5.28
2021-04-03,27.4,1.9,81,11.1,3.89,Yamoussoukro,6.82,-5.28
2021-04-04,27.5,0.7,79,13.3,4.34,Yamoussoukro,6.82,-5.28
2021-04-05,26.2,0.1,85,11.9,2.16,Yamoussoukro,6.82,-5.28
2021-04-06,27.4,0.1,80,12.9,4.22,Yamoussoukro,6.82,-5.28
2021-04-07,28.5,2.0,76,10.1,4.45,Yamoussoukro,6.82,-5.28
2021-04-08,27.5,3.2,80,13.0,3.99,Yamoussoukro,6.82,-5.28
2021-04-09,26.6,3.8,85,12.3,3.19,Yamoussoukro,6.82,-5.28
2021-04-10,26.9,0.0,77,12.9,3.55,Yamoussoukro,6.82,-5.28
2021-04-11,27.8,0.3,74,10.4,4.93,Yamoussoukro,6.82,-5.28
2021-04-12,28.6,0.0,73,11.7,4.93,Yamoussoukro,6.82,-5.28
2021-04-13,27.9,3.0,79,10.8,4.0,Yamoussoukro,6.82,-5.28
2021-04-14,28.2,0.4,73,10.3,3.65,Yamoussoukro,6.82,-5.28
2021-04-15,28.6,0.6,74,9.7,4.66,Yamoussoukro,6.82,-5.28
2021-04-16,27.1,5.7,84,13.4,4.0,Yamoussoukro,6.82,-5.28
2021-04-17,26.4,3.6,82,10.9,3.62,Yamoussoukro,6.82,-5.28
2021-04-18,27.6,4.7,77,10.6,4.72,Yamoussoukro,6.82,-5.28
2021-04-19,27.2,6.4,79,11.3,4.07,Yamoussoukro,6.82,-5.28
2021-04-20,27.9,0.0,76,9.9,5.13,Yamoussoukro,6.82,-5.28
2021-04-21,27.9,2.3,76,13.3,4.74,Yamoussoukro,6.82,-5.28
2021-04-22,26.8,13.6,85,9.3,3.8,Yamoussoukro,6.82,-5.28
2021-04-23,27.5,0.7,81,14.6,4.45,Yamoussoukro,6.82,-5.28
2021-04-24,27.5,0.6,80,11.4,3.63,Yamoussoukro,6.82,-5.28
2021-04-25,26.9,3.7,82,10.2,3.44,Yamoussoukro,6.82,-5.28
2021-04-26,28.1,0.1,76,11.4,4.74,Yamoussoukro,6.82,-5.28
2021-04-27,26.9,9.2,85,11.5,3.67,Yamoussoukro,6.82,-5.28
2021-04-28,27.1,0.3,82,10.5,3.98,Yamoussoukro,6.82,-5.28
2021-04-29,28.1,0.2,74,10.9,4.92,Yamoussoukro,6.82,-5.28
2021-04-30,27.6,1.3,80,11.4,4.13,Yamoussoukro,6.82,-5.28
2021-05-01,28.0,0.6,77,10.1,4.48,Yamoussoukro,6.82,-5.28
2021-05-02,27.6,3.0,81,10.6,4.15,Yamoussoukro,6.82,-5.28
2021-05-03,26.6,11.2,81,12.7,3.65,Yamoussoukro,6.82,-5.28
2021-05-04,26.1,1.3,84,10.5,3.13,Yamoussoukro,6.82,-5.28
2021-05-05,26.9,0.5,80,12.8,3.72,Yamoussoukro,6.82,-5.28
2021-05-06,26.6,0.1,79,14.0,3.78,Yamoussoukro,6.82,-5.28
2021-05-07,26.2,0.0,78,8.7,3.82,Yamoussoukro,6.82,-5.28
2021-05-08,26.4,6.7,83,12.7,3.87,Yamoussoukro,6.82,-5.28
2021-05-09,26.6,0.0,79,10.6,3.76,Yamoussoukro,6.82,-5.28
2021-05-10,27.2,0.1,76,12.2,4.13,Yamoussoukro,6.82,-5.28
2021-05-11,27.1,0.2,77,10.6,3.8,Yamoussoukro,6.82,-5.28
2021-05-12,27.3,0.6,76,9.2,4.04,Yamoussoukro,6.82,-5.28
2021-05-13,28.2,0.2,72,10.5,5.12,Yamoussoukro,6.82,-5.28
2021-05-14,28.1,0.4,76,15.6,4.4,Yamoussoukro,6.82,-5.28
2021-05-15,27.5,2.9,80,11.2,3.87,Yamoussoukro,6.82,-5.28
2021-05-16,26.7,5.2,81,10.0,3.2,Yamoussoukro,6.82,-5.28
2021-05-17,27.2,3.1,82,12.5,3.97,Yamoussoukro,6.82,-5.28
2021-05-18,27.1,4.5,82,10.7,3.78,Yamoussoukro,6.82,-5.28
2021-05-19,26.6,0.8,82,10.8,4.22,Yamoussoukro,6.82,-5.28
2021-05-20,27.1,0.0,76,11.8,4.23,Yamoussoukro,6.82,-5.28
2021-05-21,26.5,1.0,79,11.6,3.52,Yamoussoukro,6.82,-5.28
2021-05-22,27.0,0.0,77,12.5,4.21,Yamoussoukro,6.82,-5.28
2021-05-23,27.8,0.0,75,10.9,4.28,Yamoussoukro,6.82,-5.28
2021-05-24,27.3,2.8,81,9.0,3.91,Yamoussoukro,6.82,-5.28
2021-05-25,28.0,2.3,77,8.2,4.19,Yamoussoukro,6.82,-5.28
2021-05-26,28.0,2.4,75,9.8,4.3,Yamoussoukro,6.82,-5.28
2021-05-27,27.6,2.1,79,11.4,3.79,Yamoussoukro,6.82,-5.28
2021-05-28,27.6,0.6,80,8.9,4.29,Yamoussoukro,6.82,-5.28
2021-05-29,27.8,0.7,78,10.4,4.34,Yamoussoukro,6.82,-5.28
2021-05-30,26.1,27.7,88,11.0,3.09,Yamoussoukro,6.82,-5.28
2021-05-31,25.5,14.6,89,10.1,2.5,Yamoussoukro,6.82,-5.28
2021-06-01,27.1,0.5,78,9.0,4.08,Yamoussoukro,6.82,-5.28
2021-06-02,27.1,2.2,82,11.8,3.85,Yamoussoukro,6.82,-5.28
2021-06-03,27.3,1.2,81,10.1,3.86,Yamoussoukro,6.82,-5.28
2021-06-04,25.9,9.8,88,9.9,3.26,Yamoussoukro,6.82,-5.28
2021-06-05,25.8,8.2,88,12.7,3.28,Yamoussoukro,6.82,-5.28
2021-06-06,25.8,5.5,87,9.6,3.3,Yamoussoukro,6.82,-5.28
2021-06-07,25.4,11.5,87,8.6,3.75,Yamoussoukro,6.82,-5.28
2021-06-08,25.9,2.8,84,7.6,3.82,Yamoussoukro,6.82,-5.28
2021-06-09,26.0,9.5,87,12.1,3.57,Yamoussoukro,6.82,-5.28
2021-06-10,25.1,30.9,90,10.1,2.83,Yamoussoukro,6.82,-5.28
2021-06-11,25.2,2.9,88,12.6,3.14,Yamoussoukro,6.82,-5.28
2021-06-12,26.2,1.2,83,9.9,3.45,Yamoussoukro,6.82,-5.28
2021-06-13,25.4,9.8,90,11.2,3.03,Yamoussoukro,6.82,-5.28
2021-06-14,26.2,0.8,83,9.5,3.47,Yamoussoukro,6.82,-5.28
2021-06-15,26.1,8.5,84,13.5,3.55,Yamoussoukro,6.82,-5.28
2021-06-16,25.2,1.6,84,11.7,2.91,Yamoussoukro,6.82,-5.28
2021-06-17,26.2,0.0,80,9.4,4.66,Yamoussoukro,6.82,-5.28
2021-06-18,25.8,1.9,83,13.8,3.5,Yamoussoukro,6.82,-5.28
2021-06-19,25.2,11.7,86,11.0,3.27,Yamoussoukro,6.82,-5.28
2021-06-20,24.5,13.2,90,12.3,3.19,Yamoussoukro,6.82,-5.28
2021-06-21,25.1,5.4,84,9.7,3.37,Yamoussoukro,6.82,-5.28
2021-06-22,24.6,0.9,86,11.5,2.82,Yamoussoukro,6.82,-5.28
2021-06-23,23.7,15.9,92,16.2,2.87,Yamoussoukro,6.82,-5.28
2021-06-24,23.8,2.7,90,10.1,2.29,Yamoussoukro,6.82,-5.28
2021-06-25,23.6,15.1,93,6.0,1.74,Yamoussoukro,6.82,-5.28
2021-06-26,25.0,3.9,86,8.0,3.48,Yamoussoukro,6.82,-5.28
2021-06-27,24.2,1.5,87,9.0,2.29,Yamoussoukro,6.82,-5.28
2021-06-28,25.9,0.1,77,11.1,4.17,Yamoussoukro,6.82,-5.28
2021-06-29,25.4,1.8,83,11.2,3.52,Yamoussoukro,6.82,-5.28
2021-06-30,25.1,10.6,86,11.7,3.76,Yamoussoukro,6.82,-5.28
2021-07-01,24.4,14.0,91,7.4,2.83,Yamoussoukro,6.82,-5.28
2021-07-02,24.3,61.8,92,12.7,2.77,Yamoussoukro,6.82,-5.28
2021-07-03,23.7,7.2,91,13.7,2.23,Yamoussoukro,6.82,-5.28
2021-07-04,23.0,37.0,97,9.0,1.63,Yamoussoukro,6.82,-5.28
2021-07-05,24.1,2.3,89,11.6,3.2,Yamoussoukro,6.82,-5.28
2021-07-06,24.7,3.0,84,9.9,3.76,Yamoussoukro,6.82,-5.28
2021-07-07,24.9,1.0,85,11.3,3.17,Yamoussoukro,6.82,-5.28
2021-07-08,25.1,2.6,84,14.1,3.38,Yamoussoukro,6.82,-5.28
2021-07-09,24.7,4.6,85,15.9,3.56,Yamoussoukro,6.82,-5.28
2021-07-10,24.5,4.1,85,12.7,3.59,Yamoussoukro,6.82,-5.28
2021-07-11,25.0,1.6,82,10.4,4.04,Yamoussoukro,6.82,-5.28
2021-07-12,25.3,3.8,79,9.8,3.8,Yamoussoukro,6.82,-5.28
2021-07-13,25.1,3.4,82,10.7,3.9,Yamoussoukro,6.82,-5.28
2021-07-14,24.4,6.3,89,11.2,2.84,Yamoussoukro,6.82,-5.28
2021-07-15,24.6,5.9,87,10.1,3.65,Yamoussoukro,6.82,-5.28
2021-07-16,24.0,13.4,89,12.1,2.22,Yamoussoukro,6.82,-5.28
2021-07-17,23.1,13.6,96,10.0,1.5,Yamoussoukro,6.82,-5.28
2021-07-18,25.1,1.1,81,11.5,3.27,Yamoussoukro,6.82,-5.28
2021-07-19,24.6,1.2,82,11.4,2.89,Yamoussoukro,6.82,-5.28
2021-07-20,24.4,1.9,83,12.0,3.19,Yamoussoukro,6.82,-5.28
2021-07-21,25.0,1.3,80,13.3,3.33,Yamoussoukro,6.82,-5.28
2021-07-22,24.5,6.8,87,13.3,2.89,Yamoussoukro,6.82,-5.28
2021-07-23,24.4,3.5,85,13.2,2.99,Yamoussoukro,6.82,-5.28
2021-07-24,25.5,0.4,72,12.0,4.24,Yamoussoukro,6.82,-5.28
2021-07-25,24.8,0.8,76,10.4,3.5,Yamoussoukro,6.82,-5.28
2021-07-26,24.6,1.6,82,13.2,3.36,Yamoussoukro,6.82,-5.28
2021-07-27,25.1,1.0,80,14.2,3.5,Yamoussoukro,6.82,-5.28
2021-07-28,23.8,8.6,89,13.9,1.81,Yamoussoukro,6.82,-5.28
2021-07-29,24.3,3.1,85,13.7,3.15,Yamoussoukro,6.82,-5.28
2021-07-30,24.9,4.4,84,12.2,3.66,Yamoussoukro,6.82,-5.28
2021-07-31,24.5,14.0,88,12.8,2.86,Yamoussoukro,6.82,-5.28
2021-08-01,24.1,5.8,89,11.8,3.07,Yamoussoukro,6.82,-5.28
2021-08-02,25.7,0.4,77,9.3,3.74,Yamoussoukro,6.82,-5.28
2021-08-03,25.5,0.0,79,9.6,3.65,Yamoussoukro,6.82,-5.28
2021-08-04,24.7,2.3,83,14.1,2.45,Yamoussoukro,6.82,-5.28
2021-08-05,25.1,3.5,84,13.3,3.57,Yamoussoukro,6.82,-5.28
2021-08-06,26.0,0.9,77,12.5,4.22,Yamoussoukro,6.82,-5.28
2021-08-07,26.2,0.3,75,12.4,4.25,Yamoussoukro,6.82,-5.28
2021-08-08,25.1,7.0,81,10.5,3.88,Yamoussoukro,6.82,-5.28
2021-08-09,23.7,11.3,91,12.7,1.95,Yamoussoukro,6.82,-5.28
2021-08-10,24.1,17.4,89,13.2,3.44,Yamoussoukro,6.82,-5.28
2021-08-11,23.7,21.7,93,10.9,2.27,Yamoussoukro,6.82,-5.28
2021-08-12,24.5,4.0,87,14.4,2.84,Yamoussoukro,6.82,-5.28
2021-08-13,24.6,2.3,83,14.1,3.0,Yamoussoukro,6.82,-5.28
2021-08-14,24.6,0.2,75,12.3,3.95,Yamoussoukro,6.82,-5.28
2021-08-15,24.6,1.1,76,15.0,3.66,Yamoussoukro,6.82,-5.28
2021-08-16,24.5,0.1,80,11.8,3.06,Yamoussoukro,6.82,-5.28
2021-08-17,24.8,0.9,80,11.1,3.12,Yamoussoukro,6.82,-5.28
2021-08-18,25.6,0.2,73,13.0,4.59,Yamoussoukro,6.82,-5.28
2021-08-19,25.1,0.8,80,10.4,3.5,Yamoussoukro,6.82,-5.28
2021-08-20,23.7,7.2,91,10.0,2.37,Yamoussoukro,6.82,-5.28
2021-08-21,24.6,1.3,85,9.6,3.05,Yamoussoukro,6.82,-5.28
2021-08-22,23.8,15.0,93,9.9,2.56,Yamoussoukro,6.82,-5.28
2021-08-23,25.0,1.4,86,8.0,2.95,Yamoussoukro,6.82,-5.28
2021-08-24,24.3,6.6,89,11.0,2.68,Yamoussoukro,6.82,-5.28
2021-08-25,23.3,26.0,96,9.4,1.92,Yamoussoukro,6.82,-5.28
2021-08-26,24.5,6.4,89,10.8,3.15,Yamoussoukro,6.82,-5.28
2021-08-27,25.2,2.7,85,11.1,3.7,Yamoussoukro,6.82,-5.28
2021-08-28,25.2,10.1,86,9.9,3.29,Yamoussoukro,6.82,-5.28
2021-08-29,23.3,69.9,96,10.5,1.32,Yamoussoukro,6.82,-5.28
2021-08-30,24.1,3.9,87,9.6,2.37,Yamoussoukro,6.82,-5.28
2021-08-31,24.0,13.0,92,9.7,2.01,Yamoussoukro,6.82,-5.28
2021-09-01,24.7,5.6,87,10.4,3.92,Yamoussoukro,6.82,-5.28
2021-09-02,24.3,8.8,90,11.3,2.86,Yamoussoukro,6.82,-5.28
2021-09-03,24.8,6.4,87,13.1,3.58,Yamoussoukro,6.82,-5.28
2021-09-04,23.9,7.7,89,13.2,2.14,Yamoussoukro,6.82,-5.28
2021-09-05,24.6,2.7,87,10.9,3.2,Yamoussoukro,6.82,-5.28
2021-09-06,25.5,2.0,81,10.7,3.73,Yamoussoukro,6.82,-5.28
2021-09-07,25.9,0.3,80,11.2,3.37,Yamoussoukro,6.82,-5.28
2021-09-08,26.5,2.0,79,10.4,4.12,Yamoussoukro,6.82,-5.28
2021-09-09,24.5,7.2,90,11.9,2.42,Yamoussoukro,6.82,-5.28
2021-09-10,24.9,2.5,87,10.5,3.72,Yamoussoukro,6.82,-5.28
2021-09-11,25.5,1.3,84,10.3,3.16,Yamoussoukro,6.82,-5.28
2021-09-12,24.3,8.3,90,7.1,1.99,Yamoussoukro,6.82,-5.28
2021-09-13,25.2,1.0,84,11.5,3.23,Yamoussoukro,6.82,-5.28
2021-09-14,24.9,1.1,85,8.9,2.39,Yamoussoukro,6.82,-5.28
2021-09-15,23.3,36.1,95,14.3,1.7,Yamoussoukro,6.82,-5.28
2021-09-16,25.3,1.0,83,10.6,3.01,Yamoussoukro,6.82,-5.28
2021-09-17,25.0,6.9,85,10.3,3.64,Yamoussoukro,6.82,-5.28
2021-09-18,24.7,2.0,86,8.6,3.03,Yamoussoukro,6.82,-5.28
2021-09-19,25.4,2.1,83,8.7,4.02,Yamoussoukro,6.82,-5.28
2021-09-20,25.0,2.9,87,11.9,3.59,Yamoussoukro,6.82,-5.28
2021-09-21,25.8,3.4,86,10.5,3.54,Yamoussoukro,6.82,-5.28
2021-09-22,25.2,2.7,88,9.4,3.55,Yamoussoukro,6.82,-5.28
2021-09-23,25.5,11.9,87,5.9,4.01,Yamoussoukro,6.82,-5.28
2021-09-24,25.3,9.6,87,12.3,3.47,Yamoussoukro,6.82,-5.28
2021-09-25,23.9,40.3,95,7.7,2.32,Yamoussoukro,6.82,-5.28
2021-09-26,22.9,28.5,100,9.3,0.89,Yamoussoukro,6.82,-5.28
2021-09-27,24.0,0.3,90,8.7,1.71,Yamoussoukro,6.82,-5.28
2021-09-28,25.3,6.4,86,8.0,4.18,Yamoussoukro,6.82,-5.28
2021-09-29,24.5,2.4,90,9.2,2.91,Yamoussoukro,6.82,-5.28
2021-09-30,25.6,0.4,80,9.7,3.79,Yamoussoukro,6.82,-5.28
2021-10-01,24.9,3.2,87,7.9,3.25,Yamoussoukro,6.82,-5.28
2021-10-02,24.6,18.7,92,6.9,2.68,Yamoussoukro,6.82,-5.28
2021-10-03,24.7,3.8,88,6.7,2.47,Yamoussoukro,6.82,-5.28
2021-10-04,25.8,0.7,84,8.3,3.97,Yamoussoukro,6.82,-5.28
2021-10-05,25.8,1.7,84,8.7,3.87,Yamoussoukro,6.82,-5.28
2021-10-06,25.2,13.1,89,8.0,3.14,Yamoussoukro,6.82,-5.28
2021-10-07,24.5,8.4,90,10.8,2.82,Yamoussoukro,6.82,-5.28
2021-10-08,26.3,0.6,84,8.6,3.91,Yamoussoukro,6.82,-5.28
2021-10-09,26.1,0.8,84,11.1,3.67,Yamoussoukro,6.82,-5.28
2021-10-10,25.5,3.0,85,11.2,3.73,Yamoussoukro,6.82,-5.28
2021-10-11,25.5,2.4,87,7.8,3.47,Yamoussoukro,6.82,-5.28
2021-10-12,26.2,0.7,83,12.4,4.1,Yamoussoukro,6.82,-5.28
2021-10-13,26.2,0.1,80,10.8,4.58,Yamoussoukro,6.82,-5.28
2021-10-14,26.4,0.5,80,13.4,4.35,Yamoussoukro,6.82,-5.28
2021-10-15,26.6,0.4,80,11.2,4.46,Yamoussoukro,6.82,-5.28
2021-10-16,25.6,1.4,84,11.4,3.35,Yamoussoukro,6.82,-5.28
2021-10-17,25.7,0.2,81,9.3,4.13,Yamoussoukro,6.82,-5.28
2021-10-18,25.0,7.5,87,12.1,3.05,Yamoussoukro,6.82,-5.28
2021-10-19,25.1,6.3,86,15.6,2.99,Yamoussoukro,6.82,-5.28
2021-10-20,25.9,2.3,84,11.3,3.72,Yamoussoukro,6.82,-5.28
2021-10-21,25.4,7.4,86,11.8,3.25,Yamoussoukro,6.82,-5.28
2021-10-22,24.9,5.5,88,10.6,3.36,Yamoussoukro,6.82,-5.28
2021-10-23,24.8,2.7,87,8.7,3.13,Yamoussoukro,6.82,-5.28
2021-10-24,24.8,9.5,89,7.2,3.15,Yamoussoukro,6.82,-5.28
2021-10-25,24.1,11.5,93,8.4,2.08,Yamoussoukro,6.82,-5.28
2021-10-26,25.2,0.2,84,10.9,2.9,Yamoussoukro,6.82,-5.28
2021-10-27,26.1,0.9,81,13.7,4.21,Yamoussoukro,6.82,-5.28
2021-10-28,25.0,3.1,86,10.6,3.2,Yamoussoukro,6.82,-5.28
2021-10-29,24.9,8.4,89,10.1,2.56,Yamoussoukro,6.82,-5.28
2021-10-30,24.5,1.6,89,10.2,2.77,Yamoussoukro,6.82,-5.28
2021-10-31,26.0,0.2,82,12.6,4.27,Yamoussoukro,6.82,-5.28
2021-11-01,25.9,1.8,80,12.5,3.5,Yamoussoukro,6.82,-5.28
2021-11-02,25.6,0.2,82,10.6,3.95,Yamoussoukro,6.82,-5.28
2021-11-03,26.0,0.1,82,9.5,3.72,Yamoussoukro,6.82,-5.28
2021-11-04,26.1,0.3,82,9.8,3.66,Yamoussoukro,6.82,-5.28
2021-11-05,25.5,3.5,86,8.7,3.44,Yamoussoukro,6.82,-5.28
2021-11-06,25.7,5.1,82,9.9,3.92,Yamoussoukro,6.82,-5.28
2021-11-07,25.7,1.1,82,14.1,4.29,Yamoussoukro,6.82,-5.28
2021-11-08,26.1,0.7,83,9.7,3.81,Yamoussoukro,6.82,-5.28
2021-11-09,25.3,0.1,86,14.4,3.6,Yamoussoukro,6.82,-5.28
2021-11-10,25.3,6.5,87,11.2,2.72,Yamoussoukro,6.82,-5.28
2021-11-11,25.6,4.4,84,9.4,3.4,Yamoussoukro,6.82,-5.28
2021-11-12,26.1,4.1,83,10.0,3.32,Yamoussoukro,6.82,-5.28
2021-11-13,24.8,7.3,90,8.9,2.32,Yamoussoukro,6.82,-5.28
2021-11-14,25.7,0.1,84,10.1,3.31,Yamoussoukro,6.82,-5.28
2021-11-15,25.3,12.1,85,8.0,3.61,Yamoussoukro,6.82,-5.28
2021-11-16,25.1,2.1,86,11.5,3.9,Yamoussoukro,6.82,-5.28
2021-11-17,25.9,0.6,82,10.1,4.06,Yamoussoukro,6.82,-5.28
2021-11-18,26.1,8.1,83,20.6,4.25,Yamoussoukro,6.82,-5.28
2021-11-19,26.9,0.0,77,11.6,4.72,Yamoussoukro,6.82,-5.28
2021-11-20,27.2,0.2,78,11.8,4.19,Yamoussoukro,6.82,-5.28
2021-11-21,26.2,0.7,84,17.3,3.56,Yamoussoukro,6.82,-5.28
2021-11-22,26.4,0.4,81,12.3,3.3,Yamoussoukro,6.82,-5.28
2021-11-23,26.5,0.0,81,12.6,3.92,Yamoussoukro,6.82,-5.28
2021-11-24,26.7,0.3,76,10.9,3.92,Yamoussoukro,6.82,-5.28
2021-11-25,27.2,0.0,75,11.2,4.58,Yamoussoukro,6.82,-5.28
2021-11-26,26.8,0.5,79,10.8,3.75,Yamoussoukro,6.82,-5.28
2021-11-27,26.2,0.3,82,9.9,3.55,Yamoussoukro,6.82,-5.28
2021-11-28,26.2,1.3,83,13.5,3.91,Yamoussoukro,6.82,-5.28
2021-11-29,26.3,0.3,82,10.8,3.43,Yamoussoukro,6.82,-5.28
2021-11-30,26.3,0.0,79,10.0,3.93,Yamoussoukro,6.82,-5.28
2021-12-01,26.7,0.3,78,10.8,3.62,Yamoussoukro,6.82,-5.28
2021-12-02,26.5,0.1,78,12.1,3.92,Yamoussoukro,6.82,-5.28
2021-12-03,27.2,0.1,77,11.3,3.84,Yamoussoukro,6.82,-5.28
2021-12-04,27.5,0.2,73,10.8,4.44,Yamoussoukro,6.82,-5.28
2021-12-05,27.2,0.1,77,11.2,3.89,Yamoussoukro,6.82,-5.28
2021-12-06,27.1,0.2,75,13.0,4.09,Yamoussoukro,6.82,-5.28
2021-12-07,27.1,0.2,76,10.5,3.52,Yamoussoukro,6.82,-5.28
2021-12-08,26.8,0.0,80,11.9,3.93,Yamoussoukro,6.82,-5.28
2021-12-09,27.3,0.0,72,12.7,4.55,Yamoussoukro,6.82,-5.28
2021-12-10,27.7,0.0,72,10.8,4.0,Yamoussoukro,6.82,-5.28
2021-12-11,27.4,0.0,72,12.2,4.31,Yamoussoukro,6.82,-5.28
2021-12-12,27.2,0.2,76,10.7,3.77,Yamoussoukro,6.82,-5.28
2021-12-13,27.5,0.0,75,14.3,4.2,Yamoussoukro,6.82,-5.28
2021-12-14,27.0,0.1,78,15.6,3.84,Yamoussoukro,6.82,-5.28
2021-12-15,26.5,0.9,80,9.4,3.56,Yamoussoukro,6.82,-5.28
2021-12-16,27.0,0.0,71,11.0,4.12,Yamoussoukro,6.82,-5.28
2021-12-17,26.4,0.0,70,10.5,4.42,Yamoussoukro,6.82,-5.28
2021-12-18,26.6,0.0,69,9.5,4.52,Yamoussoukro,6.82,-5.28
2021-12-19,26.6,0.0,68,9.4,4.47,Yamoussoukro,6.82,-5.28
2021-12-20,26.5,0.0,66,8.1,4.41,Yamoussoukro,6.82,-5.28
2021-12-21,26.2,0.0,40,9.7,5.2,Yamoussoukro,6.82,-5.28
2021-12-22,26.4,0.0,40,11.8,5.45,Yamoussoukro,6.82,-5.28
2021-12-23,26.2,0.0,43,9.5,5.04,Yamoussoukro,6.82,-5.28
2021-12-24,26.3,0.0,68,10.7,4.09,Yamoussoukro,6.82,-5.28
2021-12-25,27.2,0.1,70,12.7,4.14,Yamoussoukro,6.82,-5.28
2021-12-26,26.8,0.0,74,8.2,3.85,Yamoussoukro,6.82,-5.28
2021-12-27,27.3,0.0,70,12.6,4.45,Yamoussoukro,6.82,-5.28
2021-12-28,27.1,0.0,67,10.5,4.08,Yamoussoukro,6.82,-5.28
2021-12-29,27.6,0.0,67,12.4,4.29,Yamoussoukro,6.82,-5.28
2021-12-30,27.5,0.0,66,8.6,4.51,Yamoussoukro,6.82,-5.28
2021-12-31,27.1,0.2,70,11.4,4.13,Yamoussoukro,6.82,-5.28
2020-01-01,26.0,0.0,28,15.7,5.73,Man,7.41,-7.55
2020-01-02,25.2,0.0,27,14.2,5.65,Man,7.41,-7.55
2020-01-03,25.0,0.0,26,14.2,6.27,Man,7.41,-7.55
2020-01-04,24.7,0.0,27,13.6,6.0,Man,7.41,-7.55
2020-01-05,24.9,0.0,29,12.9,5.66,Man,7.41,-7.55
2020-01-06,25.0,0.0,35,8.6,5.02,Man,7.41,-7.55
2020-01-07,26.6,0.0,33,11.5,4.99,Man,7.41,-7.55
2020-01-08,27.6,0.0,38,7.6,4.73,Man,7.41,-7.55
2020-01-09,28.3,0.0,39,10.8,5.0,Man,7.41,-7.55
2020-01-10,27.7,0.0,38,12.8,5.4,Man,7.41,-7.55
2020-01-11,26.8,0.0,54,10.3,4.4,Man,7.41,-7.55
2020-01-12,27.9,0.0,51,13.1,5.18,Man,7.41,-7.55
2020-01-13,27.4,0.0,32,13.5,5.53,Man,7.41,-7.55
2020-01-14,26.7,0.0,29,13.6,5.86,Man,7.41,-7.55
2020-01-15,27.3,0.0,27,12.7,5.62,Man,7.41,-7.55
2020-01-16,27.7,0.0,30,12.5,5.74,Man,7.41,-7.55
2020-01-17,28.0,0.0,32,10.3,5.19,Man,7.41,-7.55
2020-01-18,27.8,0.0,31,13.5,5.77,Man,7.41,-7.55
2020-01-19,27.3,0.0,30,13.9,5.93,Man,7.41,-7.55
2020-01-20,27.3,0.0,47,9.5,5.0,Man,7.41,-7.55
2020-01-21,26.2,4.4,80,9.2,3.42,Man,7.41,-7.55
2020-01-22,25.5,5.6,87,7.7,2.55,Man,7.41,-7.55
2020-01-23,27.9,0.0,64,14.4,4.85,Man,7.41,-7.55
2020-01-24,28.0,0.0,31,18.1,6.02,Man,7.41,-7.55
2020-01-25,28.0,0.0,29,10.9,5.81,Man,7.41,-7.55
2020-01-26,27.2,0.0,41,9.3,5.19,Man,7.41,-7.55
2020-01-27,27.5,0.0,50,10.8,5.01,Man,7.41,-7.55
2020-01-28,27.5,0.0,60,13.1,4.59,Man,7.41,-7.55
2020-01-29,28.1,0.0,50,11.6,5.39,Man,7.41,-7.55
2020-01-30,28.9,0.0,34,12.4,5.71,Man,7.41,-7.55
2020-01-31,28.2,0.0,40,11.2,5.26,Man,7.41,-7.55
2020-02-01,28.3,0.0,48,10.1,5.43,Man,7.41,-7.55
2020-02-02,27.9,0.0,45,13.7,5.88,Man,7.41,-7.55
2020-02-03,27.4,0.0,20,14.0,6.39,Man,7.41,-7.55
2020-02-04,26.9,0.0,17,13.7,6.39,Man,7.41,-7.55
2020-02-05,27.5,0.0,19,11.4,6.03,Man,7.41,-7.55
2020-02-06,27.9,0.0,27,11.3,5.92,Man,7.41,-7.55
2020-02-07,28.1,0.0,27,14.2,6.31,Man,7.41,-7.55
2020-02-08,27.9,0.0,19,13.6,6.42,Man,7.41,-7.55
2020-02-09,28.0,0.0,25,11.7,5.96,Man,7.41,-7.55
2020-02-10,27.7,0.0,57,9.5,4.21,Man,7.41,-7.55
2020-02-11,26.8,1.5,56,12.5,3.86,Man,7.41,-7.55
2020-02-12,28.9,0.0,17,17.3,6.99,Man,7.41,-7.55
2020-02-13,28.5,0.0,16,16.3,6.93,Man,7.41,-7.55
2020-02-14,28.7,0.0,22,13.3,6.66,Man,7.41,-7.55
2020-02-15,29.3,0.0,14,12.6,6.59,Man,7.41,-7.55
2020-02-16,29.4,0.0,15,14.8,6.46,Man,7.41,-7.55
2020-02-17,28.2,0.0,38,10.0,5.88,Man,7.41,-7.55
2020-02-18,28.0,0.0,59,11.9,5.39,Man,7.41,-7.55
2020-02-19,28.7,0.0,64,10.1,4.99,Man,7.41,-7.55
2020-02-20,28.2,0.6,72,9.5,4.77,Man,7.41,-7.55
2020-02-21,27.3,18.4,78,9.6,4.14,Man,7.41,-7.55
2020-02-22,28.6,0.0,69,13.7,4.62,Man,7.41,-7.55
2020-02-23,28.6,0.6,74,13.1,4.44,Man,7.41,-7.55
2020-02-24,28.5,0.1,73,10.5,4.23,Man,7.41,-7.55
2020-02-25,28.9,0.5,65,10.8,4.73,Man,7.41,-7.55
2020-02-26,29.2,0.0,50,10.9,5.71,Man,7.41,-7.55
2020-02-27,29.6,0.1,58,11.8,4.98,Man,7.41,-7.55
2020-02-28,28.2,0.3,70,13.4,4.11,Man,7.41,-7.55
2020-02-29,29.5,0.0,60,11.5,5.35,Man,7.41,-7.55
2020-03-01,29.7,0.0,56,13.0,5.49,Man,7.41,-7.55
2020-03-02,28.1,0.1,73,11.6,4.59,Man,7.41,-7.55
2020-03-03,27.4,6.5,81,13.0,3.88,Man,7.41,-7.55
2020-03-04,27.9,0.1,77,9.3,4.11,Man,7.41,-7.55
2020-03-05,27.5,8.9,82,13.4,3.74,Man,7.41,-7.55
2020-03-06,26.4,0.4,83,15.5,3.59,Man,7.41,-7.55
2020-03-07,27.2,0.4,78,13.1,4.28,Man,7.41,-7.55
2020-03-08,27.0,5.1,82,11.6,3.9,Man,7.41,-7.55
2020-03-09,26.3,15.8,86,10.5,3.75,Man,7.41,-7.55
2020-03-10,25.5,24.2,90,10.4,3.37,Man,7.41,-7.55
2020-03-11,27.8,0.1,78,7.6,4.59,Man,7.41,-7.55
2020-03-12,27.9,1.8,71,9.0,4.64,Man,7.41,-7.55
2020-03-13,27.9,0.1,71,13.0,4.7,Man,7.41,-7.55
2020-03-14,28.4,0.1,73,13.6,4.58,Man,7.41,-7.55
2020-03-15,26.6,1.2,82,15.3,2.98,Man,7.41,-7.55
2020-03-16,27.6,0.0,76,12.0,4.2,Man,7.41,-7.55
2020-03-17,27.0,4.8,81,14.7,3.91,Man,7.41,-7.55
2020-03-18,27.0,1.3,80,15.6,4.25,Man,7.41,-7.55
2020-03-19,27.0,0.3,79,13.0,4.03,Man,7.41,-7.55
2020-03-20,28.1,0.0,74,11.6,4.66,Man,7.41,-7.55
2020-03-21,26.7,3.4,84,9.7,3.02,Man,7.41,-7.55
2020-03-22,26.5,17.7,85,13.8,3.89,Man,7.41,-7.55
2020-03-23,24.8,14.7,90,13.2,2.76,Man,7.41,-7.55
2020-03-24,25.5,5.5,86,13.1,3.1,Man,7.41,-7.55
2020-03-25,26.2,2.2,80,8.0,3.51,Man,7.41,-7.55
2020-03-26,26.5,8.1,79,8.2,3.46,Man,7.41,-7.55
2020-03-27,25.1,1.2,88,8.1,1.98,Man,7.41,-7.55
2020-03-28,26.9,7.9,78,8.3,4.68,Man,7.41,-7.55
2020-03-29,26.1,10.8,87,9.8,3.51,Man,7.41,-7.55
2020-03-30,27.1,0.8,81,9.5,4.55,Man,7.41,-7.55
2020-03-31,27.5,0.6,80,12.4,4.0,Man,7.41,-7.55
2020-04-01,27.0,1.9,82,13.7,4.0,Man,7.41,-7.55
2020-04-02,27.2,0.1,80,7.6,3.87,Man,7.41,-7.55
2020-04-03,27.4,0.1,75,12.2,4.15,Man,7.41,-7.55
2020-04-04,27.7,0.3,77,14.4,4.1,Man,7.41,-7.55
2020-04-05,28.4,0.1,73,8.1,4.64,Man,7.41,-7.55
2020-04-06,26.8,1.7,83,14.5,2.75,Man,7.41,-7.55
2020-04-07,27.1,0.1,78,15.8,3.93,Man,7.41,-7.55
2020-04-08,26.6,3.7,82,10.5,3.9,Man,7.41,-7.55
2020-04-09,24.7,4.8,90,8.1,2.02,Man,7.41,-7.55
2020-04-10,26.3,4.6,80,9.8,4.69,Man,7.41,-7.55
2020-04-11,25.5,0.0,85,9.0,2.52,Man,7.41,-7.55
2020-04-12,26.6,0.2,79,8.4,4.68,Man,7.41,-7.55
2020-04-13,27.2,0.0,77,10.0,4.88,Man,7.41,-7.55
2020-04-14,26.7,6.9,83,10.1,3.95,Man,7.41,-7.55
2020-04-15,26.8,1.7,80,12.8,3.65,Man,7.41,-7.55
2020-04-16,28.5,1.8,68,12.1,5.4,Man,7.41,-7.55
2020-04-17,28.1,1.9,77,14.8,4.89,Man,7.41,-7.55
2020-04-18,27.0,1.2,80,16.7,4.04,Man,7.41,-7.55
2020-04-19,27.1,0.3,79,13.2,4.47,Man,7.41,-7.55
2020-04-20,26.2,2.6,87,12.3,3.73,Man,7.41,-7.55
2020-04-21,27.2,0.0,75,7.9,4.77,Man,7.41,-7.55
2020-04-22,27.5,0.3,78,13.6,4.61,Man,7.41,-7.55
2020-04-23,26.4,2.9,85,8.8,3.63,Man,7.41,-7.55
2020-04-24,25.7,12.8,89,8.9,3.69,Man,7.41,-7.55
2020-04-25,26.3,0.1,82,8.3,4.0,Man,7.41,-7.55
2020-04-26,25.8,13.7,85,10.8,3.58,Man,7.41,-7.55
2020-04-27,26.0,4.8,89,10.7,4.01,Man,7.41,-7.55
2020-04-28,27.2,0.1,74,8.4,5.23,Man,7.41,-7.55
2020-04-29,27.2,0.1,77,11.6,4.47,Man,7.41,-7.55
2020-04-30,26.5,9.1,84,12.0,3.4,Man,7.41,-7.55
2020-05-01,27.7,0.2,76,8.2,4.56,Man,7.41,-7.55
2020-05-02,27.4,3.4,80,11.3,4.5,Man,7.41,-7.55
2020-05-03,26.2,0.5,86,14.8,3.02,Man,7.41,-7.55
2020-05-04,26.8,0.3,80,13.0,3.68,Man,7.41,-7.55
2020-05-05,27.7,0.1,75,8.6,4.59,Man,7.41,-7.55
2020-05-06,27.0,0.2,80,11.6,3.85,Man,7.41,-7.55
2020-05-07,27.2,0.7,82,8.0,4.47,Man,7.41,-7.55
2020-05-08,28.0,0.3,74,9.5,5.1,Man,7.41,-7.55
2020-05-09,26.6,6.5,83,12.2,4.21,Man,7.41,-7.55
2020-05-10,26.7,0.1,79,13.5,4.58,Man,7.41,-7.55
2020-05-11,25.4,2.1,89,12.0,2.24,Man,7.41,-7.55
2020-05-12,26.5,0.1,79,9.6,4.26,Man,7.41,-7.55
2020-05-13,26.7,1.3,79,9.4,3.93,Man,7.41,-7.55
2020-05-14,26.8,4.3,82,11.3,4.45,Man,7.41,-7.55
2020-05-15,26.8,3.4,83,9.5,4.35,Man,7.41,-7.55
2020-05-16,26.8,0.8,83,9.2,4.2,Man,7.41,-7.55
2020-05-17,26.3,2.2,85,10.3,3.89,Man,7.41,-7.55
2020-05-18,24.5,6.8,93,9.8,2.17,Man,7.41,-7.55
2020-05-19,26.6,0.1,74,9.5,5.15,Man,7.41,-7.55
2020-05-20,26.2,1.7,81,13.3,4.02,Man,7.41,-7.55
2020-05-21,27.1,0.3,77,9.1,4.73,Man,7.41,-7.55
2020-05-22,27.0,1.1,80,14.6,3.86,Man,7.41,-7.55
2020-05-23,26.9,1.5,78,13.9,4.09,Man,7.41,-7.55
2020-05-24,26.5,2.1,85,12.1,3.83,Man,7.41,-7.55
2020-05-25,26.6,5.1,84,10.6,4.14,Man,7.41,-7.55
2020-05-26,24.4,12.3,94,8.7,2.25,Man,7.41,-7.55
2020-05-27,25.4,17.3,89,7.9,3.47,Man,7.41,-7.55
2020-05-28,25.1,12.9,90,8.5,3.48,Man,7.41,-7.55
2020-05-29,24.9,19.0,90,10.7,2.92,Man,7.41,-7.55
2020-05-30,25.7,0.0,82,6.9,3.51,Man,7.41,-7.55
2020-05-31,24.4,22.8,92,8.2,2.77,Man,7.41,-7.55
2020-06-01,25.6,1.3,87,7.6,4.17,Man,7.41,-7.55
2020-06-02,24.5,1.8,92,6.5,2.17,Man,7.41,-7.55
2020-06-03,25.2,0.1,82,8.9,2.85,Man,7.41,-7.55
2020-06-04,26.3,0.1,77,12.3,4.67,Man,7.41,-7.55
2020-06-05,26.7,0.4,81,9.7,4.22,Man,7.41,-7.55
2020-06-06,25.4,8.2,88,10.2,3.42,Man,7.41,-7.55
2020-06-07,24.5,41.0,91,7.9,3.42,Man,7.41,-7.55
2020-06-08,24.8,5.5,87,9.5,3.33,Man,7.41,-7.55
2020-06-09,24.6,7.9,90,8.8,3.29,Man,7.41,-7.55
2020-06-10,24.2,3.8,89,7.9,2.28,Man,7.41,-7.55
2020-06-11,24.7,0.7,85,7.8,2.99,Man,7.41,-7.55
2020-06-12,25.7,0.1,79,8.8,3.53,Man,7.41,-7.55
2020-06-13,24.6,17.5,89,11.2,3.41,Man,7.41,-7.55
2020-06-14,24.7,2.0,90,8.8,3.36,Man,7.41,-7.55
2020-06-15,25.7,2.7,82,7.9,3.95,Man,7.41,-7.55
2020-06-16,26.0,1.6,82,9.4,3.96,Man,7.41,-7.55
2020-06-17,25.0,4.8,89,12.9,3.24,Man,7.41,-7.55
2020-06-18,24.0,5.3,92,12.3,2.25,Man,7.41,-7.55
2020-06-19,23.6,4.8,93,14.3,1.93,Man,7.41,-7.55
2020-06-20,24.6,4.1,88,8.9,3.36,Man,7.41,-7.55
2020-06-21,25.3,1.9,87,9.2,3.81,Man,7.41,-7.55
2020-06-22,24.7,5.3,91,9.7,3.45,Man,7.41,-7.55
2020-06-23,24.7,5.1,89,10.1,3.43,Man,7.41,-7.55
2020-06-24,24.5,2.6,92,8.4,3.31,Man,7.41,-7.55
2020-06-25,24.6,7.8,90,9.8,3.52,Man,7.41,-7.55
2020-06-26,24.7,0.6,85,10.2,3.14,Man,7.41,-7.55
2020-06-27,24.2,6.7,89,12.5,2.9,Man,7.41,-7.55
2020-06-28,24.7,1.0,86,11.5,3.11,Man,7.41,-7.55
2020-06-29,24.0,17.1,91,12.9,2.89,Man,7.41,-7.55
2020-06-30,23.3,4.3,92,10.9,2.3,Man,7.41,-7.55
2020-07-01,24.5,0.6,85,8.1,2.59,Man,7.41,-7.55
2020-07-02,23.8,10.7,90,7.9,3.31,Man,7.41,-7.55
2020-07-03,24.4,6.9,88,12.1,3.69,Man,7.41,-7.55
2020-07-04,23.8,6.8,90,15.6,3.1,Man,7.41,-7.55
2020-07-05,23.7,6.2,86,13.7,2.99,Man,7.41,-7.55
2020-07-06,24.6,1.3,82,10.2,3.63,Man,7.41,-7.55
2020-07-07,25.4,2.5,82,10.7,3.64,Man,7.41,-7.55
2020-07-08,24.7,3.0,86,15.2,3.12,Man,7.41,-7.55
2020-07-09,23.3,2.8,91,16.2,2.36,Man,7.41,-7.55
2020-07-10,23.1,7.6,90,13.1,2.37,Man,7.41,-7.55
2020-07-11,22.6,3.5,92,14.3,1.91,Man,7.41,-7.55
2020-07-12,23.1,2.1,88,11.3,1.9,Man,7.41,-7.55
2020-07-13,23.6,10.2,87,9.2,2.92,Man,7.41,-7.55
2020-07-14,22.8,40.7,96,11.6,1.73,Man,7.41,-7.55
2020-07-15,24.0,1.1,83,15.4,2.86,Man,7.41,-7.55
2020-07-16,23.8,1.1,84,14.0,2.59,Man,7.41,-7.55
2020-07-17,23.7,10.1,88,10.6,2.58,Man,7.41,-7.55
2020-07-18,22.9,8.4,96,12.6,1.65,Man,7.41,-7.55
2020-07-19,24.7,1.1,81,12.4,4.59,Man,7.41,-7.55
2020-07-20,24.1,1.8,87,13.0,2.75,Man,7.41,-7.55
2020-07-21,24.0,12.5,90,11.5,3.33,Man,7.41,-7.55
2020-07-22,23.6,9.3,92,7.8,2.61,Man,7.41,-7.55
2020-07-23,23.9,5.2,90,10.1,3.46,Man,7.41,-7.55
2020-07-24,23.9,1.3,87,15.3,2.9,Man,7.41,-7.55
2020-07-25,22.8,3.0,95,13.8,1.95,Man,7.41,-7.55
2020-07-26,22.8,6.7,91,14.8,2.23,Man,7.41,-7.55
2020-07-27,23.5,2.1,84,15.1,2.99,Man,7.41,-7.55
2020-07-28,23.0,6.4,89,12.1,2.13,Man,7.41,-7.55
2020-07-29,24.0,4.9,87,13.3,3.67,Man,7.41,-7.55
2020-07-30,24.0,2.2,89,10.8,3.14,Man,7.41,-7.55
2020-07-31,24.3,4.3,88,8.4,3.4,Man,7.41,-7.55
2020-08-01,23.1,13.5,97,12.8,1.95,Man,7.41,-7.55
2020-08-02,23.7,6.4,87,12.6,3.31,Man,7.41,-7.55
2020-08-03,24.5,0.3,75,15.2,4.47,Man,7.41,-7.55
2020-08-04,23.5,2.2,75,13.8,3.8,Man,7.41,-7.55
2020-08-05,23.3,0.0,70,13.3,5.02,Man,7.41,-7.55
2020-08-06,22.1,1.0,80,17.1,3.29,Man,7.41,-7.55
2020-08-07,22.1,4.4,91,16.4,1.72,Man,7.41,-7.55
2020-08-08,22.5,4.0,92,14.6,1.93,Man,7.41,-7.55
2020-08-09,23.3,7.9,86,11.6,2.58,Man,7.41,-7.55
2020-08-10,24.1,2.7,84,14.5,3.17,Man,7.41,-7.55
2020-08-11,22.3,10.3,96,13.5,1.4,Man,7.41,-7.55
2020-08-12,22.9,3.1,86,13.1,2.48,Man,7.41,-7.55
2020-08-13,24.1,6.6,82,8.4,3.24,Man,7.41,-7.55
2020-08-14,24.7,2.7,81,10.4,4.31,Man,7.41,-7.55
2020-08-15,22.3,77.6,99,18.7,0.98,Man,7.41,-7.55
2020-08-16,23.4,3.9,85,12.8,2.59,Man,7.41,-7.55
2020-08-17,24.2,2.9,83,12.4,2.99,Man,7.41,-7.55
2020-08-18,24.4,2.0,86,14.3,3.53,Man,7.41,-7.55
2020-08-19,24.4,2.0,83,11.7,3.49,Man,7.41,-7.55
2020-08-20,24.4,2.1,86,12.2,3.59,Man,7.41,-7.55
2020-08-21,25.1,1.0,82,14.1,3.76,Man,7.41,-7.55
2020-08-22,24.0,4.0,91,9.4,3.02,Man,7.41,-7.55
2020-08-23,23.4,8.1,94,12.2,2.62,Man,7.41,-7.55
2020-08-24,23.3,5.9,90,12.3,1.9,Man,7.41,-7.55
2020-08-25,23.7,0.3,86,15.0,1.94,Man,7.41,-7.55
2020-08-26,25.0,1.3,82,12.1,4.27,Man,7.41,-7.55
2020-08-27,23.7,23.0,94,9.4,2.72,Man,7.41,-7.55
2020-08-28,23.6,16.8,93,13.9,2.67,Man,7.41,-7.55
2020-08-29,22.6,20.9,96,14.7,2.14,Man,7.41,-7.55
2020-08-30,23.5,4.5,88,13.5,2.82,Man,7.41,-7.55
2020-08-31,22.8,17.8,95,13.6,2.17,Man,7.41,-7.55
2020-09-01,22.5,32.0,95,13.4,1.7,Man,7.41,-7.55
2020-09-02,23.9,1.7,85,11.1,2.32,Man,7.41,-7.55
2020-09-03,22.9,11.4,97,10.2,1.39,Man,7.41,-7.55
2020-09-04,22.9,1.4,91,14.8,2.31,Man,7.41,-7.55
2020-09-05,22.8,1.8,91,12.1,2.55,Man,7.41,-7.55
2020-09-06,23.1,9.1,92,11.4,2.27,Man,7.41,-7.55
2020-09-07,23.9,0.8,87,9.3,2.8,Man,7.41,-7.55
2020-09-08,23.0,39.7,96,8.0,2.35,Man,7.41,-7.55
2020-09-09,23.7,4.0,89,12.3,3.25,Man,7.41,-7.55
2020-09-10,23.8,4.9,89,12.9,3.12,Man,7.41,-7.55
2020-09-11,22.5,31.3,98,8.2,1.43,Man,7.41,-7.55
2020-09-12,24.8,2.4,83,11.8,4.14,Man,7.41,-7.55
2020-09-13,23.8,6.3,92,8.1,3.15,Man,7.41,-7.55
2020-09-14,24.6,1.4,85,7.7,3.76,Man,7.41,-7.55
2020-09-15,25.0,2.5,86,9.5,4.27,Man,7.41,-7.55
2020-09-16,24.7,5.9,90,11.3,3.55,Man,7.41,-7.55
2020-09-17,23.5,30.3,94,11.3,2.25,Man,7.41,-7.55
2020-09-18,24.0,6.1,90,11.6,3.39,Man,7.41,-7.55
2020-09-19,24.7,5.4,89,6.4,3.82,Man,7.41,-7.55
2020-09-20,24.6,7.5,89,9.6,3.81,Man,7.41,-7.55
2020-09-21,23.8,1.8,90,11.7,2.42,Man,7.41,-7.55
2020-09-22,24.1,4.9,89,8.5,3.42,Man,7.41,-7.55
2020-09-23,24.2,6.6,90,11.4,3.41,Man,7.41,-7.55
2020-09-24,23.6,19.6,93,8.0,2.84,Man,7.41,-7.55
2020-09-25,24.5,7.9,91,6.8,3.4,Man,7.41,-7.55
2020-09-26,23.5,10.9,92,14.4,3.18,Man,7.41,-7.55
2020-09-27,24.3,0.1,84,11.2,4.18,Man,7.41,-7.55
2020-09-28,25.0,8.8,88,7.6,4.47,Man,7.41,-7.55
2020-09-29,24.8,5.0,90,8.4,3.97,Man,7.41,-7.55
2020-09-30,23.9,15.8,93,8.1,2.73,Man,7.41,-7.55
2020-10-01,23.9,5.3,89,15.6,2.34,Man,7.41,-7.55
2020-10-02,23.4,28.3,95,12.3,2.36,Man,7.41,-7.55
2020-10-03,23.3,9.8,94,8.9,2.65,Man,7.41,-7.55
2020-10-04,24.2,8.5,89,9.3,2.89,Man,7.41,-7.55
2020-10-05,23.6,9.2,91,8.1,2.46,Man,7.41,-7.55
2020-10-06,24.6,4.1,89,6.6,3.79,Man,7.41,-7.55
2020-10-07,24.6,3.5,88,7.8,3.83,Man,7.41,-7.55
2020-10-08,24.1,0.4,90,7.9,2.41,Man,7.41,-7.55
2020-10-09,25.0,4.3,85,12.0,3.82,Man,7.41,-7.55
2020-10-10,25.3,1.0,81,9.1,4.4,Man,7.41,-7.55
2020-10-11,23.5,25.6,94,10.8,2.97,Man,7.41,-7.55
2020-10-12,23.5,16.0,93,8.2,2.92,Man,7.41,-7.55
2020-10-13,24.1,0.9,88,7.3,4.0,Man,7.41,-7.55
2020-10-14,24.8,0.3,85,7.6,4.32,Man,7.41,-7.55
2020-10-15,24.2,3.5,91,6.6,3.06,Man,7.41,-7.55
2020-10-16,24.6,8.0,93,8.5,3.37,Man,7.41,-7.55
2020-10-17,25.2,1.6,86,6.4,4.24,Man,7.41,-7.55
2020-10-18,24.3,5.5,91,10.4,2.78,Man,7.41,-7.55
2020-10-19,24.6,11.7,90,10.0,3.56,Man,7.41,-7.55
2020-10-20,24.4,1.5,92,7.8,3.44,Man,7.41,-7.55
2020-10-21,24.9,2.4,91,7.6,3.75,Man,7.41,-7.55
2020-10-22,25.6,0.7,85,9.4,4.11,Man,7.41,-7.55
2020-10-23,24.9,2.7,89,8.6,3.92,Man,7.41,-7.55
2020-10-24,25.3,0.0,83,7.6,4.29,Man,7.41,-7.55
2020-10-25,25.6,0.2,78,9.6,4.28,Man,7.41,-7.55
2020-10-26,25.8,0.3,80,9.5,4.28,Man,7.41,-7.55
2020-10-27,26.0,0.1,79,9.7,4.41,Man,7.41,-7.55
2020-10-28,25.4,0.5,87,7.3,3.75,Man,7.41,-7.55
2020-10-29,25.5,0.9,84,8.1,3.83,Man,7.41,-7.55
2020-10-30,25.6,0.8,81,8.5,3.95,Man,7.41,-7.55
2020-10-31,25.9,0.1,83,9.3,4.21,Man,7.41,-7.55
2020-11-01,25.8,0.6,82,7.8,4.17,Man,7.41,-7.55
2020-11-02,25.4,1.8,88,7.8,3.55,Man,7.41,-7.55
2020-11-03,25.5,4.4,86,9.4,3.98,Man,7.41,-7.55
2020-11-04,25.8,0.9,80,10.9,3.95,Man,7.41,-7.55
2020-11-05,25.5,1.5,86,7.9,4.01,Man,7.41,-7.55
2020-11-06,25.3,4.2,87,8.0,3.41,Man,7.41,-7.55
2020-11-07,25.8,0.2,82,9.4,4.19,Man,7.41,-7.55
2020-11-08,25.8,0.0,77,7.9,4.39,Man,7.41,-7.55
2020-11-09,25.3,1.5,84,7.8,3.55,Man,7.41,-7.55
2020-11-10,24.6,4.7,89,8.8,3.34,Man,7.41,-7.55
2020-11-11,25.2,0.3,85,8.4,3.69,Man,7.41,-7.55
2020-11-12,25.6,0.0,78,12.3,4.21,Man,7.41,-7.55
2020-11-13,25.8,0.0,71,14.1,4.93,Man,7.41,-7.55
2020-11-14,25.9,0.0,67,11.9,4.84,Man,7.41,-7.55
2020-11-15,25.9,0.0,70,12.3,4.83,Man,7.41,-7.55
2020-11-16,26.0,0.0,72,10.2,4.45,Man,7.41,-7.55
2020-11-17,25.7,0.0,74,10.4,4.19,Man,7.41,-7.55
2020-11-18,26.0,0.1,75,9.4,4.46,Man,7.41,-7.55
2020-11-19,25.6,0.8,81,9.4,3.61,Man,7.41,-7.55
2020-11-20,25.9,0.4,80,10.9,4.1,Man,7.41,-7.55
2020-11-21,25.3,4.8,82,6.9,3.72,Man,7.41,-7.55
2020-11-22,25.9,3.0,78,9.4,4.0,Man,7.41,-7.55
2020-11-23,26.1,1.0,75,10.7,4.09,Man,7.41,-7.55
2020-11-24,26.2,0.5,75,9.5,4.16,Man,7.41,-7.55
2020-11-25,26.3,0.1,77,9.1,4.09,Man,7.41,-7.55
2020-11-26,26.3,0.0,74,9.5,4.3,Man,7.41,-7.55
2020-11-27,25.5,1.5,83,10.8,3.07,Man,7.41,-7.55
2020-11-28,25.2,1.3,83,8.4,3.26,Man,7.41,-7.55
2020-11-29,25.0,1.7,87,9.1,2.69,Man,7.41,-7.55
2020-11-30,26.0,1.8,81,9.5,3.81,Man,7.41,-7.55
2020-12-01,26.2,0.2,78,9.7,3.9,Man,7.41,-7.55
2020-12-02,26.5,0.0,74,10.9,4.36,Man,7.41,-7.55
2020-12-03,26.3,0.0,74,9.1,4.21,Man,7.41,-7.55
2020-12-04,26.6,0.1,72,12.3,4.35,Man,7.41,-7.55
2020-12-05,26.3,0.2,76,10.5,3.82,Man,7.41,-7.55
2020-12-06,25.9,2.3,82,8.9,3.57,Man,7.41,-7.55
2020-12-07,26.2,0.5,80,10.1,3.76,Man,7.41,-7.55
2020-12-08,25.7,3.1,83,9.4,3.75,Man,7.41,-7.55
2020-12-09,25.5,0.4,85,8.6,3.15,Man,7.41,-7.55
2020-12-10,25.8,1.4,80,9.1,3.7,Man,7.41,-7.55
2020-12-11,25.7,0.6,84,10.1,3.2,Man,7.41,-7.55
2020-12-12,25.8,0.9,83,8.1,3.55,Man,7.41,-7.55
2020-12-13,26.1,1.0,82,11.1,3.46,Man,7.41,-7.55
2020-12-14,25.8,0.4,84,9.2,3.43,Man,7.41,-7.55
2020-12-15,24.2,10.0,92,7.7,2.63,Man,7.41,-7.55
2020-12-16,24.9,7.7,89,7.4,3.09,Man,7.41,-7.55
2020-12-17,24.9,8.3,87,8.4,3.53,Man,7.41,-7.55
2020-12-18,24.7,3.0,87,9.7,2.92,Man,7.41,-7.55
2020-12-19,24.9,0.1,84,5.6,2.86,Man,7.41,-7.55
2020-12-20,25.5,0.2,81,8.7,3.73,Man,7.41,-7.55
2020-12-21,26.2,0.0,74,10.8,3.99,Man,7.41,-7.55
2020-12-22,26.4,0.0,62,10.8,4.56,Man,7.41,-7.55
2020-12-23,25.7,0.0,58,10.1,4.72,Man,7.41,-7.55
2020-12-24,25.1,0.9,79,9.1,3.2,Man,7.41,-7.55
2020-12-25,26.3,0.3,77,11.2,3.99,Man,7.41,-7.55
2020-12-26,26.4,0.0,69,12.6,4.32,Man,7.41,-7.55
2020-12-27,26.6,0.0,61,10.5,4.69,Man,7.41,-7.55
2020-12-28,26.2,0.0,56,10.1,4.72,Man,7.41,-7.55
2020-12-29,26.2,0.0,53,10.9,4.83,Man,7.41,-7.55
2020-12-30,26.7,0.0,35,11.7,5.1,Man,7.41,-7.55
2020-12-31,26.3,0.0,65,6.6,4.38,Man,7.41,-7.55
2021-01-01,26.5,0.0,65,8.4,4.4,Man,7.41,-7.55
2021-01-02,26.3,0.0,68,10.8,4.39,Man,7.41,-7.55
2021-01-03,26.6,0.0,71,9.7,4.08,Man,7.41,-7.55
2021-01-04,26.6,0.1,75,8.0,3.92,Man,7.41,-7.55
2021-01-05,27.2,0.2,67,14.3,4.47,Man,7.41,-7.55
2021-01-06,26.8,0.0,68,15.6,4.54,Man,7.41,-7.55
2021-01-07,26.8,0.0,68,11.9,4.06,Man,7.41,-7.55
2021-01-08,26.6,0.1,72,9.4,3.99,Man,7.41,-7.55
2021-01-09,26.4,0.7,79,10.6,3.63,Man,7.41,-7.55
2021-01-10,27.1,0.1,74,10.0,4.04,Man,7.41,-7.55
2021-01-11,25.3,0.8,84,10.8,3.15,Man,7.41,-7.55
2021-01-12,26.4,0.2,73,9.9,4.13,Man,7.41,-7.55
2021-01-13,26.0,2.1,78,9.4,3.72,Man,7.41,-7.55
2021-01-14,26.7,0.0,71,12.6,4.38,Man,7.41,-7.55
2021-01-15,27.0,0.0,65,9.4,4.5,Man,7.41,-7.55
2021-01-16,26.8,0.0,59,11.5,4.91,Man,7.41,-7.55
2021-01-17,27.0,0.0,42,12.4,5.22,Man,7.41,-7.55
2021-01-18,26.6,0.0,44,11.4,5.2,Man,7.41,-7.55
2021-01-19,26.9,0.0,62,11.8,4.77,Man,7.41,-7.55
2021-01-20,26.7,0.3,70,11.5,4.39,Man,7.41,-7.55
2021-01-21,27.4,0.0,62,12.8,4.68,Man,7.41,-7.55
2021-01-22,27.2,0.0,48,11.3,5.3,Man,7.41,-7.55
2021-01-23,26.8,0.0,39,10.9,5.38,Man,7.41,-7.55
2021-01-24,27.0,0.0,29,11.1,5.55,Man,7.41,-7.55
2021-01-25,27.1,0.0,37,10.6,5.38,Man,7.41,-7.55
2021-01-26,28.0,0.0,40,12.7,5.5,Man,7.41,-7.55
2021-01-27,27.7,0.0,49,12.6,5.28,Man,7.41,-7.55
2021-01-28,27.2,0.2,69,10.2,4.25,Man,7.41,-7.55
2021-01-29,28.2,0.0,64,11.2,4.9,Man,7.41,-7.55
2021-01-30,28.3,0.0,59,10.5,5.12,Man,7.41,-7.55
2021-01-31,28.2,0.0,57,11.7,5.39,Man,7.41,-7.55
2021-02-01,27.5,0.0,55,12.3,5.38,Man,7.41,-7.55
2021-02-02,27.9,0.0,56,10.7,4.88,Man,7.41,-7.55
2021-02-03,28.0,0.4,66,10.6,4.75,Man,7.41,-7.55
2021-02-04,28.1,0.0,65,11.1,4.78,Man,7.41,-7.55
2021-02-05,28.3,0.0,68,11.4,4.66,Man,7.41,-7.55
2021-02-06,27.9,0.0,70,11.7,4.09,Man,7.41,-7.55
2021-02-07,28.5,0.0,61,9.7,4.96,Man,7.41,-7.55
2021-02-08,27.5,1.0,68,15.5,4.54,Man,7.41,-7.55
2021-02-09,28.3,0.0,53,14.2,5.82,Man,7.41,-7.55
2021-02-10,28.2,0.0,51,9.9,5.66,Man,7.41,-7.55
2021-02-11,28.9,0.0,59,11.9,5.61,Man,7.41,-7.55
2021-02-12,29.0,0.0,59,13.5,5.31,Man,7.41,-7.55
2021-02-13,29.2,0.0,60,14.9,5.18,Man,7.41,-7.55
2021-02-14,27.2,2.5,80,17.3,3.99,Man,7.41,-7.55
2021-02-15,26.9,2.3,83,9.8,3.48,Man,7.41,-7.55
2021-02-16,26.5,8.3,81,13.2,4.15,Man,7.41,-7.55
2021-02-17,24.0,3.1,89,8.8,2.09,Man,7.41,-7.55
2021-02-18,25.6,0.1,75,6.4,3.34,Man,7.41,-7.55
2021-02-19,26.9,0.9,70,8.4,4.48,Man,7.41,-7.55
2021-02-20,26.1,0.3,76,10.2,4.16,Man,7.41,-7.55
2021-02-21,27.4,0.0,69,10.5,4.91,Man,7.41,-7.55
2021-02-22,27.6,0.0,59,13.3,5.61,Man,7.41,-7.55
2021-02-23,27.0,0.0,62,11.2,4.89,Man,7.41,-7.55
2021-02-24,27.9,0.0,66,12.1,4.78,Man,7.41,-7.55
2021-02-25,26.4,1.6,74,12.9,4.15,Man,7.41,-7.55
2021-02-26,27.3,0.1,70,10.7,4.91,Man,7.41,-7.55
2021-02-27,25.6,7.1,85,10.3,3.32,Man,7.41,-7.55
2021-02-28,24.4,6.9,90,10.5,2.63,Man,7.41,-7.55
2021-03-01,26.2,1.7,84,8.0,4.15,Man,7.41,-7.55
2021-03-02,27.7,0.0,75,8.9,4.79,Man,7.41,-7.55
2021-03-03,27.9,0.0,73,12.3,4.6,Man,7.41,-7.55
2021-03-04,27.2,1.2,80,15.9,4.24,Man,7.41,-7.55
2021-03-05,26.2,3.6,84,16.8,3.41,Man,7.41,-7.55
2021-03-06,25.5,2.7,87,13.3,3.49,Man,7.41,-7.55
2021-03-07,26.3,1.6,81,9.9,4.51,Man,7.41,-7.55
2021-03-08,26.9,2.2,78,11.6,4.0,Man,7.41,-7.55
2021-03-09,25.8,9.5,84,14.1,3.97,Man,7.41,-7.55
2021-03-10,25.8,7.2,86,13.7,3.06,Man,7.41,-7.55
2021-03-11,25.8,8.7,88,10.8,3.22,Man,7.41,-7.55
2021-03-12,25.6,7.4,83,9.3,2.95,Man,7.41,-7.55
2021-03-13,25.4,12.3,86,13.8,2.79,Man,7.41,-7.55
2021-03-14,25.9,4.5,85,11.1,3.93,Man,7.41,-7.55
2021-03-15,26.2,2.0,78,10.3,3.73,Man,7.41,-7.55
2021-03-16,26.0,1.3,81,12.2,3.9,Man,7.41,-7.55
2021-03-17,25.8,3.9,80,13.8,4.22,Man,7.41,-7.55
2021-03-18,24.8,0.0,85,10.0,2.89,Man,7.41,-7.55
2021-03-19,26.4,0.1,78,8.0,4.69,Man,7.41,-7.55
2021-03-20,25.1,5.4,88,10.2,3.47,Man,7.41,-7.55
2021-03-21,25.5,21.2,86,8.3,3.97,Man,7.41,-7.55
2021-03-22,24.6,8.3,90,8.7,2.23,Man,7.41,-7.55
2021-03-23,26.0,1.2,80,13.0,3.9,Man,7.41,-7.55
2021-03-24,26.4,0.1,78,10.5,4.28,Man,7.41,-7.55
2021-03-25,26.9,0.0,78,9.0,4.3,Man,7.41,-7.55
2021-03-26,26.5,1.2,83,8.5,4.47,Man,7.41,-7.55
2021-03-27,26.2,0.3,81,12.7,3.84,Man,7.41,-7.55
2021-03-28,25.6,8.7,85,12.3,3.76,Man,7.41,-7.55
2021-03-29,25.6,6.3,87,8.5,3.99,Man,7.41,-7.55
2021-03-30,26.6,0.0,79,8.2,4.96,Man,7.41,-7.55
2021-03-31,26.9,0.0,75,9.0,5.08,Man,7.41,-7.55
2021-04-01,27.2,0.1,76,9.3,4.69,Man,7.41,-7.55
2021-04-02,27.3,0.6,75,10.7,4.44,Man,7.41,-7.55
2021-04-03,27.4,0.4,76,13.7,4.7,Man,7.41,-7.55
2021-04-04,26.9,1.4,83,12.3,3.91,Man,7.41,-7.55
2021-04-05,26.2,1.2,86,12.7,3.72,Man,7.41,-7.55
2021-04-06,26.6,0.5,83,11.0,3.89,Man,7.41,-7.55
2021-04-07,26.6,0.2,81,8.9,3.88,Man,7.41,-7.55
2021-04-08,27.1,2.1,79,10.1,4.56,Man,7.41,-7.55
2021-04-09,26.6,1.7,82,16.6,3.99,Man,7.41,-7.55
2021-04-10,26.5,0.0,78,15.4,4.08,Man,7.41,-7.55
2021-04-11,27.4,0.0,72,12.4,5.13,Man,7.41,-7.55
2021-04-12,27.3,0.0,76,11.0,4.67,Man,7.41,-7.55
2021-04-13,27.0,1.3,81,11.4,4.51,Man,7.41,-7.55
2021-04-14,26.3,5.6,82,10.8,3.95,Man,7.41,-7.55
2021-04-15,27.6,0.0,72,9.7,4.94,Man,7.41,-7.55
2021-04-16,26.7,2.5,82,12.6,4.58,Man,7.41,-7.55
2021-04-17,24.9,12.8,88,8.8,1.73,Man,7.41,-7.55
2021-04-18,27.5,0.0,72,9.0,5.24,Man,7.41,-7.55
2021-04-19,25.9,8.1,86,10.1,2.94,Man,7.41,-7.55
2021-04-20,27.0,2.8,80,10.7,4.66,Man,7.41,-7.55
2021-04-21,25.8,3.0,87,12.9,3.35,Man,7.41,-7.55
2021-04-22,25.5,3.8,91,11.0,3.25,Man,7.41,-7.55
2021-04-23,26.6,0.7,82,7.9,3.33,Man,7.41,-7.55
2021-04-24,26.8,1.9,82,10.0,4.84,Man,7.41,-7.55
2021-04-25,24.9,1.4,91,13.0,2.08,Man,7.41,-7.55
2021-04-26,27.0,0.0,79,9.2,4.66,Man,7.41,-7.55
2021-04-27,26.1,13.1,84,14.0,3.71,Man,7.41,-7.55
2021-04-28,26.3,0.6,88,9.6,3.65,Man,7.41,-7.55
2021-04-29,27.3,1.1,78,9.2,4.54,Man,7.41,-7.55
2021-04-30,27.0,1.0,80,11.2,4.31,Man,7.41,-7.55
2021-05-01,27.2,0.3,79,9.7,4.39,Man,7.41,-7.55
2021-05-02,26.8,4.0,82,11.2,4.38,Man,7.41,-7.55
2021-05-03,26.1,0.6,83,11.3,3.12,Man,7.41,-7.55
2021-05-04,25.7,3.1,86,11.4,3.33,Man,7.41,-7.55
2021-05-05,25.9,4.8,85,14.0,3.74,Man,7.41,-7.55
2021-05-06,25.0,0.9,87,12.4,3.21,Man,7.41,-7.55
2021-05-07,25.2,0.2,84,8.7,3.66,Man,7.41,-7.55
2021-05-08,25.7,1.4,83,12.3,3.64,Man,7.41,-7.55
2021-05-09,25.7,1.2,85,13.4,3.79,Man,7.41,-7.55
2021-05-10,25.4,2.2,85,7.8,4.15,Man,7.41,-7.55
2021-05-11,25.8,0.7,81,11.2,3.55,Man,7.41,-7.55
2021-05-12,26.6,0.0,79,7.8,4.05,Man,7.41,-7.55
2021-05-13,26.4,5.6,85,8.7,4.22,Man,7.41,-7.55
2021-05-14,26.7,4.0,85,16.4,3.72,Man,7.41,-7.55
2021-05-15,26.3,3.2,85,10.8,4.19,Man,7.41,-7.55
2021-05-16,27.4,0.3,74,12.4,4.82,Man,7.41,-7.55
2021-05-17,27.0,0.4,78,11.3,4.78,Man,7.41,-7.55
2021-05-18,26.8,3.4,83,11.5,4.15,Man,7.41,-7.55
2021-05-19,25.0,8.5,94,15.9,2.94,Man,7.41,-7.55
2021-05-20,26.4,0.0,76,10.1,4.66,Man,7.41,-7.55
2021-05-21,25.4,11.9,85,11.3,3.32,Man,7.41,-7.55
2021-05-22,26.2,0.1,83,7.8,3.77,Man,7.41,-7.55
2021-05-23,27.5,0.1,77,9.1,4.25,Man,7.41,-7.55
2021-05-24,26.7,1.7,82,9.2,4.11,Man,7.41,-7.55
2021-05-25,25.9,3.7,90,8.9,3.33,Man,7.41,-7.55
2021-05-26,27.5,0.1,74,8.9,4.71,Man,7.41,-7.55
2021-05-27,26.5,5.1,85,11.3,3.67,Man,7.41,-7.55
2021-05-28,25.8,10.9,89,8.3,3.58,Man,7.41,-7.55
2021-05-29,25.9,2.6,87,8.7,3.53,Man,7.41,-7.55
2021-05-30,25.7,5.1,89,8.7,3.26,Man,7.41,-7.55
2021-05-31,24.8,9.0,91,10.4,2.51,Man,7.41,-7.55
2021-06-01,26.1,4.2,83,8.3,4.59,Man,7.41,-7.55
2021-06-02,26.1,1.9,83,10.8,3.79,Man,7.41,-7.55
2021-06-03,26.1,1.5,86,8.7,4.13,Man,7.41,-7.55
2021-06-04,25.5,9.5,88,9.2,3.73,Man,7.41,-7.55
2021-06-05,25.7,3.1,86,8.7,3.54,Man,7.41,-7.55
2021-06-06,25.7,6.9,85,10.6,3.47,Man,7.41,-7.55
2021-06-07,24.7,6.9,91,8.9,3.3,Man,7.41,-7.55
2021-06-08,25.4,3.3,86,8.3,4.03,Man,7.41,-7.55
2021-06-09,25.6,11.1,86,8.6,3.79,Man,7.41,-7.55
2021-06-10,23.7,7.9,93,7.1,2.05,Man,7.41,-7.55
2021-06-11,23.9,23.6,92,11.1,2.15,Man,7.41,-7.55
2021-06-12,25.4,8.9,87,7.6,3.46,Man,7.41,-7.55
2021-06-13,25.3,7.0,89,9.2,3.29,Man,7.41,-7.55
2021-06-14,25.0,10.3,89,8.7,3.79,Man,7.41,-7.55
2021-06-15,24.9,2.9,88,13.0,3.34,Man,7.41,-7.55
2021-06-16,25.0,2.6,86,11.0,3.2,Man,7.41,-7.55
2021-06-17,25.6,0.0,79,11.2,3.9,Man,7.41,-7.55
2021-06-18,25.1,8.3,87,12.2,3.63,Man,7.41,-7.55
2021-06-19,24.2,7.9,90,10.2,3.02,Man,7.41,-7.55
2021-06-20,23.8,9.1,92,12.6,2.63,Man,7.41,-7.55
2021-06-21,23.8,10.5,89,12.9,2.76,Man,7.41,-7.55
2021-06-22,23.2,7.7,93,9.8,1.95,Man,7.41,-7.55
2021-06-23,23.2,13.0,91,8.7,2.78,Man,7.41,-7.55
2021-06-24,23.2,58.1,94,7.4,2.47,Man,7.41,-7.55
2021-06-25,23.6,24.9,93,5.8,2.64,Man,7.41,-7.55
2021-06-26,24.2,13.3,89,8.1,2.98,Man,7.41,-7.55
2021-06-27,23.7,10.7,92,7.2,2.69,Man,7.41,-7.55
2021-06-28,25.1,0.0,80,12.3,4.07,Man,7.41,-7.55
2021-06-29,25.0,0.2,80,11.8,3.64,Man,7.41,-7.55
2021-06-30,24.3,17.5,90,9.2,3.52,Man,7.41,-7.55
2021-07-01,23.8,10.1,91,10.2,3.05,Man,7.41,-7.55
2021-07-02,23.7,7.4,91,10.2,2.88,Man,7.41,-7.55
2021-07-03,23.3,10.8,91,14.8,2.83,Man,7.41,-7.55
2021-07-04,23.4,1.5,91,9.2,2.57,Man,7.41,-7.55
2021-07-05,23.7,30.6,92,8.2,3.03,Man,7.41,-7.55
2021-07-06,23.7,9.0,91,8.4,3.22,Man,7.41,-7.55
2021-07-07,24.9,3.9,83,14.8,3.99,Man,7.41,-7.55
2021-07-08,24.7,6.4,87,12.5,3.78,Man,7.41,-7.55
2021-07-09,23.9,12.4,91,14.5,2.95,Man,7.41,-7.55
2021-07-10,23.3,48.8,93,8.8,2.53,Man,7.41,-7.55
2021-07-11,24.1,2.1,85,9.9,3.26,Man,7.41,-7.55
2021-07-12,24.4,6.4,87,7.9,3.8,Man,7.41,-7.55
2021-07-13,24.6,5.5,86,11.2,3.6,Man,7.41,-7.55
2021-07-14,23.8,10.9,91,13.0,2.92,Man,7.41,-7.55
2021-07-15,23.4,8.0,92,12.5,2.44,Man,7.41,-7.55
2021-07-16,23.7,17.7,92,11.6,2.72,Man,7.41,-7.55
2021-07-17,22.8,5.8,94,11.8,2.12,Man,7.41,-7.55
2021-07-18,24.3,6.6,86,10.0,3.38,Man,7.41,-7.55
2021-07-19,23.7,6.6,94,11.5,2.34,Man,7.41,-7.55
2021-07-20,23.5,5.4,91,9.2,2.33,Man,7.41,-7.55
2021-07-21,24.0,3.2,86,12.2,3.0,Man,7.41,-7.55
2021-07-22,23.3,5.0,92,14.7,2.17,Man,7.41,-7.55
2021-07-23,21.9,75.6,100,9.6,0.72,Man,7.41,-7.55
2021-07-24,23.0,4.8,90,12.2,1.94,Man,7.41,-7.55
2021-07-25,24.0,0.5,82,11.3,2.95,Man,7.41,-7.55
2021-07-26,23.4,9.4,89,10.9,2.04,Man,7.41,-7.55
2021-07-27,23.8,15.7,92,11.7,2.67,Man,7.41,-7.55
2021-07-28,23.0,7.2,93,14.1,1.92,Man,7.41,-7.55
2021-07-29,24.1,0.7,80,15.5,3.31,Man,7.41,-7.55
2021-07-30,24.2,2.0,81,12.8,3.25,Man,7.41,-7.55
2021-07-31,23.8,6.5,89,16.3,3.09,Man,7.41,-7.55
2021-08-01,23.0,6.8,91,12.1,1.92,Man,7.41,-7.55
2021-08-02,23.8,2.8,85,10.2,2.8,Man,7.41,-7.55
2021-08-03,25.2,0.5,73,10.0,4.78,Man,7.41,-7.55
2021-08-04,24.3,11.2,86,10.8,2.88,Man,7.41,-7.55
2021-08-05,23.8,5.8,91,13.2,3.2,Man,7.41,-7.55
2021-08-06,24.8,1.1,81,12.6,4.15,Man,7.41,-7.55
2021-08-07,25.6,0.0,71,10.8,4.86,Man,7.41,-7.55
2021-08-08,25.1,3.5,74,10.8,4.34,Man,7.41,-7.55
2021-08-09,22.8,55.4,95,14.7,1.74,Man,7.41,-7.55
2021-08-10,23.9,12.8,89,14.6,3.29,Man,7.41,-7.55
2021-08-11,23.6,16.0,91,10.7,2.98,Man,7.41,-7.55
2021-08-12,23.2,64.6,95,16.8,2.05,Man,7.41,-7.55
2021-08-13,23.2,12.5,94,12.6,2.37,Man,7.41,-7.55
2021-08-14,23.8,0.2,79,13.0,3.54,Man,7.41,-7.55
2021-08-15,24.4,0.5,77,17.2,3.49,Man,7.41,-7.55
2021-08-16,24.0,5.4,86,12.4,3.01,Man,7.41,-7.55
2021-08-17,23.8,2.8,89,12.3,2.63,Man,7.41,-7.55
2021-08-18,24.8,1.0,79,14.6,3.91,Man,7.41,-7.55
2021-08-19,25.3,1.4,77,10.0,3.96,Man,7.41,-7.55
2021-08-20,22.9,15.8,95,11.7,1.52,Man,7.41,-7.55
2021-08-21,23.7,14.9,91,6.9,3.19,Man,7.41,-7.55
2021-08-22,22.9,26.3,95,10.9,2.2,Man,7.41,-7.55
2021-08-23,24.3,1.2,86,11.3,3.18,Man,7.41,-7.55
2021-08-24,24.1,11.1,91,9.6,2.84,Man,7.41,-7.55
2021-08-25,23.2,18.5,95,8.6,2.34,Man,7.41,-7.55
2021-08-26,23.3,2.9,92,12.5,2.39,Man,7.41,-7.55
2021-08-27,24.0,23.2,90,7.7,2.82,Man,7.41,-7.55
2021-08-28,24.0,2.9,90,8.6,2.38,Man,7.41,-7.55
2021-08-29,22.4,61.1,100,7.1,1.01,Man,7.41,-7.55
2021-08-30,23.3,14.7,93,11.2,2.75,Man,7.41,-7.55
2021-08-31,23.4,7.1,94,9.7,2.22,Man,7.41,-7.55
2021-09-01,24.5,9.2,85,6.8,3.91,Man,7.41,-7.55
2021-09-02,23.9,16.8,89,8.2,3.1,Man,7.41,-7.55
2021-09-03,24.2,0.9,83,8.7,3.45,Man,7.41,-7.55
2021-09-04,24.4,8.1,88,12.2,3.31,Man,7.41,-7.55
2021-09-05,24.1,4.0,90,9.7,3.43,Man,7.41,-7.55
2021-09-06,23.9,23.0,91,7.2,3.37,Man,7.41,-7.55
2021-09-07,24.7,1.6,86,9.4,3.6,Man,7.41,-7.55
2021-09-08,26.6,0.8,78,8.7,4.41,Man,7.41,-7.55
2021-09-09,24.4,20.4,91,9.2,2.59,Man,7.41,-7.55
2021-09-10,23.5,20.5,94,12.2,2.99,Man,7.41,-7.55
2021-09-11,24.3,3.2,88,6.5,3.3,Man,7.41,-7.55
2021-09-12,23.4,18.8,94,10.2,1.94,Man,7.41,-7.55
2021-09-13,24.1,0.9,90,9.0,2.07,Man,7.41,-7.55
2021-09-14,24.4,2.8,89,13.1,3.31,Man,7.41,-7.55
2021-09-15,23.2,13.9,94,11.8,2.22,Man,7.41,-7.55
2021-09-16,24.3,0.7,87,11.2,2.96,Man,7.41,-7.55
2021-09-17,24.3,14.6,89,7.6,4.14,Man,7.41,-7.55
2021-09-18,23.7,26.0,94,10.0,3.16,Man,7.41,-7.55
2021-09-19,24.2,5.1,89,8.1,3.92,Man,7.41,-7.55
2021-09-20,24.4,8.0,90,10.7,3.91,Man,7.41,-7.55
2021-09-21,24.9,1.0,87,11.7,4.11,Man,7.41,-7.55
2021-09-22,24.7,6.6,90,8.6,3.9,Man,7.41,-7.55
2021-09-23,24.5,6.8,90,8.3,3.83,Man,7.41,-7.55
2021-09-24,24.6,7.4,88,7.9,3.46,Man,7.41,-7.55
2021-09-25,24.2,10.0,92,7.2,3.12,Man,7.41,-7.55
2021-09-26,22.5,43.1,99,9.0,1.11,Man,7.41,-7.55
2021-09-27,22.8,3.2,95,7.5,1.67,Man,7.41,-7.55
2021-09-28,24.7,0.1,86,8.4,4.25,Man,7.41,-7.55
2021-09-29,24.7,4.2,87,8.4,4.06,Man,7.41,-7.55
2021-09-30,24.7,4.3,87,10.2,4.06,Man,7.41,-7.55
2021-10-01,24.5,10.9,90,8.4,3.65,Man,7.41,-7.55
2021-10-02,23.6,14.3,94,8.2,2.48,Man,7.41,-7.55
2021-10-03,24.6,2.2,86,7.1,3.81,Man,7.41,-7.55
2021-10-04,25.9,1.0,81,8.0,4.47,Man,7.41,-7.55
2021-10-05,25.2,1.2,88,8.4,3.74,Man,7.41,-7.55
2021-10-06,24.6,3.1,89,6.7,3.54,Man,7.41,-7.55
2021-10-07,25.0,1.5,88,10.4,3.51,Man,7.41,-7.55
2021-10-08,25.5,0.5,85,9.5,3.24,Man,7.41,-7.55
2021-10-09,25.5,1.0,87,8.9,4.14,Man,7.41,-7.55
2021-10-10,24.9,5.4,89,9.5,3.97,Man,7.41,-7.55
2021-10-11,24.6,1.4,90,7.1,2.76,Man,7.41,-7.55
2021-10-12,25.2,1.2,85,10.3,4.38,Man,7.41,-7.55
2021-10-13,25.5,0.2,83,7.4,4.79,Man,7.41,-7.55
2021-10-14,25.6,4.4,82,12.0,4.43,Man,7.41,-7.55
2021-10-15,25.5,0.2,82,10.0,4.44,Man,7.41,-7.55
2021-10-16,24.8,0.5,85,9.4,4.2,Man,7.41,-7.55
2021-10-17,25.2,0.3,82,9.4,4.41,Man,7.41,-7.55
2021-10-18,24.9,0.9,88,12.8,3.59,Man,7.41,-7.55
2021-10-19,24.3,6.3,91,14.5,2.92,Man,7.41,-7.55
2021-10-20,24.8,3.0,88,11.6,3.83,Man,7.41,-7.55
2021-10-21,24.3,11.4,91,11.1,3.37,Man,7.41,-7.55
2021-10-22,24.2,6.2,90,9.8,3.59,Man,7.41,-7.55
2021-10-23,23.9,3.6,90,7.6,3.11,Man,7.41,-7.55
2021-10-24,24.1,6.8,90,13.7,3.45,Man,7.41,-7.55
2021-10-25,23.6,24.0,94,7.6,2.73,Man,7.41,-7.55
2021-10-26,25.0,0.3,86,9.3,3.78,Man,7.41,-7.55
2021-10-27,25.3,0.3,84,9.4,3.91,Man,7.41,-7.55
2021-10-28,24.8,2.0,87,11.0,3.91,Man,7.41,-7.55
2021-10-29,24.1,13.0,91,8.3,2.78,Man,7.41,-7.55
2021-10-30,24.3,2.3,88,8.4,3.71,Man,7.41,-7.55
2021-10-31,25.4,17.0,81,14.3,4.6,Man,7.41,-7.55
2021-11-01,24.5,1.5,85,11.8,3.56,Man,7.41,-7.55
2021-11-02,25.5,0.0,75,7.3,4.71,Man,7.41,-7.55
2021-11-03,25.5,0.1,76,8.4,4.61,Man,7.41,-7.55
2021-11-04,25.9,0.2,78,9.5,4.52,Man,7.41,-7.55
2021-11-05,25.6,0.2,82,8.2,3.7,Man,7.41,-7.55
2021-11-06,25.2,2.7,83,7.6,3.98,Man,7.41,-7.55
2021-11-07,26.3,0.0,74,8.7,4.72,Man,7.41,-7.55
2021-11-08,25.8,0.0,78,9.6,4.14,Man,7.41,-7.55
2021-11-09,25.2,0.3,85,9.9,3.86,Man,7.41,-7.55
2021-11-10,24.6,4.2,88,6.8,3.18,Man,7.41,-7.55
2021-11-11,25.3,7.9,86,10.2,3.97,Man,7.41,-7.55
2021-11-12,25.1,5.1,85,9.0,4.23,Man,7.41,-7.55
2021-11-13,24.4,21.1,89,10.6,3.13,Man,7.41,-7.55
2021-11-14,25.4,0.1,81,7.9,4.31,Man,7.41,-7.55
2021-11-15,25.1,1.5,87,7.9,3.98,Man,7.41,-7.55
2021-11-16,25.7,0.0,78,8.1,4.24,Man,7.41,-7.55
2021-11-17,25.7,0.0,76,8.1,4.46,Man,7.41,-7.55
2021-11-18,26.2,0.0,73,12.1,4.51,Man,7.41,-7.55
2021-11-19,26.6,0.0,70,13.1,4.63,Man,7.41,-7.55
2021-11-20,27.2,0.0,66,15.5,4.77,Man,7.41,-7.55
2021-11-21,26.2,0.0,72,9.2,4.69,Man,7.41,-7.55
2021-11-22,26.2,0.0,75,11.2,4.56,Man,7.41,-7.55
2021-11-23,26.0,0.3,78,11.6,4.23,Man,7.41,-7.55
2021-11-24,26.5,0.0,70,13.7,4.71,Man,7.41,-7.55
2021-11-25,27.2,0.0,63,14.9,4.87,Man,7.41,-7.55
2021-11-26,26.0,0.0,71,10.1,4.28,Man,7.41,-7.55
2021-11-27,25.9,0.1,77,10.3,4.18,Man,7.41,-7.55
2021-11-28,25.6,2.4,81,7.4,4.13,Man,7.41,-7.55
2021-11-29,25.6,0.1,78,10.0,3.87,Man,7.41,-7.55
2021-11-30,25.8,0.2,77,8.9,3.91,Man,7.41,-7.55
2021-12-01,26.2,1.4,75,11.5,4.34,Man,7.41,-7.55
2021-12-02,26.0,0.2,78,8.5,4.35,Man,7.41,-7.55
2021-12-03,26.7,0.0,75,10.5,4.17,Man,7.41,-7.55
2021-12-04,26.4,0.7,76,10.8,4.02,Man,7.41,-7.55
2021-12-05,27.0,0.0,66,13.7,4.67,Man,7.41,-7.55
2021-12-06,26.4,0.0,73,10.3,4.49,Man,7.41,-7.55
2021-12-07,26.6,0.0,72,10.2,4.28,Man,7.41,-7.55
2021-12-08,26.7,0.0,67,13.0,4.51,Man,7.41,-7.55
2021-12-09,26.7,0.0,71,11.7,4.39,Man,7.41,-7.55
2021-12-10,27.0,0.0,65,11.9,4.65,Man,7.41,-7.55
2021-12-11,26.7,0.0,63,10.3,4.32,Man,7.41,-7.55
2021-12-12,26.5,0.0,67,10.5,4.56,Man,7.41,-7.55
2021-12-13,26.7,0.0,67,11.2,4.58,Man,7.41,-7.55
2021-12-14,26.5,0.0,70,10.8,4.14,Man,7.41,-7.55
2021-12-15,25.9,0.0,76,16.5,4.12,Man,7.41,-7.55
2021-12-16,25.7,0.2,79,6.9,3.33,Man,7.41,-7.55
2021-12-17,26.8,0.0,64,12.8,4.72,Man,7.41,-7.55
2021-12-18,25.9,0.0,45,12.1,4.97,Man,7.41,-7.55
2021-12-19,25.9,0.0,53,10.5,4.71,Man,7.41,-7.55
2021-12-20,25.9,0.0,47,12.0,5.03,Man,7.41,-7.55
2021-12-21,26.4,0.0,35,12.9,5.81,Man,7.41,-7.55
2021-12-22,26.8,0.0,32,14.3,6.18,Man,7.41,-7.55
2021-12-23,27.0,0.0,32,12.9,5.42,Man,7.41,-7.55
2021-12-24,26.1,0.0,43,10.5,4.87,Man,7.41,-7.55
2021-12-25,26.6,0.0,46,13.6,5.17,Man,7.41,-7.55
2021-12-26,26.5,0.0,45,12.4,5.1,Man,7.41,-7.55
2021-12-27,27.5,0.0,43,14.3,5.08,Man,7.41,-7.55
2021-12-28,26.5,0.0,49,13.6,5.03,Man,7.41,-7.55
2021-12-29,26.4,0.0,41,12.6,5.17,Man,7.41,-7.55
2021-12-30,26.7,0.0,40,12.6,5.13,Man,7.41,-7.55
2021-12-31,26.6,0.0,44,11.2,4.53,Man,7.41,-7.55
2020-01-01,24.6,0.0,20,17.8,6.82,Korhogo,9.45,-5.63
2020-01-02,24.0,0.0,19,17.4,6.87,Korhogo,9.45,-5.63
2020-01-03,22.4,0.0,22,18.3,6.44,Korhogo,9.45,-5.63
2020-01-04,21.8,0.0,21,15.8,6.07,Korhogo,9.45,-5.63
2020-01-05,22.0,0.0,26,12.2,5.66,Korhogo,9.45,-5.63
2020-01-06,23.0,0.0,32,11.9,5.52,Korhogo,9.45,-5.63
2020-01-07,24.5,0.0,32,11.3,5.51,Korhogo,9.45,-5.63
2020-01-08,25.9,0.0,33,10.7,5.35,Korhogo,9.45,-5.63
2020-01-09,27.4,0.0,29,14.0,6.34,Korhogo,9.45,-5.63
2020-01-10,27.1,0.0,30,13.7,6.37,Korhogo,9.45,-5.63
2020-01-11,25.7,0.0,29,13.7,6.08,Korhogo,9.45,-5.63
2020-01-12,26.6,0.0,28,13.8,6.31,Korhogo,9.45,-5.63
2020-01-13,26.6,0.0,25,16.1,6.87,Korhogo,9.45,-5.63
2020-01-14,25.3,0.0,20,15.1,6.59,Korhogo,9.45,-5.63
2020-01-15,25.8,0.0,24,14.3,6.39,Korhogo,9.45,-5.63
2020-01-16,26.4,0.0,27,15.0,6.35,Korhogo,9.45,-5.63
2020-01-17,26.8,0.0,27,15.3,6.62,Korhogo,9.45,-5.63
2020-01-18,26.9,0.0,24,15.0,6.77,Korhogo,9.45,-5.63
2020-01-19,26.0,0.0,23,15.0,6.62,Korhogo,9.45,-5.63
2020-01-20,26.6,0.0,27,11.5,5.95,Korhogo,9.45,-5.63
2020-01-21,27.3,0.0,46,13.4,5.18,Korhogo,9.45,-5.63
2020-01-22,27.8,0.0,60,7.4,4.19,Korhogo,9.45,-5.63
2020-01-23,28.4,0.0,33,17.1,6.52,Korhogo,9.45,-5.63
2020-01-24,27.8,0.0,17,19.8,7.84,Korhogo,9.45,-5.63
2020-01-25,27.0,0.0,15,18.4,7.45,Korhogo,9.45,-5.63
2020-01-26,26.2,0.0,18,15.5,6.95,Korhogo,9.45,-5.63
2020-01-27,26.2,0.0,17,16.5,6.95,Korhogo,9.45,-5.63
2020-01-28,26.5,0.0,16,11.9,6.65,Korhogo,9.45,-5.63
2020-01-29,26.8,0.0,17,13.4,6.84,Korhogo,9.45,-5.63
2020-01-30,27.3,0.0,15,16.8,7.38,Korhogo,9.45,-5.63
2020-01-31,26.9,0.0,14,13.8,6.64,Korhogo,9.45,-5.63
2020-02-01,27.0,0.0,17,16.7,7.15,Korhogo,9.45,-5.63
2020-02-02,27.1,0.0,15,17.8,7.58,Korhogo,9.45,-5.63
2020-02-03,26.3,0.0,14,20.4,7.54,Korhogo,9.45,-5.63
2020-02-04,25.8,0.0,15,17.1,7.16,Korhogo,9.45,-5.63
2020-02-05,25.7,0.0,16,17.7,7.13,Korhogo,9.45,-5.63
2020-02-06,25.5,0.0,18,18.1,7.21,Korhogo,9.45,-5.63
2020-02-07,26.5,0.0,16,18.3,7.53,Korhogo,9.45,-5.63
2020-02-08,26.2,0.0,16,17.4,7.36,Korhogo,9.45,-5.63
2020-02-09,26.8,0.0,17,15.2,7.07,Korhogo,9.45,-5.63
2020-02-10,28.8,0.0,20,18.7,7.42,Korhogo,9.45,-5.63
2020-02-11,27.6,0.0,18,21.0,6.09,Korhogo,9.45,-5.63
2020-02-12,27.8,0.0,11,20.5,7.66,Korhogo,9.45,-5.63
2020-02-13,27.5,0.0,11,20.2,7.93,Korhogo,9.45,-5.63
2020-02-14,26.9,0.0,11,16.5,7.76,Korhogo,9.45,-5.63
2020-02-15,26.8,0.0,12,16.4,7.55,Korhogo,9.45,-5.63
2020-02-16,27.7,0.0,12,16.8,8.07,Korhogo,9.45,-5.63
2020-02-17,28.5,0.0,15,10.5,6.56,Korhogo,9.45,-5.63
2020-02-18,29.2,0.0,28,13.4,5.99,Korhogo,9.45,-5.63
2020-02-19,29.0,0.0,35,10.8,6.21,Korhogo,9.45,-5.63
2020-02-20,29.7,0.0,38,11.2,6.11,Korhogo,9.45,-5.63
2020-02-21,30.2,0.0,38,11.5,6.11,Korhogo,9.45,-5.63
2020-02-22,29.6,0.0,36,11.4,6.4,Korhogo,9.45,-5.63
2020-02-23,30.4,0.0,27,13.3,6.66,Korhogo,9.45,-5.63
2020-02-24,30.2,0.0,21,17.3,7.13,Korhogo,9.45,-5.63
2020-02-25,28.6,0.0,17,18.0,7.69,Korhogo,9.45,-5.63
2020-02-26,28.8,0.0,16,13.0,7.42,Korhogo,9.45,-5.63
2020-02-27,28.5,0.0,22,11.3,6.54,Korhogo,9.45,-5.63
2020-02-28,29.1,0.0,22,12.5,6.7,Korhogo,9.45,-5.63
2020-02-29,29.7,0.0,20,10.8,6.65,Korhogo,9.45,-5.63
2020-03-01,29.3,0.0,20,13.3,7.08,Korhogo,9.45,-5.63
2020-03-02,30.0,0.0,32,10.5,6.17,Korhogo,9.45,-5.63
2020-03-03,30.0,0.0,43,10.9,6.24,Korhogo,9.45,-5.63
2020-03-04,30.5,0.0,47,14.1,6.03,Korhogo,9.45,-5.63
2020-03-05,30.1,0.0,45,11.6,5.77,Korhogo,9.45,-5.63
2020-03-06,30.1,0.0,44,21.0,5.89,Korhogo,9.45,-5.63
2020-03-07,30.2,0.0,48,16.0,5.35,Korhogo,9.45,-5.63
2020-03-08,30.2,0.1,53,15.0,5.54,Korhogo,9.45,-5.63
2020-03-09,31.1,0.4,49,16.2,6.19,Korhogo,9.45,-5.63
2020-03-10,28.8,0.1,64,17.7,4.31,Korhogo,9.45,-5.63
2020-03-11,30.0,0.0,43,12.6,4.99,Korhogo,9.45,-5.63
2020-03-12,30.3,0.0,12,15.9,7.49,Korhogo,9.45,-5.63
2020-03-13,29.7,0.0,21,11.1,6.44,Korhogo,9.45,-5.63
2020-03-14,30.7,0.0,47,12.7,5.94,Korhogo,9.45,-5.63
2020-03-15,31.1,0.0,52,17.6,5.95,Korhogo,9.45,-5.63
2020-03-16,29.9,0.1,62,17.3,5.18,Korhogo,9.45,-5.63
2020-03-17,30.1,3.1,57,15.6,5.33,Korhogo,9.45,-5.63
2020-03-18,28.3,1.9,71,17.8,5.05,Korhogo,9.45,-5.63
2020-03-19,27.5,1.9,75,16.9,3.82,Korhogo,9.45,-5.63
2020-03-20,29.4,0.1,62,14.2,5.27,Korhogo,9.45,-5.63
2020-03-21,28.7,0.5,69,14.1,4.5,Korhogo,9.45,-5.63
2020-03-22,27.7,27.7,77,17.9,4.81,Korhogo,9.45,-5.63
2020-03-23,26.2,6.8,77,19.2,2.94,Korhogo,9.45,-5.63
2020-03-24,25.9,3.0,80,15.6,3.57,Korhogo,9.45,-5.63
2020-03-25,26.0,5.7,79,17.1,3.63,Korhogo,9.45,-5.63
2020-03-26,27.4,0.1,68,13.5,4.72,Korhogo,9.45,-5.63
2020-03-27,26.8,1.4,74,14.7,3.61,Korhogo,9.45,-5.63
2020-03-28,28.6,0.1,66,10.2,5.23,Korhogo,9.45,-5.63
2020-03-29,27.3,16.1,78,14.0,3.94,Korhogo,9.45,-5.63
2020-03-30,29.2,0.0,52,10.9,5.96,Korhogo,9.45,-5.63
2020-03-31,29.3,0.0,59,15.9,5.81,Korhogo,9.45,-5.63
2020-04-01,30.7,0.0,53,16.2,6.2,Korhogo,9.45,-5.63
2020-04-02,29.4,0.0,63,15.8,5.69,Korhogo,9.45,-5.63
2020-04-03,30.7,0.0,53,18.0,6.59,Korhogo,9.45,-5.63
2020-04-04,30.2,0.0,57,15.7,6.4,Korhogo,9.45,-5.63
2020-04-05,30.9,0.0,55,14.8,6.07,Korhogo,9.45,-5.63
2020-04-06,30.4,0.0,58,19.6,6.23,Korhogo,9.45,-5.63
2020-04-07,30.6,0.0,55,16.6,6.24,Korhogo,9.45,-5.63
2020-04-08,29.6,0.0,62,15.8,5.64,Korhogo,9.45,-5.63
2020-04-09,27.0,0.7,69,18.5,2.54,Korhogo,9.45,-5.63
2020-04-10,26.7,3.6,69,16.4,5.26,Korhogo,9.45,-5.63
2020-04-11,28.0,0.4,64,12.6,5.12,Korhogo,9.45,-5.63
2020-04-12,29.8,0.0,53,11.9,6.26,Korhogo,9.45,-5.63
2020-04-13,29.6,2.1,61,13.6,5.75,Korhogo,9.45,-5.63
2020-04-14,29.7,0.5,61,13.8,5.54,Korhogo,9.45,-5.63
2020-04-15,29.8,2.5,56,13.8,4.97,Korhogo,9.45,-5.63
2020-04-16,31.5,0.0,34,13.0,7.15,Korhogo,9.45,-5.63
2020-04-17,31.3,0.0,45,29.2,7.2,Korhogo,9.45,-5.63
2020-04-18,30.6,0.0,58,20.3,7.13,Korhogo,9.45,-5.63
2020-04-19,30.3,0.2,56,18.7,6.12,Korhogo,9.45,-5.63
2020-04-20,25.6,11.7,83,13.1,2.23,Korhogo,9.45,-5.63
2020-04-21,27.2,0.0,70,8.6,5.34,Korhogo,9.45,-5.63
2020-04-22,28.4,0.0,64,17.3,5.74,Korhogo,9.45,-5.63
2020-04-23,28.3,9.0,68,12.8,5.2,Korhogo,9.45,-5.63
2020-04-24,27.4,0.8,74,14.1,4.94,Korhogo,9.45,-5.63
2020-04-25,28.1,0.6,67,12.9,4.88,Korhogo,9.45,-5.63
2020-04-26,28.3,0.0,69,20.8,5.48,Korhogo,9.45,-5.63
2020-04-27,28.4,0.0,70,15.8,5.31,Korhogo,9.45,-5.63
2020-04-28,29.2,0.0,60,13.9,6.07,Korhogo,9.45,-5.63
2020-04-29,29.0,3.6,66,14.0,5.92,Korhogo,9.45,-5.63
2020-04-30,27.5,0.0,76,17.5,4.02,Korhogo,9.45,-5.63
2020-05-01,27.7,0.0,73,13.9,4.71,Korhogo,9.45,-5.63
2020-05-02,29.1,0.0,65,15.0,5.71,Korhogo,9.45,-5.63
2020-05-03,29.0,0.0,67,18.4,5.78,Korhogo,9.45,-5.63
2020-05-04,29.0,0.0,66,18.6,5.52,Korhogo,9.45,-5.63
2020-05-05,28.9,0.0,66,10.2,5.12,Korhogo,9.45,-5.63
2020-05-06,29.2,0.0,63,11.0,5.59,Korhogo,9.45,-5.63
2020-05-07,29.3,0.5,68,14.8,5.17,Korhogo,9.45,-5.63
2020-05-08,29.8,0.0,64,15.2,5.6,Korhogo,9.45,-5.63
2020-05-09,29.2,0.0,64,15.8,5.92,Korhogo,9.45,-5.63
2020-05-10,28.9,1.5,65,16.1,5.39,Korhogo,9.45,-5.63
2020-05-11,26.3,5.0,80,12.6,3.06,Korhogo,9.45,-5.63
2020-05-12,27.5,0.0,72,12.8,5.17,Korhogo,9.45,-5.63
2020-05-13,28.5,0.0,66,12.2,5.35,Korhogo,9.45,-5.63
2020-05-14,28.8,0.1,67,12.8,5.5,Korhogo,9.45,-5.63
2020-05-15,28.2,6.4,71,12.5,5.27,Korhogo,9.45,-5.63
2020-05-16,28.4,6.5,70,12.2,5.56,Korhogo,9.45,-5.63
2020-05-17,28.1,0.5,70,13.4,5.33,Korhogo,9.45,-5.63
2020-05-18,27.6,0.0,71,17.3,4.21,Korhogo,9.45,-5.63
2020-05-19,28.5,0.0,64,13.2,5.3,Korhogo,9.45,-5.63
2020-05-20,27.4,0.0,68,16.3,4.38,Korhogo,9.45,-5.63
2020-05-21,28.4,0.0,69,12.8,5.32,Korhogo,9.45,-5.63
2020-05-22,28.9,0.0,64,14.5,5.68,Korhogo,9.45,-5.63
2020-05-23,28.8,0.0,63,18.7,5.53,Korhogo,9.45,-5.63
2020-05-24,28.4,0.2,68,13.0,5.18,Korhogo,9.45,-5.63
2020-05-25,27.1,6.6,77,14.6,4.55,Korhogo,9.45,-5.63
2020-05-26,27.6,0.0,74,13.4,4.76,Korhogo,9.45,-5.63
2020-05-27,27.0,1.0,77,11.3,4.2,Korhogo,9.45,-5.63
2020-05-28,26.1,3.0,84,11.0,4.09,Korhogo,9.45,-5.63
2020-05-29,27.1,0.2,76,10.5,3.97,Korhogo,9.45,-5.63
2020-05-30,27.8,0.0,65,14.3,5.5,Korhogo,9.45,-5.63
2020-05-31,26.0,0.6,81,12.7,3.4,Korhogo,9.45,-5.63
2020-06-01,27.4,6.2,78,8.3,4.52,Korhogo,9.45,-5.63
2020-06-02,25.5,9.6,84,11.9,3.07,Korhogo,9.45,-5.63
2020-06-03,27.5,0.9,72,11.4,5.31,Korhogo,9.45,-5.63
2020-06-04,28.0,1.6,67,20.9,5.6,Korhogo,9.45,-5.63
2020-06-05,28.0,8.1,73,11.9,5.35,Korhogo,9.45,-5.63
2020-06-06,26.2,2.0,81,13.4,3.88,Korhogo,9.45,-5.63
2020-06-07,25.1,3.3,83,13.8,3.48,Korhogo,9.45,-5.63
2020-06-08,26.3,0.3,77,9.0,4.05,Korhogo,9.45,-5.63
2020-06-09,26.0,3.7,79,12.0,4.24,Korhogo,9.45,-5.63
2020-06-10,24.6,0.6,81,15.0,3.0,Korhogo,9.45,-5.63
2020-06-11,26.5,0.1,72,11.6,5.13,Korhogo,9.45,-5.63
2020-06-12,26.6,0.3,73,12.9,5.1,Korhogo,9.45,-5.63
2020-06-13,27.5,0.0,67,16.6,4.68,Korhogo,9.45,-5.63
2020-06-14,27.0,0.0,70,14.8,4.24,Korhogo,9.45,-5.63
2020-06-15,27.4,0.0,70,13.4,5.05,Korhogo,9.45,-5.63
2020-06-16,28.8,0.1,66,9.7,5.45,Korhogo,9.45,-5.63
2020-06-17,28.0,8.6,70,16.4,5.4,Korhogo,9.45,-5.63
2020-06-18,26.0,0.2,74,19.1,3.57,Korhogo,9.45,-5.63
2020-06-19,25.3,1.2,79,11.9,2.68,Korhogo,9.45,-5.63
2020-06-20,26.1,0.1,79,6.8,4.09,Korhogo,9.45,-5.63
2020-06-21,28.3,0.0,68,14.8,5.39,Korhogo,9.45,-5.63
2020-06-22,27.1,1.3,71,17.8,4.46,Korhogo,9.45,-5.63
2020-06-23,26.5,0.0,75,16.3,3.94,Korhogo,9.45,-5.63
2020-06-24,26.7,0.0,74,14.0,4.28,Korhogo,9.45,-5.63
2020-06-25,27.1,2.2,74,12.8,4.75,Korhogo,9.45,-5.63
2020-06-26,26.8,3.5,75,12.0,4.5,Korhogo,9.45,-5.63
2020-06-27,26.8,0.0,74,17.1,3.84,Korhogo,9.45,-5.63
2020-06-28,27.0,8.5,72,13.9,5.18,Korhogo,9.45,-5.63
2020-06-29,26.6,4.5,75,13.6,3.98,Korhogo,9.45,-5.63
2020-06-30,25.8,1.8,77,14.3,4.17,Korhogo,9.45,-5.63
2020-07-01,25.2,3.9,83,11.0,3.21,Korhogo,9.45,-5.63
2020-07-02,26.0,3.3,77,11.8,4.13,Korhogo,9.45,-5.63
2020-07-03,26.5,0.8,72,13.2,3.9,Korhogo,9.45,-5.63
2020-07-04,25.1,1.6,79,18.7,2.81,Korhogo,9.45,-5.63
2020-07-05,25.2,0.8,77,14.1,3.23,Korhogo,9.45,-5.63
2020-07-06,26.1,0.0,72,10.7,4.87,Korhogo,9.45,-5.63
2020-07-07,27.3,0.0,70,10.2,5.24,Korhogo,9.45,-5.63
2020-07-08,26.9,0.4,72,20.1,4.53,Korhogo,9.45,-5.63
2020-07-09,25.7,3.7,78,20.4,3.79,Korhogo,9.45,-5.63
2020-07-10,24.1,15.6,87,15.5,2.71,Korhogo,9.45,-5.63
2020-07-11,22.7,22.7,93,15.8,1.65,Korhogo,9.45,-5.63
2020-07-12,23.8,9.8,88,11.9,3.41,Korhogo,9.45,-5.63
2020-07-13,23.9,8.3,89,12.9,3.08,Korhogo,9.45,-5.63
2020-07-14,23.9,8.4,87,15.9,3.35,Korhogo,9.45,-5.63
2020-07-15,25.1,0.2,77,18.3,4.15,Korhogo,9.45,-5.63
2020-07-16,23.2,16.7,91,12.9,2.02,Korhogo,9.45,-5.63
2020-07-17,23.5,9.8,87,18.1,2.62,Korhogo,9.45,-5.63
2020-07-18,23.7,4.1,84,17.1,3.52,Korhogo,9.45,-5.63
2020-07-19,24.6,1.7,77,14.7,4.27,Korhogo,9.45,-5.63
2020-07-20,24.5,5.7,84,11.0,3.48,Korhogo,9.45,-5.63
2020-07-21,24.6,13.4,85,10.0,3.33,Korhogo,9.45,-5.63
2020-07-22,24.9,6.8,85,9.6,3.94,Korhogo,9.45,-5.63
2020-07-23,24.2,9.3,88,8.8,3.71,Korhogo,9.45,-5.63
2020-07-24,24.3,4.0,86,16.4,2.79,Korhogo,9.45,-5.63
2020-07-25,22.8,9.8,93,13.0,2.0,Korhogo,9.45,-5.63
2020-07-26,24.0,14.0,86,19.4,3.34,Korhogo,9.45,-5.63
2020-07-27,23.7,7.2,86,13.0,2.78,Korhogo,9.45,-5.63
2020-07-28,23.5,5.4,90,15.8,2.43,Korhogo,9.45,-5.63
2020-07-29,24.3,2.5,87,11.9,3.67,Korhogo,9.45,-5.63
2020-07-30,24.8,0.9,84,13.7,4.01,Korhogo,9.45,-5.63
2020-07-31,24.7,9.2,87,9.7,3.98,Korhogo,9.45,-5.63
2020-08-01,23.8,6.2,90,9.4,2.62,Korhogo,9.45,-5.63
2020-08-02,24.8,0.8,79,17.2,4.16,Korhogo,9.45,-5.63
2020-08-03,25.3,0.0,72,17.8,4.39,Korhogo,9.45,-5.63
2020-08-04,24.2,0.0,70,18.9,3.98,Korhogo,9.45,-5.63
2020-08-05,24.9,0.1,66,12.0,5.65,Korhogo,9.45,-5.63
2020-08-06,23.3,4.1,77,17.8,2.96,Korhogo,9.45,-5.63
2020-08-07,23.5,1.5,85,13.6,2.62,Korhogo,9.45,-5.63
2020-08-08,23.9,1.4,85,17.9,2.93,Korhogo,9.45,-5.63
2020-08-09,24.5,1.6,80,16.8,3.93,Korhogo,9.45,-5.63
2020-08-10,24.8,8.0,80,14.8,3.6,Korhogo,9.45,-5.63
2020-08-11,22.6,37.3,94,16.8,1.18,Korhogo,9.45,-5.63
2020-08-12,23.3,3.7,88,16.4,2.45,Korhogo,9.45,-5.63
2020-08-13,24.6,0.0,79,9.8,4.23,Korhogo,9.45,-5.63
2020-08-14,25.0,13.2,85,9.7,3.88,Korhogo,9.45,-5.63
2020-08-15,23.2,20.1,91,11.7,2.02,Korhogo,9.45,-5.63
2020-08-16,24.6,0.4,81,19.5,3.14,Korhogo,9.45,-5.63
2020-08-17,25.4,0.2,77,10.9,4.24,Korhogo,9.45,-5.63
2020-08-18,25.4,0.8,80,14.0,4.4,Korhogo,9.45,-5.63
2020-08-19,25.4,0.2,78,17.6,4.4,Korhogo,9.45,-5.63
2020-08-20,25.5,0.3,75,13.8,4.57,Korhogo,9.45,-5.63
2020-08-21,24.6,3.2,85,12.0,2.55,Korhogo,9.45,-5.63
2020-08-22,23.1,7.9,92,16.8,2.01,Korhogo,9.45,-5.63
2020-08-23,24.5,1.2,82,15.3,4.43,Korhogo,9.45,-5.63
2020-08-24,24.6,4.2,82,18.3,3.48,Korhogo,9.45,-5.63
2020-08-25,24.5,16.4,82,17.4,3.46,Korhogo,9.45,-5.63
2020-08-26,24.4,9.0,87,10.9,3.1,Korhogo,9.45,-5.63
2020-08-27,24.2,9.6,88,11.7,3.04,Korhogo,9.45,-5.63
2020-08-28,23.1,18.9,91,19.2,2.01,Korhogo,9.45,-5.63
2020-08-29,23.7,5.3,87,17.7,3.17,Korhogo,9.45,-5.63
2020-08-30,24.3,13.1,83,17.3,3.84,Korhogo,9.45,-5.63
2020-08-31,23.0,11.2,92,16.4,1.86,Korhogo,9.45,-5.63
2020-09-01,23.2,6.4,90,17.9,2.87,Korhogo,9.45,-5.63
2020-09-02,24.1,8.8,88,15.2,3.43,Korhogo,9.45,-5.63
2020-09-03,23.1,29.1,93,14.0,1.76,Korhogo,9.45,-5.63
2020-09-04,23.9,26.3,90,11.8,3.52,Korhogo,9.45,-5.63
2020-09-05,24.1,1.1,85,15.6,3.28,Korhogo,9.45,-5.63
2020-09-06,23.5,1.4,85,15.1,3.09,Korhogo,9.45,-5.63
2020-09-07,23.8,0.6,85,11.7,2.67,Korhogo,9.45,-5.63
2020-09-08,23.6,14.9,91,10.0,2.73,Korhogo,9.45,-5.63
2020-09-09,24.5,2.6,85,17.6,3.36,Korhogo,9.45,-5.63
2020-09-10,23.2,7.4,90,13.8,1.5,Korhogo,9.45,-5.63
2020-09-11,23.9,2.3,88,13.4,3.63,Korhogo,9.45,-5.63
2020-09-12,24.3,7.3,86,15.4,3.33,Korhogo,9.45,-5.63
2020-09-13,24.6,2.9,88,10.6,3.94,Korhogo,9.45,-5.63
2020-09-14,24.7,0.5,86,8.7,4.57,Korhogo,9.45,-5.63
2020-09-15,25.2,1.3,84,7.9,4.22,Korhogo,9.45,-5.63
2020-09-16,24.1,7.6,89,12.8,2.8,Korhogo,9.45,-5.63
2020-09-17,23.4,10.9,93,14.6,2.51,Korhogo,9.45,-5.63
2020-09-18,24.6,6.8,86,17.5,3.69,Korhogo,9.45,-5.63
2020-09-19,25.0,2.7,87,5.1,4.33,Korhogo,9.45,-5.63
2020-09-20,24.9,0.6,89,9.2,3.97,Korhogo,9.45,-5.63
2020-09-21,24.8,0.7,84,12.5,3.86,Korhogo,9.45,-5.63
2020-09-22,25.7,1.5,80,11.5,4.64,Korhogo,9.45,-5.63
2020-09-23,24.4,7.2,89,6.3,3.15,Korhogo,9.45,-5.63
2020-09-24,24.6,1.3,87,10.4,3.63,Korhogo,9.45,-5.63
2020-09-25,24.7,3.6,88,10.2,3.71,Korhogo,9.45,-5.63
2020-09-26,24.3,9.1,86,11.2,3.63,Korhogo,9.45,-5.63
2020-09-27,24.3,1.6,85,8.2,3.25,Korhogo,9.45,-5.63
2020-09-28,25.1,0.8,82,12.1,4.58,Korhogo,9.45,-5.63
2020-09-29,25.9,0.6,83,8.7,4.62,Korhogo,9.45,-5.63
2020-09-30,25.3,0.5,84,15.0,4.15,Korhogo,9.45,-5.63
2020-10-01,24.6,3.4,84,16.5,2.81,Korhogo,9.45,-5.63
2020-10-02,23.6,19.6,91,16.8,2.79,Korhogo,9.45,-5.63
2020-10-03,24.2,2.1,88,12.7,3.63,Korhogo,9.45,-5.63
2020-10-04,24.9,5.5,84,13.4,4.22,Korhogo,9.45,-5.63
2020-10-05,23.5,2.9,90,11.0,2.43,Korhogo,9.45,-5.63
2020-10-06,25.4,1.3,83,12.7,4.67,Korhogo,9.45,-5.63
2020-10-07,25.7,2.6,83,15.9,4.09,Korhogo,9.45,-5.63
2020-10-08,25.5,0.0,83,10.3,3.96,Korhogo,9.45,-5.63
2020-10-09,25.6,2.7,83,11.7,4.64,Korhogo,9.45,-5.63
2020-10-10,24.7,16.5,83,12.0,4.45,Korhogo,9.45,-5.63
2020-10-11,24.1,8.9,88,11.4,3.38,Korhogo,9.45,-5.63
2020-10-12,24.4,3.4,86,8.9,3.93,Korhogo,9.45,-5.63
2020-10-13,25.0,0.0,84,7.8,4.3,Korhogo,9.45,-5.63
2020-10-14,25.5,2.3,79,8.0,4.74,Korhogo,9.45,-5.63
2020-10-15,24.9,4.0,86,12.3,3.81,Korhogo,9.45,-5.63
2020-10-16,25.1,0.0,84,8.9,3.26,Korhogo,9.45,-5.63
2020-10-17,25.7,5.3,83,17.4,4.85,Korhogo,9.45,-5.63
2020-10-18,24.9,1.5,86,10.5,3.04,Korhogo,9.45,-5.63
2020-10-19,24.5,0.4,88,10.2,2.55,Korhogo,9.45,-5.63
2020-10-20,25.7,0.0,81,13.7,4.28,Korhogo,9.45,-5.63
2020-10-21,26.0,0.2,80,9.3,4.58,Korhogo,9.45,-5.63
2020-10-22,26.1,0.0,74,13.0,4.87,Korhogo,9.45,-5.63
2020-10-23,26.0,0.0,69,15.5,5.33,Korhogo,9.45,-5.63
2020-10-24,25.8,0.0,70,9.5,5.16,Korhogo,9.45,-5.63
2020-10-25,25.9,0.0,64,11.8,5.27,Korhogo,9.45,-5.63
2020-10-26,25.8,0.0,65,13.4,5.31,Korhogo,9.45,-5.63
2020-10-27,26.2,0.0,62,14.2,5.35,Korhogo,9.45,-5.63
2020-10-28,26.4,0.0,59,12.5,5.64,Korhogo,9.45,-5.63
2020-10-29,26.3,0.0,54,11.8,5.83,Korhogo,9.45,-5.63
2020-10-30,26.7,0.0,51,11.8,5.41,Korhogo,9.45,-5.63
2020-10-31,26.9,0.0,56,13.9,5.41,Korhogo,9.45,-5.63
2020-11-01,26.8,0.0,57,12.1,5.4,Korhogo,9.45,-5.63
2020-11-02,26.6,0.9,61,11.2,4.96,Korhogo,9.45,-5.63
2020-11-03,26.8,0.0,63,14.7,5.1,Korhogo,9.45,-5.63
2020-11-04,27.0,0.0,56,10.1,5.14,Korhogo,9.45,-5.63
2020-11-05,27.7,0.0,58,13.8,5.15,Korhogo,9.45,-5.63
2020-11-06,27.8,0.0,57,15.3,5.35,Korhogo,9.45,-5.63
2020-11-07,27.0,0.0,56,13.6,5.46,Korhogo,9.45,-5.63
2020-11-08,26.2,0.0,52,9.0,5.23,Korhogo,9.45,-5.63
2020-11-09,26.7,0.2,62,9.7,4.51,Korhogo,9.45,-5.63
2020-11-10,27.2,0.2,64,9.8,4.61,Korhogo,9.45,-5.63
2020-11-11,27.1,0.0,58,13.7,5.38,Korhogo,9.45,-5.63
2020-11-12,26.3,0.0,49,14.2,5.78,Korhogo,9.45,-5.63
2020-11-13,26.4,0.0,33,16.8,6.67,Korhogo,9.45,-5.63
2020-11-14,26.2,0.0,33,17.7,6.51,Korhogo,9.45,-5.63
2020-11-15,26.5,0.0,36,14.9,6.22,Korhogo,9.45,-5.63
2020-11-16,26.9,0.0,43,13.9,5.81,Korhogo,9.45,-5.63
2020-11-17,26.8,0.0,43,13.0,5.93,Korhogo,9.45,-5.63
2020-11-18,27.3,0.0,39,14.7,5.69,Korhogo,9.45,-5.63
2020-11-19,26.9,0.0,46,11.0,5.52,Korhogo,9.45,-5.63
2020-11-20,26.1,0.0,47,11.2,5.55,Korhogo,9.45,-5.63
2020-11-21,26.2,0.0,41,10.3,5.47,Korhogo,9.45,-5.63
2020-11-22,28.0,0.0,49,11.4,5.49,Korhogo,9.45,-5.63
2020-11-23,27.5,0.0,47,11.6,5.5,Korhogo,9.45,-5.63
2020-11-24,26.5,0.0,48,11.0,5.34,Korhogo,9.45,-5.63
2020-11-25,26.3,0.0,37,10.0,5.61,Korhogo,9.45,-5.63
2020-11-26,25.8,0.0,38,11.2,5.29,Korhogo,9.45,-5.63
2020-11-27,26.6,0.0,51,10.9,4.94,Korhogo,9.45,-5.63
2020-11-28,26.9,0.1,58,9.2,3.94,Korhogo,9.45,-5.63
2020-11-29,27.2,0.0,56,12.6,5.19,Korhogo,9.45,-5.63
2020-11-30,27.7,0.2,62,12.7,4.7,Korhogo,9.45,-5.63
2020-12-01,28.2,0.0,55,12.6,5.1,Korhogo,9.45,-5.63
2020-12-02,27.0,0.0,53,10.4,5.13,Korhogo,9.45,-5.63
2020-12-03,27.3,0.0,53,9.7,5.03,Korhogo,9.45,-5.63
2020-12-04,27.8,0.0,44,11.0,5.41,Korhogo,9.45,-5.63
2020-12-05,27.6,0.0,47,11.1,5.3,Korhogo,9.45,-5.63
2020-12-06,27.6,0.0,51,11.7,4.94,Korhogo,9.45,-5.63
2020-12-07,27.8,0.0,59,10.9,4.4,Korhogo,9.45,-5.63
2020-12-08,28.0,0.0,55,15.9,4.95,Korhogo,9.45,-5.63
2020-12-09,27.7,0.0,61,10.9,4.32,Korhogo,9.45,-5.63
2020-12-10,28.6,0.0,54,14.8,4.97,Korhogo,9.45,-5.63
2020-12-11,27.8,0.0,59,13.3,4.57,Korhogo,9.45,-5.63
2020-12-12,27.8,0.0,48,9.1,5.3,Korhogo,9.45,-5.63
2020-12-13,27.0,0.0,55,12.7,4.75,Korhogo,9.45,-5.63
2020-12-14,27.7,0.0,63,13.2,4.42,Korhogo,9.45,-5.63
2020-12-15,26.1,0.0,68,21.8,2.8,Korhogo,9.45,-5.63
2020-12-16,27.9,0.0,58,11.8,4.61,Korhogo,9.45,-5.63
2020-12-17,28.0,0.0,59,13.2,4.23,Korhogo,9.45,-5.63
2020-12-18,27.5,0.0,61,12.4,4.18,Korhogo,9.45,-5.63
2020-12-19,27.5,0.0,53,11.2,4.4,Korhogo,9.45,-5.63
2020-12-20,27.4,0.0,45,11.0,5.25,Korhogo,9.45,-5.63
2020-12-21,26.8,0.0,27,16.5,6.3,Korhogo,9.45,-5.63
2020-12-22,25.8,0.0,26,15.4,6.27,Korhogo,9.45,-5.63
2020-12-23,26.0,0.0,26,14.7,6.26,Korhogo,9.45,-5.63
2020-12-24,25.8,0.0,41,10.2,4.9,Korhogo,9.45,-5.63
2020-12-25,27.1,0.0,49,12.4,5.14,Korhogo,9.45,-5.63
2020-12-26,26.5,0.0,29,18.8,6.5,Korhogo,9.45,-5.63
2020-12-27,26.2,0.0,22,14.5,6.55,Korhogo,9.45,-5.63
2020-12-28,25.8,0.0,20,16.6,6.74,Korhogo,9.45,-5.63
2020-12-29,25.9,0.0,23,13.4,6.43,Korhogo,9.45,-5.63
2020-12-30,25.6,0.0,19,14.9,6.51,Korhogo,9.45,-5.63
2020-12-31,25.7,0.0,26,11.3,6.06,Korhogo,9.45,-5.63
2021-01-01,27.0,0.0,31,10.7,5.29,Korhogo,9.45,-5.63
2021-01-02,27.0,0.0,36,12.3,5.28,Korhogo,9.45,-5.63
2021-01-03,27.6,0.0,45,10.5,4.89,Korhogo,9.45,-5.63
2021-01-04,28.1,0.0,49,11.8,5.41,Korhogo,9.45,-5.63
2021-01-05,27.6,0.0,36,18.6,6.37,Korhogo,9.45,-5.63
2021-01-06,27.8,0.0,24,14.8,5.67,Korhogo,9.45,-5.63
2021-01-07,27.5,0.0,38,9.4,5.19,Korhogo,9.45,-5.63
2021-01-08,28.2,0.0,47,10.5,5.06,Korhogo,9.45,-5.63
2021-01-09,28.5,0.0,50,12.3,5.1,Korhogo,9.45,-5.63
2021-01-10,28.9,0.0,48,11.4,5.21,Korhogo,9.45,-5.63
2021-01-11,28.2,0.0,50,10.9,5.02,Korhogo,9.45,-5.63
2021-01-12,27.7,0.0,47,11.8,5.4,Korhogo,9.45,-5.63
2021-01-13,27.2,0.0,33,11.8,5.9,Korhogo,9.45,-5.63
2021-01-14,26.4,0.0,22,14.1,6.34,Korhogo,9.45,-5.63
2021-01-15,26.0,0.0,20,13.1,6.64,Korhogo,9.45,-5.63
2021-01-16,25.7,0.0,18,12.9,6.35,Korhogo,9.45,-5.63
2021-01-17,25.2,0.0,21,16.9,6.9,Korhogo,9.45,-5.63
2021-01-18,26.5,0.0,19,16.5,6.88,Korhogo,9.45,-5.63
2021-01-19,26.5,0.0,22,19.1,7.07,Korhogo,9.45,-5.63
2021-01-20,26.0,0.0,22,18.0,6.86,Korhogo,9.45,-5.63
2021-01-21,26.7,0.0,18,17.2,7.25,Korhogo,9.45,-5.63
2021-01-22,26.3,0.0,19,15.1,6.83,Korhogo,9.45,-5.63
2021-01-23,26.1,0.0,18,14.9,6.83,Korhogo,9.45,-5.63
2021-01-24,26.0,0.0,19,14.5,6.71,Korhogo,9.45,-5.63
2021-01-25,26.5,0.0,17,14.6,6.81,Korhogo,9.45,-5.63
2021-01-26,27.2,0.0,19,16.9,7.26,Korhogo,9.45,-5.63
2021-01-27,27.0,0.0,19,16.3,7.16,Korhogo,9.45,-5.63
2021-01-28,27.2,0.0,18,13.0,6.88,Korhogo,9.45,-5.63
2021-01-29,27.0,0.0,20,11.6,6.38,Korhogo,9.45,-5.63
2021-01-30,27.4,0.0,18,15.1,7.06,Korhogo,9.45,-5.63
2021-01-31,27.8,0.0,16,14.7,7.29,Korhogo,9.45,-5.63
2021-02-01,26.8,0.0,20,14.4,6.85,Korhogo,9.45,-5.63
2021-02-02,26.8,0.0,18,14.0,6.94,Korhogo,9.45,-5.63
2021-02-03,27.4,0.0,18,13.7,7.0,Korhogo,9.45,-5.63
2021-02-04,28.4,0.0,26,10.1,6.07,Korhogo,9.45,-5.63
2021-02-05,29.2,0.0,31,9.4,5.86,Korhogo,9.45,-5.63
2021-02-06,29.6,0.0,41,13.1,5.21,Korhogo,9.45,-5.63
2021-02-07,29.2,0.0,44,10.7,5.91,Korhogo,9.45,-5.63
2021-02-08,27.6,0.0,24,15.6,7.04,Korhogo,9.45,-5.63
2021-02-09,27.7,0.0,23,14.4,6.84,Korhogo,9.45,-5.63
2021-02-10,28.6,0.0,18,13.7,7.31,Korhogo,9.45,-5.63
2021-02-11,28.4,0.0,25,11.8,6.4,Korhogo,9.45,-5.63
2021-02-12,28.8,0.0,33,12.7,6.19,Korhogo,9.45,-5.63
2021-02-13,29.5,0.0,36,11.2,6.45,Korhogo,9.45,-5.63
2021-02-14,30.1,0.0,45,13.4,6.1,Korhogo,9.45,-5.63
2021-02-15,30.3,0.0,51,14.6,6.15,Korhogo,9.45,-5.63
2021-02-16,29.6,0.0,55,19.9,5.42,Korhogo,9.45,-5.63
2021-02-17,27.8,2.7,61,19.1,4.43,Korhogo,9.45,-5.63
2021-02-18,26.0,2.3,73,12.1,3.67,Korhogo,9.45,-5.63
2021-02-19,27.4,0.0,57,10.3,5.34,Korhogo,9.45,-5.63
2021-02-20,25.7,0.0,26,11.9,6.38,Korhogo,9.45,-5.63
2021-02-21,27.3,0.0,21,15.3,7.19,Korhogo,9.45,-5.63
2021-02-22,27.5,0.0,17,17.4,7.86,Korhogo,9.45,-5.63
2021-02-23,27.3,0.0,13,13.1,7.51,Korhogo,9.45,-5.63
2021-02-24,28.6,0.0,16,11.8,6.35,Korhogo,9.45,-5.63
2021-02-25,27.9,0.0,14,14.5,7.47,Korhogo,9.45,-5.63
2021-02-26,27.1,0.0,15,15.2,7.16,Korhogo,9.45,-5.63
2021-02-27,29.2,0.0,19,10.9,6.74,Korhogo,9.45,-5.63
2021-02-28,28.9,0.1,44,18.0,5.67,Korhogo,9.45,-5.63
2021-03-01,29.9,0.0,46,10.5,5.73,Korhogo,9.45,-5.63
2021-03-02,30.6,0.0,35,15.1,6.62,Korhogo,9.45,-5.63
2021-03-03,29.6,0.0,37,11.9,5.97,Korhogo,9.45,-5.63
2021-03-04,30.6,0.0,38,14.3,6.31,Korhogo,9.45,-5.63
2021-03-05,29.8,0.3,54,16.7,5.68,Korhogo,9.45,-5.63
2021-03-06,29.0,0.1,58,25.1,5.34,Korhogo,9.45,-5.63
2021-03-07,29.3,1.0,59,12.0,5.18,Korhogo,9.45,-5.63
2021-03-08,29.8,0.0,55,10.8,5.22,Korhogo,9.45,-5.63
2021-03-09,30.4,0.0,49,17.7,6.01,Korhogo,9.45,-5.63
2021-03-10,29.1,0.1,60,19.9,5.4,Korhogo,9.45,-5.63
2021-03-11,30.4,0.0,49,16.6,5.81,Korhogo,9.45,-5.63
2021-03-12,29.5,0.0,55,15.6,5.6,Korhogo,9.45,-5.63
2021-03-13,29.1,0.0,42,16.9,6.14,Korhogo,9.45,-5.63
2021-03-14,29.7,0.0,44,9.7,5.69,Korhogo,9.45,-5.63
2021-03-15,30.6,0.0,34,16.6,6.16,Korhogo,9.45,-5.63
2021-03-16,29.8,0.2,51,17.6,6.22,Korhogo,9.45,-5.63
2021-03-17,29.1,1.3,54,22.4,5.72,Korhogo,9.45,-5.63
2021-03-18,28.0,4.8,61,19.1,5.01,Korhogo,9.45,-5.63
2021-03-19,28.9,0.0,57,19.5,6.0,Korhogo,9.45,-5.63
2021-03-20,29.2,1.4,59,12.6,5.25,Korhogo,9.45,-5.63
2021-03-21,27.5,13.0,73,13.7,4.43,Korhogo,9.45,-5.63
2021-03-22,27.2,0.8,66,18.3,3.52,Korhogo,9.45,-5.63
2021-03-23,29.5,0.0,51,14.1,5.81,Korhogo,9.45,-5.63
2021-03-24,29.0,0.0,57,13.4,5.06,Korhogo,9.45,-5.63
2021-03-25,30.1,0.0,50,12.6,6.07,Korhogo,9.45,-5.63
2021-03-26,30.7,0.0,43,11.9,6.81,Korhogo,9.45,-5.63
2021-03-27,29.8,0.0,54,19.1,6.55,Korhogo,9.45,-5.63
2021-03-28,28.7,1.8,63,16.6,4.95,Korhogo,9.45,-5.63
2021-03-29,29.2,1.2,59,14.9,5.82,Korhogo,9.45,-5.63
2021-03-30,30.0,0.0,52,11.4,6.11,Korhogo,9.45,-5.63
2021-03-31,30.0,0.0,41,11.7,6.6,Korhogo,9.45,-5.63
2021-04-01,29.7,0.0,41,14.5,6.84,Korhogo,9.45,-5.63
2021-04-02,30.1,0.0,43,12.6,6.41,Korhogo,9.45,-5.63
2021-04-03,30.0,0.0,43,9.7,6.07,Korhogo,9.45,-5.63
2021-04-04,30.3,0.0,51,17.6,6.29,Korhogo,9.45,-5.63
2021-04-05,30.5,0.0,55,17.6,6.38,Korhogo,9.45,-5.63
2021-04-06,29.5,0.7,63,21.4,5.43,Korhogo,9.45,-5.63
2021-04-07,30.2,0.0,56,13.9,5.26,Korhogo,9.45,-5.63
2021-04-08,31.3,0.0,46,14.5,6.6,Korhogo,9.45,-5.63
2021-04-09,30.5,0.0,54,23.5,6.51,Korhogo,9.45,-5.63
2021-04-10,30.0,0.0,57,17.4,6.24,Korhogo,9.45,-5.63
2021-04-11,31.2,0.0,44,16.9,7.01,Korhogo,9.45,-5.63
2021-04-12,31.9,0.0,45,15.6,7.31,Korhogo,9.45,-5.63
2021-04-13,31.2,2.2,54,19.6,6.49,Korhogo,9.45,-5.63
2021-04-14,29.0,0.1,64,21.9,5.11,Korhogo,9.45,-5.63
2021-04-15,30.6,0.0,50,13.6,6.32,Korhogo,9.45,-5.63
2021-04-16,29.3,9.7,61,22.7,5.83,Korhogo,9.45,-5.63
2021-04-17,23.7,16.7,90,14.8,1.55,Korhogo,9.45,-5.63
2021-04-18,27.9,0.0,65,13.4,5.01,Korhogo,9.45,-5.63
2021-04-19,28.0,1.6,71,20.9,5.17,Korhogo,9.45,-5.63
2021-04-20,29.5,0.0,59,14.3,6.17,Korhogo,9.45,-5.63
2021-04-21,28.7,0.0,66,14.8,4.59,Korhogo,9.45,-5.63
2021-04-22,28.4,0.1,70,14.5,3.51,Korhogo,9.45,-5.63
2021-04-23,28.3,1.6,69,15.3,4.93,Korhogo,9.45,-5.63
2021-04-24,29.2,1.7,61,14.5,6.0,Korhogo,9.45,-5.63
2021-04-25,28.8,0.0,65,19.8,5.49,Korhogo,9.45,-5.63
2021-04-26,29.6,0.6,57,22.5,5.95,Korhogo,9.45,-5.63
2021-04-27,29.0,7.1,63,13.4,5.2,Korhogo,9.45,-5.63
2021-04-28,28.2,0.0,69,15.3,4.91,Korhogo,9.45,-5.63
2021-04-29,29.6,0.0,57,14.4,5.11,Korhogo,9.45,-5.63
2021-04-30,30.6,0.0,51,14.0,6.27,Korhogo,9.45,-5.63
2021-05-01,29.6,0.3,63,12.9,5.38,Korhogo,9.45,-5.63
2021-05-02,28.9,2.5,66,20.1,5.62,Korhogo,9.45,-5.63
2021-05-03,26.6,14.0,74,14.2,3.88,Korhogo,9.45,-5.63
2021-05-04,27.8,0.0,65,16.9,5.23,Korhogo,9.45,-5.63
2021-05-05,29.1,0.0,64,13.1,5.7,Korhogo,9.45,-5.63
2021-05-06,28.5,0.2,61,16.3,6.02,Korhogo,9.45,-5.63
2021-05-07,26.3,0.6,72,11.5,3.08,Korhogo,9.45,-5.63
2021-05-08,28.4,0.0,64,17.3,5.91,Korhogo,9.45,-5.63
2021-05-09,28.3,0.0,63,17.4,5.7,Korhogo,9.45,-5.63
2021-05-10,28.4,0.8,63,13.3,5.63,Korhogo,9.45,-5.63
2021-05-11,28.7,0.2,64,12.8,5.56,Korhogo,9.45,-5.63
2021-05-12,28.7,0.0,63,11.6,5.27,Korhogo,9.45,-5.63
2021-05-13,29.8,0.0,58,11.8,5.75,Korhogo,9.45,-5.63
2021-05-14,29.7,0.0,60,16.5,6.05,Korhogo,9.45,-5.63
2021-05-15,29.4,0.1,62,18.6,6.07,Korhogo,9.45,-5.63
2021-05-16,28.5,0.9,68,12.3,5.36,Korhogo,9.45,-5.63
2021-05-17,29.2,0.0,58,13.0,6.09,Korhogo,9.45,-5.63
2021-05-18,29.8,0.0,61,16.5,6.44,Korhogo,9.45,-5.63
2021-05-19,28.7,0.0,67,13.8,5.62,Korhogo,9.45,-5.63
2021-05-20,28.8,0.0,65,13.0,5.6,Korhogo,9.45,-5.63
2021-05-21,27.9,2.2,70,10.9,4.48,Korhogo,9.45,-5.63
2021-05-22,28.7,0.2,63,15.5,5.6,Korhogo,9.45,-5.63
2021-05-23,29.8,0.0,59,11.2,5.57,Korhogo,9.45,-5.63
2021-05-24,29.4,2.3,62,10.7,5.46,Korhogo,9.45,-5.63
2021-05-25,28.6,0.0,66,13.3,4.54,Korhogo,9.45,-5.63
2021-05-26,29.1,0.0,63,10.2,5.6,Korhogo,9.45,-5.63
2021-05-27,28.7,0.1,68,17.1,5.25,Korhogo,9.45,-5.63
2021-05-28,28.4,4.4,72,14.2,4.73,Korhogo,9.45,-5.63
2021-05-29,28.8,1.0,68,10.6,5.02,Korhogo,9.45,-5.63
2021-05-30,28.8,0.7,66,12.4,5.07,Korhogo,9.45,-5.63
2021-05-31,27.2,11.5,77,12.2,4.65,Korhogo,9.45,-5.63
2021-06-01,27.1,1.8,76,15.0,4.48,Korhogo,9.45,-5.63
2021-06-02,28.2,0.0,66,11.0,5.47,Korhogo,9.45,-5.63
2021-06-03,27.9,0.5,73,12.1,5.03,Korhogo,9.45,-5.63
2021-06-04,27.3,0.0,75,14.4,5.25,Korhogo,9.45,-5.63
2021-06-05,27.8,0.0,71,18.4,5.43,Korhogo,9.45,-5.63
2021-06-06,26.4,0.5,74,14.0,3.93,Korhogo,9.45,-5.63
2021-06-07,26.1,1.3,78,11.5,3.73,Korhogo,9.45,-5.63
2021-06-08,26.7,0.6,76,9.8,4.61,Korhogo,9.45,-5.63
2021-06-09,26.5,10.1,78,13.8,3.63,Korhogo,9.45,-5.63
2021-06-10,25.8,16.2,81,17.3,4.17,Korhogo,9.45,-5.63
2021-06-11,25.4,1.7,82,11.3,2.9,Korhogo,9.45,-5.63
2021-06-12,27.2,2.6,78,14.9,4.83,Korhogo,9.45,-5.63
2021-06-13,26.9,0.9,77,11.9,4.67,Korhogo,9.45,-5.63
2021-06-14,26.9,1.4,76,18.0,4.43,Korhogo,9.45,-5.63
2021-06-15,26.5,1.0,79,11.2,4.42,Korhogo,9.45,-5.63
2021-06-16,25.9,0.2,78,17.6,4.47,Korhogo,9.45,-5.63
2021-06-17,26.9,0.0,69,11.3,5.14,Korhogo,9.45,-5.63
2021-06-18,27.0,8.8,73,14.5,5.0,Korhogo,9.45,-5.63
2021-06-19,25.8,1.5,81,15.5,4.11,Korhogo,9.45,-5.63
2021-06-20,25.9,0.3,79,12.1,4.38,Korhogo,9.45,-5.63
2021-06-21,25.1,1.3,81,15.0,3.47,Korhogo,9.45,-5.63
2021-06-22,23.5,13.6,88,9.6,1.98,Korhogo,9.45,-5.63
2021-06-23,24.6,9.1,81,15.5,4.09,Korhogo,9.45,-5.63
2021-06-24,23.5,3.9,89,12.4,2.11,Korhogo,9.45,-5.63
2021-06-25,24.4,2.5,85,20.1,4.06,Korhogo,9.45,-5.63
2021-06-26,24.0,12.6,88,11.3,3.17,Korhogo,9.45,-5.63
2021-06-27,25.2,0.0,80,8.4,4.4,Korhogo,9.45,-5.63
2021-06-28,26.3,0.2,72,13.6,5.33,Korhogo,9.45,-5.63
2021-06-29,26.9,0.5,70,16.0,5.36,Korhogo,9.45,-5.63
2021-06-30,25.7,4.1,78,14.1,4.24,Korhogo,9.45,-5.63
2021-07-01,25.2,3.9,83,13.0,3.9,Korhogo,9.45,-5.63
2021-07-02,25.4,0.0,78,10.7,3.41,Korhogo,9.45,-5.63
2021-07-03,25.2,4.6,79,10.2,3.24,Korhogo,9.45,-5.63
2021-07-04,25.0,0.4,80,10.3,3.65,Korhogo,9.45,-5.63
2021-07-05,24.9,1.9,81,10.9,3.42,Korhogo,9.45,-5.63
2021-07-06,25.6,1.3,77,10.1,4.35,Korhogo,9.45,-5.63
2021-07-07,26.9,0.0,69,13.6,5.31,Korhogo,9.45,-5.63
2021-07-08,26.8,0.8,70,21.9,4.67,Korhogo,9.45,-5.63
2021-07-09,25.7,11.7,78,21.8,3.92,Korhogo,9.45,-5.63
2021-07-10,24.3,3.4,84,16.4,3.19,Korhogo,9.45,-5.63
2021-07-11,24.9,16.9,82,13.9,3.95,Korhogo,9.45,-5.63
2021-07-12,25.0,8.2,84,8.4,3.22,Korhogo,9.45,-5.63
2021-07-13,25.6,2.2,79,17.1,3.91,Korhogo,9.45,-5.63
2021-07-14,24.7,15.8,85,14.3,3.8,Korhogo,9.45,-5.63
2021-07-15,25.1,4.4,84,13.6,4.09,Korhogo,9.45,-5.63
2021-07-16,24.6,1.6,86,11.5,3.16,Korhogo,9.45,-5.63
2021-07-17,23.7,8.5,89,12.8,2.27,Korhogo,9.45,-5.63
2021-07-18,24.7,0.2,82,14.8,3.27,Korhogo,9.45,-5.63
2021-07-19,25.2,0.3,81,15.7,4.35,Korhogo,9.45,-5.63
2021-07-20,25.1,0.4,79,15.6,3.58,Korhogo,9.45,-5.63
2021-07-21,25.3,0.6,78,16.6,3.78,Korhogo,9.45,-5.63
2021-07-22,24.8,2.1,81,21.3,2.73,Korhogo,9.45,-5.63
2021-07-23,22.8,55.3,94,14.7,1.51,Korhogo,9.45,-5.63
2021-07-24,24.0,3.5,86,17.9,3.35,Korhogo,9.45,-5.63
2021-07-25,24.2,13.8,87,12.6,3.26,Korhogo,9.45,-5.63
2021-07-26,24.7,5.8,84,15.1,3.92,Korhogo,9.45,-5.63
2021-07-27,25.0,0.8,80,19.3,4.18,Korhogo,9.45,-5.63
2021-07-28,24.6,2.5,84,18.4,2.45,Korhogo,9.45,-5.63
2021-07-29,23.8,13.3,89,16.9,3.02,Korhogo,9.45,-5.63
2021-07-30,24.7,4.9,84,12.0,3.76,Korhogo,9.45,-5.63
2021-07-31,24.2,14.7,86,14.8,3.03,Korhogo,9.45,-5.63
2021-08-01,24.0,8.5,84,17.6,2.93,Korhogo,9.45,-5.63
2021-08-02,25.0,0.0,76,15.8,4.24,Korhogo,9.45,-5.63
2021-08-03,25.2,2.2,81,12.2,4.13,Korhogo,9.45,-5.63
2021-08-04,23.5,16.6,92,10.6,2.13,Korhogo,9.45,-5.63
2021-08-05,24.1,5.1,88,17.6,3.72,Korhogo,9.45,-5.63
2021-08-06,24.6,0.2,80,14.4,3.25,Korhogo,9.45,-5.63
2021-08-07,23.7,5.1,86,13.0,2.13,Korhogo,9.45,-5.63
2021-08-08,24.1,10.3,87,12.4,3.45,Korhogo,9.45,-5.63
2021-08-09,23.8,5.8,88,13.6,2.6,Korhogo,9.45,-5.63
2021-08-10,23.7,18.8,90,12.6,3.19,Korhogo,9.45,-5.63
2021-08-11,23.6,20.2,90,11.9,2.82,Korhogo,9.45,-5.63
2021-08-12,24.3,32.9,87,15.6,3.3,Korhogo,9.45,-5.63
2021-08-13,22.9,21.8,94,17.1,1.75,Korhogo,9.45,-5.63
2021-08-14,23.5,10.9,91,12.5,2.69,Korhogo,9.45,-5.63
2021-08-15,24.2,9.7,86,16.6,3.1,Korhogo,9.45,-5.63
2021-08-16,24.3,5.1,84,16.6,3.79,Korhogo,9.45,-5.63
2021-08-17,23.8,4.7,88,13.6,2.43,Korhogo,9.45,-5.63
2021-08-18,24.2,0.8,87,14.6,2.99,Korhogo,9.45,-5.63
2021-08-19,23.8,1.5,87,10.4,2.23,Korhogo,9.45,-5.63
2021-08-20,23.5,12.0,89,10.8,2.57,Korhogo,9.45,-5.63
2021-08-21,24.6,7.3,86,11.8,3.78,Korhogo,9.45,-5.63
2021-08-22,24.1,6.3,85,14.8,3.53,Korhogo,9.45,-5.63
2021-08-23,24.7,0.8,83,11.8,3.73,Korhogo,9.45,-5.63
2021-08-24,24.7,9.7,86,9.0,3.33,Korhogo,9.45,-5.63
2021-08-25,22.8,15.2,95,13.0,1.22,Korhogo,9.45,-5.63
2021-08-26,24.1,11.7,88,14.5,3.15,Korhogo,9.45,-5.63
2021-08-27,24.5,0.2,85,14.7,2.56,Korhogo,9.45,-5.63
2021-08-28,25.0,1.7,86,13.0,3.71,Korhogo,9.45,-5.63
2021-08-29,23.8,16.0,89,10.0,2.1,Korhogo,9.45,-5.63
2021-08-30,24.5,2.0,83,14.7,3.79,Korhogo,9.45,-5.63
2021-08-31,23.1,27.1,92,11.6,2.03,Korhogo,9.45,-5.63
2021-09-01,24.8,4.0,84,11.5,4.22,Korhogo,9.45,-5.63
2021-09-02,24.0,2.8,86,12.6,2.53,Korhogo,9.45,-5.63
2021-09-03,24.1,5.1,84,10.9,3.64,Korhogo,9.45,-5.63
2021-09-04,24.5,0.2,82,14.8,3.63,Korhogo,9.45,-5.63
2021-09-05,25.2,4.0,81,10.0,4.79,Korhogo,9.45,-5.63
2021-09-06,25.0,2.0,82,7.9,4.5,Korhogo,9.45,-5.63
2021-09-07,25.7,0.3,81,9.1,4.11,Korhogo,9.45,-5.63
2021-09-08,25.8,0.3,82,12.0,4.35,Korhogo,9.45,-5.63
2021-09-09,23.8,28.2,90,14.4,2.16,Korhogo,9.45,-5.63
2021-09-10,24.3,13.3,87,16.1,3.57,Korhogo,9.45,-5.63
2021-09-11,24.4,7.2,89,11.0,3.09,Korhogo,9.45,-5.63
2021-09-12,23.5,27.1,93,10.9,2.21,Korhogo,9.45,-5.63
2021-09-13,24.8,0.0,83,8.9,3.67,Korhogo,9.45,-5.63
2021-09-14,25.3,0.3,81,12.1,4.39,Korhogo,9.45,-5.63
2021-09-15,24.3,21.6,88,14.3,2.96,Korhogo,9.45,-5.63
2021-09-16,24.4,9.8,87,9.1,2.29,Korhogo,9.45,-5.63
2021-09-17,25.3,2.4,84,7.6,4.25,Korhogo,9.45,-5.63
2021-09-18,25.1,1.6,87,9.0,4.18,Korhogo,9.45,-5.63
2021-09-19,25.1,0.7,83,8.4,4.26,Korhogo,9.45,-5.63
2021-09-20,25.4,0.1,82,9.1,4.73,Korhogo,9.45,-5.63
2021-09-21,25.7,0.4,82,11.0,4.64,Korhogo,9.45,-5.63
2021-09-22,25.3,5.3,84,10.6,3.13,Korhogo,9.45,-5.63
2021-09-23,25.3,0.8,82,8.3,3.96,Korhogo,9.45,-5.63
2021-09-24,25.5,1.3,82,10.5,3.96,Korhogo,9.45,-5.63
2021-09-25,24.8,6.8,88,16.8,3.87,Korhogo,9.45,-5.63
2021-09-26,24.1,0.2,85,14.8,3.14,Korhogo,9.45,-5.63
2021-09-27,24.8,0.0,82,8.9,4.26,Korhogo,9.45,-5.63
2021-09-28,25.9,0.0,79,8.0,5.1,Korhogo,9.45,-5.63
2021-09-29,25.3,0.1,79,10.9,4.95,Korhogo,9.45,-5.63
2021-09-30,24.9,1.7,85,11.5,3.84,Korhogo,9.45,-5.63
2021-10-01,24.8,12.5,87,13.7,4.08,Korhogo,9.45,-5.63
2021-10-02,23.4,11.0,91,10.4,2.01,Korhogo,9.45,-5.63
2021-10-03,25.5,0.0,81,6.6,4.83,Korhogo,9.45,-5.63
2021-10-04,25.9,0.1,82,10.6,4.61,Korhogo,9.45,-5.63
2021-10-05,25.7,0.4,82,13.7,4.5,Korhogo,9.45,-5.63
2021-10-06,25.7,2.7,84,10.1,4.29,Korhogo,9.45,-5.63
2021-10-07,26.2,0.0,79,10.0,4.71,Korhogo,9.45,-5.63
2021-10-08,26.8,0.0,76,8.0,4.77,Korhogo,9.45,-5.63
2021-10-09,26.7,0.0,73,10.2,5.09,Korhogo,9.45,-5.63
2021-10-10,26.3,3.6,79,12.6,4.86,Korhogo,9.45,-5.63
2021-10-11,26.0,0.6,80,12.1,3.98,Korhogo,9.45,-5.63
2021-10-12,27.0,0.0,76,6.8,4.85,Korhogo,9.45,-5.63
2021-10-13,26.7,2.5,75,10.2,5.09,Korhogo,9.45,-5.63
2021-10-14,26.4,0.0,76,12.6,5.13,Korhogo,9.45,-5.63
2021-10-15,26.9,0.6,74,13.3,4.95,Korhogo,9.45,-5.63
2021-10-16,26.7,0.5,72,10.6,4.87,Korhogo,9.45,-5.63
2021-10-17,26.5,0.0,73,12.1,5.09,Korhogo,9.45,-5.63
2021-10-18,27.0,0.0,71,17.7,5.15,Korhogo,9.45,-5.63
2021-10-19,24.3,1.0,83,17.6,2.48,Korhogo,9.45,-5.63
2021-10-20,25.2,6.6,82,12.6,4.09,Korhogo,9.45,-5.63
2021-10-21,25.1,4.2,84,10.8,4.1,Korhogo,9.45,-5.63
2021-10-22,25.1,4.3,82,13.1,4.59,Korhogo,9.45,-5.63
2021-10-23,24.7,6.2,84,12.8,3.93,Korhogo,9.45,-5.63
2021-10-24,24.4,4.9,86,9.7,3.78,Korhogo,9.45,-5.63
2021-10-25,24.7,19.5,84,9.3,3.0,Korhogo,9.45,-5.63
2021-10-26,25.5,0.0,80,12.6,4.3,Korhogo,9.45,-5.63
2021-10-27,25.7,0.0,79,10.6,4.66,Korhogo,9.45,-5.63
2021-10-28,25.2,1.1,82,11.1,4.21,Korhogo,9.45,-5.63
2021-10-29,25.9,0.3,79,9.1,4.45,Korhogo,9.45,-5.63
2021-10-30,25.6,6.6,77,11.3,4.33,Korhogo,9.45,-5.63
2021-10-31,26.3,0.0,74,11.3,4.81,Korhogo,9.45,-5.63
2021-11-01,25.7,0.0,75,13.8,4.55,Korhogo,9.45,-5.63
2021-11-02,25.9,0.0,70,9.9,4.98,Korhogo,9.45,-5.63
2021-11-03,26.1,0.0,68,9.3,4.91,Korhogo,9.45,-5.63
2021-11-04,26.4,0.0,69,9.2,4.86,Korhogo,9.45,-5.63
2021-11-05,27.0,0.0,69,11.5,4.97,Korhogo,9.45,-5.63
2021-11-06,26.4,0.0,73,14.4,4.08,Korhogo,9.45,-5.63
2021-11-07,27.1,0.0,65,10.7,5.07,Korhogo,9.45,-5.63
2021-11-08,26.9,0.0,65,10.2,4.95,Korhogo,9.45,-5.63
2021-11-09,26.7,0.2,69,13.9,4.71,Korhogo,9.45,-5.63
2021-11-10,26.1,0.0,74,12.6,4.0,Korhogo,9.45,-5.63
2021-11-11,25.9,0.2,77,11.3,4.09,Korhogo,9.45,-5.63
2021-11-12,25.0,4.8,80,14.8,3.83,Korhogo,9.45,-5.63
2021-11-13,25.8,0.0,59,13.0,5.07,Korhogo,9.45,-5.63
2021-11-14,24.8,0.0,65,11.3,4.72,Korhogo,9.45,-5.63
2021-11-15,25.6,0.0,65,10.9,4.18,Korhogo,9.45,-5.63
2021-11-16,25.3,0.0,58,11.0,5.08,Korhogo,9.45,-5.63
2021-11-17,25.9,0.0,56,14.1,5.26,Korhogo,9.45,-5.63
2021-11-18,25.9,0.0,48,15.7,5.7,Korhogo,9.45,-5.63
2021-11-19,26.3,0.0,45,15.1,5.97,Korhogo,9.45,-5.63
2021-11-20,26.4,0.0,48,12.5,5.63,Korhogo,9.45,-5.63
2021-11-21,26.2,0.0,45,15.8,5.75,Korhogo,9.45,-5.63
2021-11-22,26.4,0.0,54,13.1,5.34,Korhogo,9.45,-5.63
2021-11-23,26.6,0.0,56,14.9,5.47,Korhogo,9.45,-5.63
2021-11-24,26.7,0.0,48,14.0,5.44,Korhogo,9.45,-5.63
2021-11-25,28.0,0.0,38,13.0,5.69,Korhogo,9.45,-5.63
2021-11-26,27.3,0.0,50,11.6,5.42,Korhogo,9.45,-5.63
2021-11-27,27.5,0.0,52,16.6,5.56,Korhogo,9.45,-5.63
2021-11-28,27.7,0.0,51,14.7,5.15,Korhogo,9.45,-5.63
2021-11-29,27.6,0.0,50,13.0,5.19,Korhogo,9.45,-5.63
2021-11-30,26.8,0.0,56,13.8,4.94,Korhogo,9.45,-5.63
2021-12-01,28.2,0.0,51,16.9,5.23,Korhogo,9.45,-5.63
2021-12-02,27.3,0.0,49,13.4,5.36,Korhogo,9.45,-5.63
2021-12-03,27.5,0.0,50,13.8,5.33,Korhogo,9.45,-5.63
2021-12-04,27.5,0.0,51,14.3,5.29,Korhogo,9.45,-5.63
2021-12-05,27.7,0.0,42,12.6,5.67,Korhogo,9.45,-5.63
2021-12-06,27.1,0.0,31,14.5,6.11,Korhogo,9.45,-5.63
2021-12-07,26.4,0.0,36,10.5,5.47,Korhogo,9.45,-5.63
2021-12-08,26.4,0.0,39,16.2,6.06,Korhogo,9.45,-5.63
2021-12-09,25.7,0.0,42,15.3,5.68,Korhogo,9.45,-5.63
2021-12-10,26.5,0.0,34,13.1,5.62,Korhogo,9.45,-5.63
2021-12-11,25.3,0.0,31,14.1,5.92,Korhogo,9.45,-5.63
2021-12-12,26.7,0.0,31,10.6,5.6,Korhogo,9.45,-5.63
2021-12-13,27.1,0.0,35,12.5,5.3,Korhogo,9.45,-5.63
2021-12-14,28.0,0.0,36,13.2,5.27,Korhogo,9.45,-5.63
2021-12-15,27.4,0.0,49,13.5,5.19,Korhogo,9.45,-5.63
2021-12-16,26.6,0.0,42,17.6,5.44,Korhogo,9.45,-5.63
2021-12-17,25.3,0.0,31,19.9,6.25,Korhogo,9.45,-5.63
2021-12-18,24.9,0.0,28,19.2,6.42,Korhogo,9.45,-5.63
2021-12-19,24.6,0.0,30,16.8,6.2,Korhogo,9.45,-5.63
2021-12-20,24.6,0.0,27,18.4,6.33,Korhogo,9.45,-5.63
2021-12-21,24.7,0.0,27,16.2,6.19,Korhogo,9.45,-5.63
2021-12-22,25.4,0.0,24,17.1,6.61,Korhogo,9.45,-5.63
2021-12-23,25.3,0.0,25,16.5,6.58,Korhogo,9.45,-5.63
2021-12-24,25.5,0.0,28,17.6,6.35,Korhogo,9.45,-5.63
2021-12-25,26.3,0.0,30,14.2,6.15,Korhogo,9.45,-5.63
2021-12-26,26.6,0.0,25,15.2,6.63,Korhogo,9.45,-5.63
2021-12-27,26.4,0.0,27,16.9,6.36,Korhogo,9.45,-5.63
2021-12-28,26.1,0.0,22,18.7,6.59,Korhogo,9.45,-5.63
2021-12-29,25.4,0.0,22,16.8,6.27,Korhogo,9.45,-5.63
2021-12-30,26.5,0.0,23,14.2,6.31,Korhogo,9.45,-5.63
2021-12-31,26.3,0.0,20,17.5,6.08,Korhogo,9.45,-5.63
2020-01-01,27.1,0.1,69,10.4,4.36,Gagnoa,6.13,-5.95
2020-01-02,25.7,0.3,67,10.1,4.09,Gagnoa,6.13,-5.95
2020-01-03,24.2,0.0,34,11.3,5.47,Gagnoa,6.13,-5.95
2020-01-04,24.5,0.0,29,12.7,5.92,Gagnoa,6.13,-5.95
2020-01-05,23.8,0.0,37,10.7,5.24,Gagnoa,6.13,-5.95
2020-01-06,23.9,0.0,47,10.0,4.87,Gagnoa,6.13,-5.95
2020-01-07,24.9,0.0,52,12.5,4.85,Gagnoa,6.13,-5.95
2020-01-08,26.4,0.0,64,10.9,4.66,Gagnoa,6.13,-5.95
2020-01-09,27.1,0.0,64,13.0,4.59,Gagnoa,6.13,-5.95
2020-01-10,28.0,0.0,70,13.7,4.15,Gagnoa,6.13,-5.95
2020-01-11,26.7,2.2,79,12.7,3.65,Gagnoa,6.13,-5.95
2020-01-12,27.7,0.0,72,12.3,4.09,Gagnoa,6.13,-5.95
2020-01-13,27.8,0.0,69,11.5,4.27,Gagnoa,6.13,-5.95
2020-01-14,27.7,0.0,68,10.6,4.47,Gagnoa,6.13,-5.95
2020-01-15,27.6,0.0,68,13.0,4.35,Gagnoa,6.13,-5.95
2020-01-16,27.6,0.0,62,14.7,4.96,Gagnoa,6.13,-5.95
2020-01-17,27.8,0.3,68,13.1,4.26,Gagnoa,6.13,-5.95
2020-01-18,28.4,0.1,67,10.0,4.15,Gagnoa,6.13,-5.95
2020-01-19,28.2,0.0,69,12.3,4.4,Gagnoa,6.13,-5.95
2020-01-20,27.1,0.4,77,10.1,3.8,Gagnoa,6.13,-5.95
2020-01-21,25.8,5.1,88,7.4,2.64,Gagnoa,6.13,-5.95
2020-01-22,26.1,3.7,89,6.8,3.04,Gagnoa,6.13,-5.95
2020-01-23,27.3,0.0,75,13.4,4.39,Gagnoa,6.13,-5.95
2020-01-24,27.0,0.0,71,11.0,4.55,Gagnoa,6.13,-5.95
2020-01-25,27.2,0.0,73,13.5,4.58,Gagnoa,6.13,-5.95
2020-01-26,27.7,0.0,75,14.2,4.17,Gagnoa,6.13,-5.95
2020-01-27,28.3,0.0,73,11.4,4.17,Gagnoa,6.13,-5.95
2020-01-28,28.3,0.1,71,14.5,4.41,Gagnoa,6.13,-5.95
2020-01-29,27.9,0.0,71,9.7,4.09,Gagnoa,6.13,-5.95
2020-01-30,28.3,0.0,71,13.5,4.49,Gagnoa,6.13,-5.95
2020-01-31,28.4,0.0,70,11.6,4.55,Gagnoa,6.13,-5.95
2020-02-01,28.2,0.0,69,11.9,4.73,Gagnoa,6.13,-5.95
2020-02-02,27.7,0.0,69,11.4,4.52,Gagnoa,6.13,-5.95
2020-02-03,27.8,0.0,60,11.7,5.17,Gagnoa,6.13,-5.95
2020-02-04,27.5,0.1,63,11.1,4.79,Gagnoa,6.13,-5.95
2020-02-05,27.8,0.0,64,11.4,4.9,Gagnoa,6.13,-5.95
2020-02-06,27.8,0.0,68,13.8,4.61,Gagnoa,6.13,-5.95
2020-02-07,28.1,0.0,62,14.5,5.1,Gagnoa,6.13,-5.95
2020-02-08,27.9,0.0,60,13.4,5.39,Gagnoa,6.13,-5.95
2020-02-09,28.6,0.1,67,14.8,4.79,Gagnoa,6.13,-5.95
2020-02-10,27.3,2.2,77,14.0,3.37,Gagnoa,6.13,-5.95
2020-02-11,26.4,6.8,80,13.1,2.42,Gagnoa,6.13,-5.95
2020-02-12,27.9,0.0,48,12.7,5.52,Gagnoa,6.13,-5.95
2020-02-13,27.4,0.0,64,12.6,5.29,Gagnoa,6.13,-5.95
2020-02-14,28.5,0.0,61,13.3,5.45,Gagnoa,6.13,-5.95
2020-02-15,28.3,0.0,64,14.4,5.12,Gagnoa,6.13,-5.95
2020-02-16,29.2,0.0,63,12.3,5.42,Gagnoa,6.13,-5.95
2020-02-17,29.4,0.1,67,15.9,5.03,Gagnoa,6.13,-5.95
2020-02-18,28.1,2.1,77,11.1,4.34,Gagnoa,6.13,-5.95
2020-02-19,28.4,0.4,74,10.5,4.25,Gagnoa,6.13,-5.95
2020-02-20,27.5,4.3,81,11.4,3.41,Gagnoa,6.13,-5.95
2020-02-21,27.2,4.3,79,10.1,3.85,Gagnoa,6.13,-5.95
2020-02-22,26.6,16.9,87,12.5,3.21,Gagnoa,6.13,-5.95
2020-02-23,28.6,0.7,74,12.8,4.27,Gagnoa,6.13,-5.95
2020-02-24,29.1,0.1,71,13.5,4.37,Gagnoa,6.13,-5.95
2020-02-25,28.6,0.4,72,11.0,4.34,Gagnoa,6.13,-5.95
2020-02-26,29.6,0.0,64,13.5,5.15,Gagnoa,6.13,-5.95
2020-02-27,29.7,0.3,68,13.0,4.71,Gagnoa,6.13,-5.95
2020-02-28,27.8,2.5,80,12.2,3.7,Gagnoa,6.13,-5.95
2020-02-29,29.0,0.0,71,12.2,3.97,Gagnoa,6.13,-5.95
2020-03-01,29.6,0.0,70,13.3,5.09,Gagnoa,6.13,-5.95
2020-03-02,28.3,1.3,75,14.3,4.28,Gagnoa,6.13,-5.95
2020-03-03,27.4,1.9,82,12.3,3.56,Gagnoa,6.13,-5.95
2020-03-04,26.7,2.4,87,9.1,3.08,Gagnoa,6.13,-5.95
2020-03-05,27.1,2.6,86,11.2,3.06,Gagnoa,6.13,-5.95
2020-03-06,26.3,5.2,86,13.8,3.2,Gagnoa,6.13,-5.95
2020-03-07,26.9,1.3,83,11.9,3.6,Gagnoa,6.13,-5.95
2020-03-08,26.8,5.7,86,11.8,3.23,Gagnoa,6.13,-5.95
2020-03-09,26.8,10.1,87,14.7,3.4,Gagnoa,6.13,-5.95
2020-03-10,26.0,3.4,88,11.0,2.34,Gagnoa,6.13,-5.95
2020-03-11,27.2,2.8,84,10.4,3.93,Gagnoa,6.13,-5.95
2020-03-12,27.3,4.0,85,10.8,3.79,Gagnoa,6.13,-5.95
2020-03-13,27.4,0.7,81,13.5,3.67,Gagnoa,6.13,-5.95
2020-03-14,27.6,0.2,79,15.0,3.33,Gagnoa,6.13,-5.95
2020-03-15,26.4,0.1,83,12.5,2.66,Gagnoa,6.13,-5.95
2020-03-16,27.2,1.3,79,9.7,4.19,Gagnoa,6.13,-5.95
2020-03-17,28.0,0.4,77,11.1,3.99,Gagnoa,6.13,-5.95
2020-03-18,27.1,4.7,84,13.6,3.86,Gagnoa,6.13,-5.95
2020-03-19,26.8,3.2,84,12.9,3.71,Gagnoa,6.13,-5.95
2020-03-20,28.4,0.0,75,10.5,4.51,Gagnoa,6.13,-5.95
2020-03-21,27.8,0.8,78,11.9,4.13,Gagnoa,6.13,-5.95
2020-03-22,26.6,7.9,87,9.2,3.44,Gagnoa,6.13,-5.95
2020-03-23,24.8,11.9,92,14.4,2.7,Gagnoa,6.13,-5.95
2020-03-24,24.9,0.9,88,14.8,2.49,Gagnoa,6.13,-5.95
2020-03-25,26.0,3.5,83,11.8,3.24,Gagnoa,6.13,-5.95
2020-03-26,26.6,14.2,81,11.9,4.17,Gagnoa,6.13,-5.95
2020-03-27,25.7,10.9,87,9.2,3.18,Gagnoa,6.13,-5.95
2020-03-28,26.8,0.5,84,7.7,4.27,Gagnoa,6.13,-5.95
2020-03-29,26.6,11.1,87,8.0,4.16,Gagnoa,6.13,-5.95
2020-03-30,26.3,5.7,89,10.5,3.93,Gagnoa,6.13,-5.95
2020-03-31,27.4,1.2,83,11.7,3.53,Gagnoa,6.13,-5.95
2020-04-01,26.8,16.0,87,10.2,3.55,Gagnoa,6.13,-5.95
2020-04-02,26.1,0.7,87,11.0,3.03,Gagnoa,6.13,-5.95
2020-04-03,26.9,0.4,84,11.5,4.04,Gagnoa,6.13,-5.95
2020-04-04,27.3,0.0,80,10.6,3.67,Gagnoa,6.13,-5.95
2020-04-05,28.5,0.2,76,10.2,4.81,Gagnoa,6.13,-5.95
2020-04-06,26.7,9.3,87,13.2,2.95,Gagnoa,6.13,-5.95
2020-04-07,26.4,10.0,88,11.5,3.78,Gagnoa,6.13,-5.95
2020-04-08,26.6,7.0,86,11.4,3.9,Gagnoa,6.13,-5.95
2020-04-09,25.9,4.9,89,8.7,3.63,Gagnoa,6.13,-5.95
2020-04-10,25.8,5.1,90,7.9,3.73,Gagnoa,6.13,-5.95
2020-04-11,25.7,0.5,86,9.3,3.27,Gagnoa,6.13,-5.95
2020-04-12,26.2,0.5,84,10.0,3.43,Gagnoa,6.13,-5.95
2020-04-13,27.4,0.1,78,10.1,4.53,Gagnoa,6.13,-5.95
2020-04-14,26.6,6.1,86,10.8,4.28,Gagnoa,6.13,-5.95
2020-04-15,26.3,5.7,88,9.7,3.45,Gagnoa,6.13,-5.95
2020-04-16,27.0,0.3,83,11.1,4.32,Gagnoa,6.13,-5.95
2020-04-17,27.2,0.0,80,13.2,3.8,Gagnoa,6.13,-5.95
2020-04-18,26.5,3.8,84,15.8,4.01,Gagnoa,6.13,-5.95
2020-04-19,27.0,0.9,82,12.7,4.03,Gagnoa,6.13,-5.95
2020-04-20,26.6,3.4,84,11.5,4.17,Gagnoa,6.13,-5.95
2020-04-21,26.6,0.0,82,10.3,3.81,Gagnoa,6.13,-5.95
2020-04-22,27.0,1.1,82,11.6,4.26,Gagnoa,6.13,-5.95
2020-04-23,26.4,2.8,86,11.0,4.04,Gagnoa,6.13,-5.95
2020-04-24,25.8,7.3,88,11.9,3.22,Gagnoa,6.13,-5.95
2020-04-25,27.1,0.0,78,8.8,4.65,Gagnoa,6.13,-5.95
2020-04-26,26.2,37.9,85,11.6,3.88,Gagnoa,6.13,-5.95
2020-04-27,24.9,2.3,88,11.7,1.99,Gagnoa,6.13,-5.95
2020-04-28,26.5,0.2,77,12.7,5.08,Gagnoa,6.13,-5.95
2020-04-29,27.1,1.0,81,10.4,4.34,Gagnoa,6.13,-5.95
2020-04-30,26.9,3.8,85,13.7,4.12,Gagnoa,6.13,-5.95
2020-05-01,27.5,0.0,77,11.9,3.97,Gagnoa,6.13,-5.95
2020-05-02,28.1,0.0,75,10.8,5.05,Gagnoa,6.13,-5.95
2020-05-03,26.7,4.4,85,15.3,3.37,Gagnoa,6.13,-5.95
2020-05-04,26.4,4.1,80,10.1,3.39,Gagnoa,6.13,-5.95
2020-05-05,27.0,0.6,83,13.9,4.51,Gagnoa,6.13,-5.95
2020-05-06,26.5,2.5,87,11.5,3.57,Gagnoa,6.13,-5.95
2020-05-07,27.2,0.8,83,10.7,3.8,Gagnoa,6.13,-5.95
2020-05-08,27.2,1.1,81,12.0,4.42,Gagnoa,6.13,-5.95
2020-05-09,27.1,0.4,79,10.5,3.63,Gagnoa,6.13,-5.95
2020-05-10,27.5,0.2,74,12.3,4.21,Gagnoa,6.13,-5.95
2020-05-11,24.9,11.8,95,9.7,1.35,Gagnoa,6.13,-5.95
2020-05-12,26.5,0.9,79,11.0,3.6,Gagnoa,6.13,-5.95
2020-05-13,27.3,1.1,77,9.2,4.49,Gagnoa,6.13,-5.95
2020-05-14,27.6,0.2,76,9.6,4.8,Gagnoa,6.13,-5.95
2020-05-15,26.9,3.2,83,9.7,4.0,Gagnoa,6.13,-5.95
2020-05-16,26.7,5.6,82,12.4,3.66,Gagnoa,6.13,-5.95
2020-05-17,26.2,6.1,86,12.3,3.64,Gagnoa,6.13,-5.95
2020-05-18,24.9,10.6,91,12.5,2.22,Gagnoa,6.13,-5.95
2020-05-19,27.1,0.2,77,10.1,4.91,Gagnoa,6.13,-5.95
2020-05-20,26.2,5.9,88,12.9,3.34,Gagnoa,6.13,-5.95
2020-05-21,26.8,0.8,82,9.1,4.18,Gagnoa,6.13,-5.95
2020-05-22,26.5,0.7,81,15.0,3.97,Gagnoa,6.13,-5.95
2020-05-23,26.5,0.5,80,12.2,4.08,Gagnoa,6.13,-5.95
2020-05-24,26.8,1.1,82,12.4,4.01,Gagnoa,6.13,-5.95
2020-05-25,25.7,22.5,89,9.3,3.22,Gagnoa,6.13,-5.95
2020-05-26,24.0,9.7,96,9.7,2.37,Gagnoa,6.13,-5.95
2020-05-27,25.2,11.6,88,7.6,3.04,Gagnoa,6.13,-5.95
2020-05-28,25.2,3.5,91,9.4,3.16,Gagnoa,6.13,-5.95
2020-05-29,25.5,2.9,86,10.6,3.19,Gagnoa,6.13,-5.95
2020-05-30,25.9,0.8,83,8.0,3.55,Gagnoa,6.13,-5.95
2020-05-31,25.6,0.8,86,9.9,3.43,Gagnoa,6.13,-5.95
2020-06-01,25.6,3.2,88,9.8,3.49,Gagnoa,6.13,-5.95
2020-06-02,25.5,2.2,86,8.2,2.64,Gagnoa,6.13,-5.95
2020-06-03,25.6,4.2,87,10.2,3.27,Gagnoa,6.13,-5.95
2020-06-04,26.0,1.2,85,10.8,3.75,Gagnoa,6.13,-5.95
2020-06-05,26.6,0.4,84,12.3,3.41,Gagnoa,6.13,-5.95
2020-06-06,25.0,2.8,90,10.2,2.99,Gagnoa,6.13,-5.95
2020-06-07,25.6,3.3,86,8.8,3.64,Gagnoa,6.13,-5.95
2020-06-08,25.5,5.1,87,7.4,3.55,Gagnoa,6.13,-5.95
2020-06-09,25.1,5.7,89,8.7,3.07,Gagnoa,6.13,-5.95
2020-06-10,23.6,16.8,95,11.8,1.82,Gagnoa,6.13,-5.95
2020-06-11,24.0,20.8,91,8.8,2.0,Gagnoa,6.13,-5.95
2020-06-12,24.7,2.5,87,12.3,3.58,Gagnoa,6.13,-5.95
2020-06-13,24.0,13.0,91,11.6,2.82,Gagnoa,6.13,-5.95
2020-06-14,23.9,10.2,91,9.7,2.61,Gagnoa,6.13,-5.95
2020-06-15,24.9,3.1,89,8.5,3.28,Gagnoa,6.13,-5.95
2020-06-16,25.8,0.7,84,10.4,3.26,Gagnoa,6.13,-5.95
2020-06-17,24.9,4.5,88,13.8,2.76,Gagnoa,6.13,-5.95
2020-06-18,24.1,7.0,92,12.2,2.33,Gagnoa,6.13,-5.95
2020-06-19,24.5,1.7,88,10.5,1.99,Gagnoa,6.13,-5.95
2020-06-20,25.0,3.4,89,8.1,3.56,Gagnoa,6.13,-5.95
2020-06-21,25.2,2.9,88,8.8,3.12,Gagnoa,6.13,-5.95
2020-06-22,24.3,3.7,88,11.0,3.14,Gagnoa,6.13,-5.95
2020-06-23,24.1,13.3,90,9.4,3.34,Gagnoa,6.13,-5.95
2020-06-24,24.1,5.2,90,9.0,3.18,Gagnoa,6.13,-5.95
2020-06-25,24.5,3.9,90,12.8,3.16,Gagnoa,6.13,-5.95
2020-06-26,24.4,3.2,88,9.6,2.98,Gagnoa,6.13,-5.95
2020-06-27,24.2,2.4,86,10.7,2.71,Gagnoa,6.13,-5.95
2020-06-28,24.2,0.8,82,10.2,3.05,Gagnoa,6.13,-5.95
2020-06-29,24.5,2.1,83,14.0,3.3,Gagnoa,6.13,-5.95
2020-06-30,24.0,4.1,89,9.5,2.79,Gagnoa,6.13,-5.95
2020-07-01,24.2,0.0,86,7.9,1.62,Gagnoa,6.13,-5.95
2020-07-02,24.7,2.2,86,9.8,3.07,Gagnoa,6.13,-5.95
2020-07-03,24.1,2.7,89,11.8,3.13,Gagnoa,6.13,-5.95
2020-07-04,24.3,5.5,87,14.0,3.33,Gagnoa,6.13,-5.95
2020-07-05,24.0,3.9,85,12.3,2.98,Gagnoa,6.13,-5.95
2020-07-06,24.9,0.0,79,10.5,3.7,Gagnoa,6.13,-5.95
2020-07-07,24.6,1.1,84,13.1,2.93,Gagnoa,6.13,-5.95
2020-07-08,24.5,3.3,86,13.6,3.06,Gagnoa,6.13,-5.95
2020-07-09,23.8,3.7,89,12.2,2.64,Gagnoa,6.13,-5.95
2020-07-10,23.5,6.9,90,13.3,2.53,Gagnoa,6.13,-5.95
2020-07-11,23.1,4.8,89,11.0,2.08,Gagnoa,6.13,-5.95
2020-07-12,23.9,0.1,84,10.0,2.53,Gagnoa,6.13,-5.95
2020-07-13,23.9,4.1,88,10.4,3.29,Gagnoa,6.13,-5.95
2020-07-14,24.4,2.2,86,14.1,3.58,Gagnoa,6.13,-5.95
2020-07-15,24.3,0.1,79,12.4,3.39,Gagnoa,6.13,-5.95
2020-07-16,23.8,0.0,79,13.2,2.65,Gagnoa,6.13,-5.95
2020-07-17,24.3,1.0,82,10.6,2.9,Gagnoa,6.13,-5.95
2020-07-18,24.2,1.3,86,11.6,2.48,Gagnoa,6.13,-5.95
2020-07-19,24.8,5.8,86,9.7,3.67,Gagnoa,6.13,-5.95
2020-07-20,24.4,6.9,89,12.8,3.44,Gagnoa,6.13,-5.95
2020-07-21,24.5,6.1,89,9.7,3.26,Gagnoa,6.13,-5.95
2020-07-22,24.4,5.3,88,10.4,3.06,Gagnoa,6.13,-5.95
2020-07-23,23.7,4.5,91,9.2,2.3,Gagnoa,6.13,-5.95
2020-07-24,24.6,4.9,85,13.0,3.39,Gagnoa,6.13,-5.95
2020-07-25,24.3,2.3,83,12.3,3.75,Gagnoa,6.13,-5.95
2020-07-26,24.2,0.0,76,14.9,3.55,Gagnoa,6.13,-5.95
2020-07-27,23.5,1.3,82,12.7,2.75,Gagnoa,6.13,-5.95
2020-07-28,23.8,2.1,84,12.7,2.59,Gagnoa,6.13,-5.95
2020-07-29,24.2,3.8,86,11.5,3.61,Gagnoa,6.13,-5.95
2020-07-30,24.0,2.7,86,8.8,3.36,Gagnoa,6.13,-5.95
2020-07-31,24.3,4.2,87,11.2,3.51,Gagnoa,6.13,-5.95
2020-08-01,22.8,7.0,96,12.9,1.41,Gagnoa,6.13,-5.95
2020-08-02,24.3,1.3,81,14.6,3.89,Gagnoa,6.13,-5.95
2020-08-03,24.1,0.0,77,12.2,4.33,Gagnoa,6.13,-5.95
2020-08-04,23.6,0.0,75,12.8,4.49,Gagnoa,6.13,-5.95
2020-08-05,23.0,0.0,74,13.3,4.64,Gagnoa,6.13,-5.95
2020-08-06,23.2,0.1,76,15.0,3.73,Gagnoa,6.13,-5.95
2020-08-07,23.1,0.1,79,14.8,2.63,Gagnoa,6.13,-5.95
2020-08-08,23.3,4.2,86,13.5,2.7,Gagnoa,6.13,-5.95
2020-08-09,23.7,1.0,81,10.6,3.26,Gagnoa,6.13,-5.95
2020-08-10,23.9,0.8,81,13.0,3.65,Gagnoa,6.13,-5.95
2020-08-11,24.2,2.5,79,15.6,3.7,Gagnoa,6.13,-5.95
2020-08-12,23.7,0.5,78,10.1,2.61,Gagnoa,6.13,-5.95
2020-08-13,24.2,0.0,75,10.2,4.09,Gagnoa,6.13,-5.95
2020-08-14,24.4,0.0,79,12.5,3.89,Gagnoa,6.13,-5.95
2020-08-15,23.5,7.6,87,13.0,1.77,Gagnoa,6.13,-5.95
2020-08-16,24.6,0.1,75,11.3,4.22,Gagnoa,6.13,-5.95
2020-08-17,24.3,0.4,80,11.8,3.01,Gagnoa,6.13,-5.95
2020-08-18,24.3,1.3,81,11.5,3.66,Gagnoa,6.13,-5.95
2020-08-19,25.1,1.3,78,12.9,4.4,Gagnoa,6.13,-5.95
2020-08-20,24.8,1.7,82,12.2,3.59,Gagnoa,6.13,-5.95
2020-08-21,24.7,1.9,82,13.5,2.9,Gagnoa,6.13,-5.95
2020-08-22,24.0,5.6,89,12.2,2.42,Gagnoa,6.13,-5.95
2020-08-23,24.6,1.1,82,13.7,3.56,Gagnoa,6.13,-5.95
2020-08-24,24.9,1.3,78,12.2,4.09,Gagnoa,6.13,-5.95
2020-08-25,24.4,0.6,81,14.1,2.74,Gagnoa,6.13,-5.95
2020-08-26,24.5,1.0,82,10.8,3.51,Gagnoa,6.13,-5.95
2020-08-27,24.4,2.0,84,10.5,3.73,Gagnoa,6.13,-5.95
2020-08-28,23.5,10.3,93,10.9,2.27,Gagnoa,6.13,-5.95
2020-08-29,23.9,8.8,90,14.5,3.25,Gagnoa,6.13,-5.95
2020-08-30,23.5,5.9,89,12.6,3.03,Gagnoa,6.13,-5.95
2020-08-31,23.5,5.9,87,11.9,2.63,Gagnoa,6.13,-5.95
2020-09-01,23.7,1.3,84,12.0,2.7,Gagnoa,6.13,-5.95
2020-09-02,24.3,0.9,84,9.9,2.58,Gagnoa,6.13,-5.95
2020-09-03,23.7,9.1,93,10.2,2.42,Gagnoa,6.13,-5.95
2020-09-04,23.9,12.2,90,13.6,3.25,Gagnoa,6.13,-5.95
2020-09-05,23.8,9.4,90,10.5,3.38,Gagnoa,6.13,-5.95
2020-09-06,23.3,4.8,93,10.3,2.26,Gagnoa,6.13,-5.95
2020-09-07,24.7,2.1,87,10.0,3.69,Gagnoa,6.13,-5.95
2020-09-08,23.1,20.7,97,12.8,1.11,Gagnoa,6.13,-5.95
2020-09-09,24.2,2.6,86,14.0,3.33,Gagnoa,6.13,-5.95
2020-09-10,23.9,8.4,89,11.9,2.93,Gagnoa,6.13,-5.95
2020-09-11,23.9,20.0,92,9.4,3.26,Gagnoa,6.13,-5.95
2020-09-12,24.8,1.4,87,11.0,3.87,Gagnoa,6.13,-5.95
2020-09-13,23.6,10.0,94,9.7,2.52,Gagnoa,6.13,-5.95
2020-09-14,24.1,9.3,92,8.6,2.8,Gagnoa,6.13,-5.95
2020-09-15,24.9,2.9,85,10.0,3.96,Gagnoa,6.13,-5.95
2020-09-16,24.4,18.4,88,11.7,3.31,Gagnoa,6.13,-5.95
2020-09-17,24.3,4.0,86,14.2,3.68,Gagnoa,6.13,-5.95
2020-09-18,24.9,1.0,81,11.7,3.67,Gagnoa,6.13,-5.95
2020-09-19,24.6,7.2,87,8.1,3.78,Gagnoa,6.13,-5.95
2020-09-20,23.7,11.6,93,8.7,2.74,Gagnoa,6.13,-5.95
2020-09-21,23.6,6.9,93,10.7,2.59,Gagnoa,6.13,-5.95
2020-09-22,24.4,1.8,87,10.4,3.65,Gagnoa,6.13,-5.95
2020-09-23,25.0,3.2,86,13.7,3.97,Gagnoa,6.13,-5.95
2020-09-24,24.7,2.8,89,8.7,3.49,Gagnoa,6.13,-5.95
2020-09-25,24.0,11.8,93,9.4,2.73,Gagnoa,6.13,-5.95
2020-09-26,23.9,4.7,89,10.8,3.28,Gagnoa,6.13,-5.95
2020-09-27,24.5,3.0,87,11.9,3.83,Gagnoa,6.13,-5.95
2020-09-28,24.6,4.1,88,8.3,3.09,Gagnoa,6.13,-5.95
2020-09-29,24.3,3.2,91,8.8,3.05,Gagnoa,6.13,-5.95
2020-09-30,24.4,7.5,90,13.3,3.46,Gagnoa,6.13,-5.95
2020-10-01,23.9,6.9,91,13.2,2.45,Gagnoa,6.13,-5.95
2020-10-02,24.3,3.7,90,12.6,3.22,Gagnoa,6.13,-5.95
2020-10-03,24.5,1.9,87,10.1,3.69,Gagnoa,6.13,-5.95
2020-10-04,25.2,1.4,81,10.5,3.75,Gagnoa,6.13,-5.95
2020-10-05,24.5,5.8,89,9.1,3.27,Gagnoa,6.13,-5.95
2020-10-06,24.8,5.2,90,12.6,3.74,Gagnoa,6.13,-5.95
2020-10-07,24.2,5.2,92,9.2,2.65,Gagnoa,6.13,-5.95
2020-10-08,24.4,9.0,91,9.2,3.14,Gagnoa,6.13,-5.95
2020-10-09,24.7,2.0,87,11.5,3.81,Gagnoa,6.13,-5.95
2020-10-10,24.8,4.6,86,10.7,3.75,Gagnoa,6.13,-5.95
2020-10-11,23.8,8.3,91,12.6,2.99,Gagnoa,6.13,-5.95
2020-10-12,23.9,7.5,91,9.6,3.01,Gagnoa,6.13,-5.95
2020-10-13,24.4,0.9,87,8.7,3.76,Gagnoa,6.13,-5.95
2020-10-14,24.8,1.3,87,8.5,3.67,Gagnoa,6.13,-5.95
2020-10-15,23.8,7.2,93,10.2,2.33,Gagnoa,6.13,-5.95
2020-10-16,24.6,5.7,90,7.6,3.65,Gagnoa,6.13,-5.95
2020-10-17,24.8,3.2,88,11.3,3.64,Gagnoa,6.13,-5.95
2020-10-18,24.0,4.4,93,7.2,2.69,Gagnoa,6.13,-5.95
2020-10-19,24.5,3.9,89,10.2,3.13,Gagnoa,6.13,-5.95
2020-10-20,24.5,11.0,91,10.5,3.61,Gagnoa,6.13,-5.95
2020-10-21,24.3,13.6,92,7.6,3.22,Gagnoa,6.13,-5.95
2020-10-22,24.9,1.3,89,9.1,3.66,Gagnoa,6.13,-5.95
2020-10-23,24.8,3.3,91,9.7,2.92,Gagnoa,6.13,-5.95
2020-10-24,25.3,1.2,87,9.6,3.92,Gagnoa,6.13,-5.95
2020-10-25,25.4,1.1,89,11.2,3.49,Gagnoa,6.13,-5.95
2020-10-26,24.8,6.2,91,8.6,2.89,Gagnoa,6.13,-5.95
2020-10-27,24.9,2.4,90,8.7,3.14,Gagnoa,6.13,-5.95
2020-10-28,24.7,1.4,91,9.1,3.33,Gagnoa,6.13,-5.95
2020-10-29,25.4,0.0,85,9.7,3.71,Gagnoa,6.13,-5.95
2020-10-30,25.1,2.4,88,10.9,3.21,Gagnoa,6.13,-5.95
2020-10-31,24.8,7.8,91,11.9,3.09,Gagnoa,6.13,-5.95
2020-11-01,24.8,1.4,90,8.3,3.16,Gagnoa,6.13,-5.95
2020-11-02,24.8,3.5,91,7.7,2.98,Gagnoa,6.13,-5.95
2020-11-03,25.8,0.3,84,9.4,4.12,Gagnoa,6.13,-5.95
2020-11-04,25.6,1.8,87,8.1,3.27,Gagnoa,6.13,-5.95
2020-11-05,25.4,5.1,90,8.2,3.45,Gagnoa,6.13,-5.95
2020-11-06,24.6,6.4,93,8.9,2.73,Gagnoa,6.13,-5.95
2020-11-07,25.3,0.2,87,9.0,3.17,Gagnoa,6.13,-5.95
2020-11-08,25.1,0.6,87,8.4,3.21,Gagnoa,6.13,-5.95
2020-11-09,24.9,5.2,90,7.8,3.11,Gagnoa,6.13,-5.95
2020-11-10,24.5,4.5,91,8.9,3.09,Gagnoa,6.13,-5.95
2020-11-11,24.4,8.2,92,8.8,2.68,Gagnoa,6.13,-5.95
2020-11-12,24.7,1.3,91,8.7,3.22,Gagnoa,6.13,-5.95
2020-11-13,25.2,0.8,87,9.2,3.49,Gagnoa,6.13,-5.95
2020-11-14,25.4,0.4,86,10.2,3.53,Gagnoa,6.13,-5.95
2020-11-15,25.5,0.1,85,9.8,3.69,Gagnoa,6.13,-5.95
2020-11-16,25.3,1.0,88,11.0,3.27,Gagnoa,6.13,-5.95
2020-11-17,24.5,1.1,90,8.5,2.32,Gagnoa,6.13,-5.95
2020-11-18,24.9,0.4,89,9.4,2.99,Gagnoa,6.13,-5.95
2020-11-19,24.9,6.6,90,10.1,3.44,Gagnoa,6.13,-5.95
2020-11-20,24.3,3.3,92,8.0,2.91,Gagnoa,6.13,-5.95
2020-11-21,24.2,7.3,93,9.5,2.64,Gagnoa,6.13,-5.95
2020-11-22,24.8,1.3,89,11.9,2.93,Gagnoa,6.13,-5.95
2020-11-23,25.1,1.5,89,10.1,2.97,Gagnoa,6.13,-5.95
2020-11-24,24.8,4.7,91,8.4,2.75,Gagnoa,6.13,-5.95
2020-11-25,25.1,0.9,90,9.7,3.03,Gagnoa,6.13,-5.95
2020-11-26,24.9,1.3,88,10.0,2.37,Gagnoa,6.13,-5.95
2020-11-27,24.8,0.2,85,11.7,3.33,Gagnoa,6.13,-5.95
2020-11-28,24.5,3.3,90,9.4,3.06,Gagnoa,6.13,-5.95
2020-11-29,24.9,1.3,88,9.2,3.1,Gagnoa,6.13,-5.95
2020-11-30,24.8,1.0,88,9.7,2.79,Gagnoa,6.13,-5.95
2020-12-01,25.1,1.2,88,9.2,3.22,Gagnoa,6.13,-5.95
2020-12-02,24.9,0.8,89,11.5,2.9,Gagnoa,6.13,-5.95
2020-12-03,25.4,0.4,84,11.1,3.16,Gagnoa,6.13,-5.95
2020-12-04,25.4,0.4,86,12.0,3.1,Gagnoa,6.13,-5.95
2020-12-05,25.4,0.9,85,11.0,3.17,Gagnoa,6.13,-5.95
2020-12-06,24.9,0.8,88,10.7,2.87,Gagnoa,6.13,-5.95
2020-12-07,24.9,0.5,86,10.9,2.95,Gagnoa,6.13,-5.95
2020-12-08,25.0,0.6,89,10.3,2.58,Gagnoa,6.13,-5.95
2020-12-09,25.1,4.9,89,11.5,3.09,Gagnoa,6.13,-5.95
2020-12-10,24.9,1.6,90,9.8,2.65,Gagnoa,6.13,-5.95
2020-12-11,25.2,0.5,86,10.9,2.8,Gagnoa,6.13,-5.95
2020-12-12,25.3,0.3,87,11.7,2.98,Gagnoa,6.13,-5.95
2020-12-13,25.5,2.6,89,10.7,2.97,Gagnoa,6.13,-5.95
2020-12-14,25.2,2.0,91,9.1,2.76,Gagnoa,6.13,-5.95
2020-12-15,24.8,1.9,90,8.2,2.83,Gagnoa,6.13,-5.95
2020-12-16,24.9,2.9,90,11.7,2.59,Gagnoa,6.13,-5.95
2020-12-17,24.9,1.1,90,9.5,2.52,Gagnoa,6.13,-5.95
2020-12-18,24.6,0.5,88,11.0,2.64,Gagnoa,6.13,-5.95
2020-12-19,25.1,0.9,85,8.7,3.41,Gagnoa,6.13,-5.95
2020-12-20,25.1,2.2,87,9.3,2.66,Gagnoa,6.13,-5.95
2020-12-21,25.3,0.3,88,9.0,3.09,Gagnoa,6.13,-5.95
2020-12-22,26.0,0.6,84,11.3,3.54,Gagnoa,6.13,-5.95
2020-12-23,25.3,1.0,88,10.0,2.92,Gagnoa,6.13,-5.95
2020-12-24,25.0,2.3,90,11.4,2.72,Gagnoa,6.13,-5.95
2020-12-25,25.1,0.9,90,8.1,2.56,Gagnoa,6.13,-5.95
2020-12-26,25.9,0.2,85,10.8,3.16,Gagnoa,6.13,-5.95
2020-12-27,26.5,0.0,81,9.7,3.76,Gagnoa,6.13,-5.95
2020-12-28,26.1,0.4,80,11.1,3.32,Gagnoa,6.13,-5.95
2020-12-29,26.5,0.1,77,7.8,3.99,Gagnoa,6.13,-5.95
2020-12-30,26.3,0.0,79,10.2,3.96,Gagnoa,6.13,-5.95
2020-12-31,26.7,0.0,79,11.3,3.92,Gagnoa,6.13,-5.95
2021-01-01,26.9,0.0,77,10.6,3.81,Gagnoa,6.13,-5.95
2021-01-02,26.8,0.0,79,11.9,3.75,Gagnoa,6.13,-5.95
2021-01-03,26.1,0.8,84,9.0,3.13,Gagnoa,6.13,-5.95
2021-01-04,25.8,1.3,86,8.8,2.82,Gagnoa,6.13,-5.95
2021-01-05,25.2,0.8,88,10.7,2.43,Gagnoa,6.13,-5.95
2021-01-06,25.3,1.6,87,11.6,2.36,Gagnoa,6.13,-5.95
2021-01-07,26.1,0.4,81,10.7,3.05,Gagnoa,6.13,-5.95
2021-01-08,26.0,0.1,83,10.3,3.05,Gagnoa,6.13,-5.95
2021-01-09,26.6,0.3,81,10.6,3.54,Gagnoa,6.13,-5.95
2021-01-10,26.1,0.6,83,12.5,3.09,Gagnoa,6.13,-5.95
2021-01-11,25.4,5.7,90,11.6,2.67,Gagnoa,6.13,-5.95
2021-01-12,25.8,0.6,84,12.3,3.34,Gagnoa,6.13,-5.95
2021-01-13,25.3,1.8,87,9.8,2.79,Gagnoa,6.13,-5.95
2021-01-14,25.7,0.2,82,9.5,3.28,Gagnoa,6.13,-5.95
2021-01-15,26.1,0.0,80,10.2,3.58,Gagnoa,6.13,-5.95
2021-01-16,25.7,1.2,84,10.9,3.17,Gagnoa,6.13,-5.95
2021-01-17,26.7,0.3,75,10.4,4.09,Gagnoa,6.13,-5.95
2021-01-18,25.3,5.7,89,9.7,3.13,Gagnoa,6.13,-5.95
2021-01-19,25.8,0.5,85,10.0,3.03,Gagnoa,6.13,-5.95
2021-01-20,25.4,1.3,88,9.2,3.04,Gagnoa,6.13,-5.95
2021-01-21,25.8,0.6,82,10.8,3.76,Gagnoa,6.13,-5.95
2021-01-22,26.0,0.0,79,11.0,3.92,Gagnoa,6.13,-5.95
2021-01-23,26.6,0.0,77,10.6,4.04,Gagnoa,6.13,-5.95
2021-01-24,26.6,0.0,75,11.3,4.25,Gagnoa,6.13,-5.95
2021-01-25,27.0,0.2,75,10.3,4.22,Gagnoa,6.13,-5.95
2021-01-26,26.8,0.0,75,11.5,4.15,Gagnoa,6.13,-5.95
2021-01-27,26.4,0.4,81,11.3,3.44,Gagnoa,6.13,-5.95
2021-01-28,26.2,0.9,83,9.4,3.45,Gagnoa,6.13,-5.95
2021-01-29,25.9,13.9,88,10.3,3.28,Gagnoa,6.13,-5.95
2021-01-30,25.6,3.3,90,10.5,3.21,Gagnoa,6.13,-5.95
2021-01-31,26.2,9.5,86,10.5,3.51,Gagnoa,6.13,-5.95
2021-02-01,27.1,0.0,78,12.0,4.14,Gagnoa,6.13,-5.95
2021-02-02,27.3,0.7,78,11.7,4.06,Gagnoa,6.13,-5.95
2021-02-03,26.0,1.5,85,12.1,2.93,Gagnoa,6.13,-5.95
2021-02-04,27.1,0.0,79,12.3,3.74,Gagnoa,6.13,-5.95
2021-02-05,26.9,1.4,82,12.6,3.36,Gagnoa,6.13,-5.95
2021-02-06,26.9,0.9,81,10.2,3.28,Gagnoa,6.13,-5.95
2021-02-07,27.3,3.8,81,12.3,3.78,Gagnoa,6.13,-5.95
2021-02-08,25.9,4.5,86,13.0,2.87,Gagnoa,6.13,-5.95
2021-02-09,27.5,0.0,74,14.6,4.6,Gagnoa,6.13,-5.95
2021-02-10,27.5,0.7,77,12.6,4.23,Gagnoa,6.13,-5.95
2021-02-11,27.9,0.2,74,13.1,4.29,Gagnoa,6.13,-5.95
2021-02-12,28.3,0.0,72,13.0,4.51,Gagnoa,6.13,-5.95
2021-02-13,28.0,0.3,77,13.7,4.09,Gagnoa,6.13,-5.95
2021-02-14,26.7,12.3,85,14.5,3.74,Gagnoa,6.13,-5.95
2021-02-15,25.7,7.9,91,11.7,2.96,Gagnoa,6.13,-5.95
2021-02-16,25.8,4.2,85,11.9,2.8,Gagnoa,6.13,-5.95
2021-02-17,25.1,15.1,89,10.1,2.81,Gagnoa,6.13,-5.95
2021-02-18,24.8,12.5,90,10.3,3.0,Gagnoa,6.13,-5.95
2021-02-19,25.9,0.7,80,10.2,3.99,Gagnoa,6.13,-5.95
2021-02-20,26.7,0.1,76,11.2,4.37,Gagnoa,6.13,-5.95
2021-02-21,26.8,0.0,75,11.6,4.41,Gagnoa,6.13,-5.95
2021-02-22,27.2,0.0,72,13.5,4.82,Gagnoa,6.13,-5.95
2021-02-23,27.2,0.0,72,10.6,4.62,Gagnoa,6.13,-5.95
2021-02-24,27.3,0.0,71,13.7,4.99,Gagnoa,6.13,-5.95
2021-02-25,26.3,1.1,80,15.4,3.88,Gagnoa,6.13,-5.95
2021-02-26,26.0,2.3,83,12.1,3.64,Gagnoa,6.13,-5.95
2021-02-27,25.5,4.6,88,11.4,3.43,Gagnoa,6.13,-5.95
2021-02-28,25.3,2.4,89,12.8,3.16,Gagnoa,6.13,-5.95
2021-03-01,26.3,1.6,85,10.4,3.67,Gagnoa,6.13,-5.95
2021-03-02,26.7,0.1,81,11.0,4.28,Gagnoa,6.13,-5.95
2021-03-03,27.3,0.2,80,11.5,4.02,Gagnoa,6.13,-5.95
2021-03-04,27.0,0.8,83,13.1,3.34,Gagnoa,6.13,-5.95
2021-03-05,25.9,7.9,87,15.3,3.0,Gagnoa,6.13,-5.95
2021-03-06,26.0,2.0,87,10.6,3.43,Gagnoa,6.13,-5.95
2021-03-07,26.8,0.1,81,9.8,3.97,Gagnoa,6.13,-5.95
2021-03-08,27.1,0.1,80,12.0,4.17,Gagnoa,6.13,-5.95
2021-03-09,26.3,10.9,86,13.5,3.68,Gagnoa,6.13,-5.95
2021-03-10,26.5,0.9,84,12.4,3.29,Gagnoa,6.13,-5.95
2021-03-11,25.5,36.2,91,11.0,2.96,Gagnoa,6.13,-5.95
2021-03-12,25.0,4.3,90,13.3,2.7,Gagnoa,6.13,-5.95
2021-03-13,25.4,10.4,89,10.0,2.88,Gagnoa,6.13,-5.95
2021-03-14,25.8,8.0,86,12.5,3.6,Gagnoa,6.13,-5.95
2021-03-15,24.4,7.1,90,10.0,1.72,Gagnoa,6.13,-5.95
2021-03-16,26.4,0.1,81,9.3,4.28,Gagnoa,6.13,-5.95
2021-03-17,26.0,5.7,82,14.9,4.63,Gagnoa,6.13,-5.95
2021-03-18,24.7,1.4,87,13.0,2.64,Gagnoa,6.13,-5.95
2021-03-19,26.2,0.3,79,10.8,4.81,Gagnoa,6.13,-5.95
2021-03-20,26.1,0.1,76,10.5,4.31,Gagnoa,6.13,-5.95
2021-03-21,26.0,9.7,85,9.8,3.95,Gagnoa,6.13,-5.95
2021-03-22,26.1,9.8,83,12.3,3.91,Gagnoa,6.13,-5.95
2021-03-23,25.2,10.0,90,11.3,2.94,Gagnoa,6.13,-5.95
2021-03-24,26.1,0.4,82,9.1,3.36,Gagnoa,6.13,-5.95
2021-03-25,26.2,0.5,79,8.8,4.27,Gagnoa,6.13,-5.95
2021-03-26,26.6,0.2,77,10.9,4.53,Gagnoa,6.13,-5.95
2021-03-27,26.0,0.8,82,10.9,3.75,Gagnoa,6.13,-5.95
2021-03-28,25.8,5.2,90,10.7,3.56,Gagnoa,6.13,-5.95
2021-03-29,26.3,1.1,86,11.4,4.18,Gagnoa,6.13,-5.95
2021-03-30,26.6,0.4,82,10.2,4.19,Gagnoa,6.13,-5.95
2021-03-31,26.6,0.7,81,10.0,4.47,Gagnoa,6.13,-5.95
2021-04-01,26.9,1.5,83,10.0,3.8,Gagnoa,6.13,-5.95
2021-04-02,27.5,0.1,77,10.6,4.81,Gagnoa,6.13,-5.95
2021-04-03,26.6,1.3,84,10.1,3.54,Gagnoa,6.13,-5.95
2021-04-04,26.7,0.3,84,13.1,4.08,Gagnoa,6.13,-5.95
2021-04-05,25.0,4.9,92,11.8,1.63,Gagnoa,6.13,-5.95
2021-04-06,26.4,1.4,86,13.3,3.92,Gagnoa,6.13,-5.95
2021-04-07,27.1,1.3,83,11.1,4.16,Gagnoa,6.13,-5.95
2021-04-08,26.4,7.5,87,12.7,3.55,Gagnoa,6.13,-5.95
2021-04-09,25.3,11.9,90,12.6,2.72,Gagnoa,6.13,-5.95
2021-04-10,25.8,0.0,82,12.5,3.55,Gagnoa,6.13,-5.95
2021-04-11,26.7,1.2,83,9.9,4.5,Gagnoa,6.13,-5.95
2021-04-12,27.1,1.5,82,11.2,4.54,Gagnoa,6.13,-5.95
2021-04-13,26.6,1.1,85,11.6,3.94,Gagnoa,6.13,-5.95
2021-04-14,27.4,0.2,78,9.4,4.44,Gagnoa,6.13,-5.95
2021-04-15,27.7,0.5,78,10.1,4.68,Gagnoa,6.13,-5.95
2021-04-16,26.5,2.7,86,12.2,3.84,Gagnoa,6.13,-5.95
2021-04-17,25.4,8.0,90,9.2,3.3,Gagnoa,6.13,-5.95
2021-04-18,26.7,0.9,83,10.5,4.44,Gagnoa,6.13,-5.95
2021-04-19,26.5,2.9,84,9.4,3.23,Gagnoa,6.13,-5.95
2021-04-20,27.0,1.0,81,9.7,4.78,Gagnoa,6.13,-5.95
2021-04-21,27.0,2.7,81,10.3,4.35,Gagnoa,6.13,-5.95
2021-04-22,26.3,16.5,88,11.3,3.6,Gagnoa,6.13,-5.95
2021-04-23,26.1,7.1,89,10.7,3.93,Gagnoa,6.13,-5.95
2021-04-24,27.2,0.2,82,10.0,3.93,Gagnoa,6.13,-5.95
2021-04-25,25.9,10.8,86,11.9,2.81,Gagnoa,6.13,-5.95
2021-04-26,26.9,1.6,83,12.2,4.57,Gagnoa,6.13,-5.95
2021-04-27,26.1,5.7,89,10.8,3.15,Gagnoa,6.13,-5.95
2021-04-28,26.3,0.4,87,9.4,3.48,Gagnoa,6.13,-5.95
2021-04-29,27.3,0.3,79,10.6,4.31,Gagnoa,6.13,-5.95
2021-04-30,26.7,1.9,87,9.6,3.49,Gagnoa,6.13,-5.95
2021-05-01,27.5,0.2,78,10.5,4.44,Gagnoa,6.13,-5.95
2021-05-02,26.3,1.9,86,12.3,3.33,Gagnoa,6.13,-5.95
2021-05-03,26.5,7.8,82,12.0,3.91,Gagnoa,6.13,-5.95
2021-05-04,25.5,15.6,88,9.7,3.31,Gagnoa,6.13,-5.95
2021-05-05,25.9,1.3,86,12.2,3.15,Gagnoa,6.13,-5.95
2021-05-06,24.4,3.2,91,13.5,2.19,Gagnoa,6.13,-5.95
2021-05-07,25.4,0.0,82,9.7,3.43,Gagnoa,6.13,-5.95
2021-05-08,25.7,3.2,86,13.0,3.56,Gagnoa,6.13,-5.95
2021-05-09,25.5,1.2,86,10.2,3.1,Gagnoa,6.13,-5.95
2021-05-10,26.0,3.1,85,11.8,4.05,Gagnoa,6.13,-5.95
2021-05-11,25.6,1.7,86,11.2,3.12,Gagnoa,6.13,-5.95
2021-05-12,26.6,0.2,80,10.2,4.24,Gagnoa,6.13,-5.95
2021-05-13,27.0,0.2,78,9.3,4.65,Gagnoa,6.13,-5.95
2021-05-14,26.6,8.6,84,13.9,3.82,Gagnoa,6.13,-5.95
2021-05-15,26.2,2.9,87,12.7,3.6,Gagnoa,6.13,-5.95
2021-05-16,26.4,1.2,83,11.3,3.68,Gagnoa,6.13,-5.95
2021-05-17,26.0,4.9,88,11.8,3.54,Gagnoa,6.13,-5.95
2021-05-18,25.9,3.5,88,9.7,3.16,Gagnoa,6.13,-5.95
2021-05-19,24.6,11.5,94,9.5,2.76,Gagnoa,6.13,-5.95
2021-05-20,26.1,0.5,82,11.0,4.2,Gagnoa,6.13,-5.95
2021-05-21,24.8,1.5,90,12.6,2.64,Gagnoa,6.13,-5.95
2021-05-22,25.7,1.5,85,9.5,3.35,Gagnoa,6.13,-5.95
2021-05-23,26.6,0.6,82,8.4,4.47,Gagnoa,6.13,-5.95
2021-05-24,25.9,6.9,88,12.8,3.11,Gagnoa,6.13,-5.95
2021-05-25,26.6,1.7,85,9.4,4.09,Gagnoa,6.13,-5.95
2021-05-26,26.3,2.4,88,12.0,3.49,Gagnoa,6.13,-5.95
2021-05-27,26.3,4.1,86,10.7,3.98,Gagnoa,6.13,-5.95
2021-05-28,26.3,5.2,87,13.1,3.71,Gagnoa,6.13,-5.95
2021-05-29,26.9,3.1,86,12.7,4.21,Gagnoa,6.13,-5.95
2021-05-30,25.5,16.1,91,8.2,2.69,Gagnoa,6.13,-5.95
2021-05-31,24.7,11.2,93,10.9,2.28,Gagnoa,6.13,-5.95
2021-06-01,26.0,0.7,83,9.2,3.94,Gagnoa,6.13,-5.95
2021-06-02,25.8,15.7,89,14.0,3.34,Gagnoa,6.13,-5.95
2021-06-03,26.1,9.7,88,9.5,4.08,Gagnoa,6.13,-5.95
2021-06-04,24.8,18.9,93,8.9,2.46,Gagnoa,6.13,-5.95
2021-06-05,25.1,12.1,91,8.4,3.32,Gagnoa,6.13,-5.95
2021-06-06,25.0,6.6,91,9.8,3.35,Gagnoa,6.13,-5.95
2021-06-07,24.8,9.0,91,9.4,3.09,Gagnoa,6.13,-5.95
2021-06-08,25.1,2.8,91,8.0,3.54,Gagnoa,6.13,-5.95
2021-06-09,25.4,6.1,90,10.1,3.42,Gagnoa,6.13,-5.95
2021-06-10,24.4,19.0,93,8.0,2.6,Gagnoa,6.13,-5.95
2021-06-11,24.4,8.5,92,10.5,2.47,Gagnoa,6.13,-5.95
2021-06-12,25.0,4.4,90,8.0,2.91,Gagnoa,6.13,-5.95
2021-06-13,25.1,6.7,92,8.9,3.12,Gagnoa,6.13,-5.95
2021-06-14,25.1,13.2,89,8.9,3.33,Gagnoa,6.13,-5.95
2021-06-15,25.2,3.7,87,12.0,3.51,Gagnoa,6.13,-5.95
2021-06-16,25.0,1.4,85,15.9,3.19,Gagnoa,6.13,-5.95
2021-06-17,25.4,1.1,85,9.8,4.03,Gagnoa,6.13,-5.95
2021-06-18,25.1,2.4,86,12.0,3.62,Gagnoa,6.13,-5.95
2021-06-19,24.4,6.1,89,10.3,3.06,Gagnoa,6.13,-5.95
2021-06-20,23.7,23.6,94,12.1,2.83,Gagnoa,6.13,-5.95
2021-06-21,23.9,11.1,89,10.7,2.92,Gagnoa,6.13,-5.95
2021-06-22,23.9,5.5,92,9.4,2.26,Gagnoa,6.13,-5.95
2021-06-23,22.8,18.7,97,8.4,1.68,Gagnoa,6.13,-5.95
2021-06-24,23.1,4.5,95,8.0,2.27,Gagnoa,6.13,-5.95
2021-06-25,23.8,6.4,91,8.2,2.85,Gagnoa,6.13,-5.95
2021-06-26,24.5,1.8,87,7.6,3.56,Gagnoa,6.13,-5.95
2021-06-27,23.7,5.1,92,10.9,2.49,Gagnoa,6.13,-5.95
2021-06-28,25.0,1.5,84,12.3,3.62,Gagnoa,6.13,-5.95
2021-06-29,24.7,2.2,87,10.2,3.31,Gagnoa,6.13,-5.95
2021-06-30,24.1,9.4,90,11.6,2.92,Gagnoa,6.13,-5.95
2021-07-01,24.1,3.8,90,10.1,2.95,Gagnoa,6.13,-5.95
2021-07-02,23.9,11.0,92,11.7,3.08,Gagnoa,6.13,-5.95
2021-07-03,22.8,12.9,98,14.0,1.7,Gagnoa,6.13,-5.95
2021-07-04,22.4,35.4,99,10.2,1.72,Gagnoa,6.13,-5.95
2021-07-05,23.3,9.3,94,10.6,2.74,Gagnoa,6.13,-5.95
2021-07-06,23.3,5.5,93,8.7,2.62,Gagnoa,6.13,-5.95
2021-07-07,24.4,3.4,88,10.8,3.52,Gagnoa,6.13,-5.95
2021-07-08,24.4,6.0,88,12.8,3.53,Gagnoa,6.13,-5.95
2021-07-09,23.8,7.8,90,13.9,3.27,Gagnoa,6.13,-5.95
2021-07-10,24.2,2.0,85,12.0,3.55,Gagnoa,6.13,-5.95
2021-07-11,24.5,0.5,84,10.8,3.8,Gagnoa,6.13,-5.95
2021-07-12,24.8,1.2,81,9.5,3.69,Gagnoa,6.13,-5.95
2021-07-13,24.8,1.6,82,10.5,3.54,Gagnoa,6.13,-5.95
2021-07-14,24.3,2.7,86,13.4,3.36,Gagnoa,6.13,-5.95
2021-07-15,24.0,0.8,86,11.8,2.8,Gagnoa,6.13,-5.95
2021-07-16,23.7,44.3,90,11.9,2.28,Gagnoa,6.13,-5.95
2021-07-17,23.0,79.3,96,10.3,1.58,Gagnoa,6.13,-5.95
2021-07-18,24.5,0.6,83,10.7,3.07,Gagnoa,6.13,-5.95
2021-07-19,24.0,6.2,85,12.0,3.1,Gagnoa,6.13,-5.95
2021-07-20,24.0,2.6,86,12.0,2.92,Gagnoa,6.13,-5.95
2021-07-21,24.1,2.1,86,9.3,2.94,Gagnoa,6.13,-5.95
2021-07-22,24.2,9.7,89,13.0,3.53,Gagnoa,6.13,-5.95
2021-07-23,23.8,4.5,89,13.6,3.0,Gagnoa,6.13,-5.95
2021-07-24,24.7,0.0,74,12.6,4.28,Gagnoa,6.13,-5.95
2021-07-25,23.9,1.5,81,10.7,3.45,Gagnoa,6.13,-5.95
2021-07-26,23.8,3.1,87,12.5,3.29,Gagnoa,6.13,-5.95
2021-07-27,24.4,1.8,84,14.9,3.34,Gagnoa,6.13,-5.95
2021-07-28,23.9,2.6,86,12.5,2.28,Gagnoa,6.13,-5.95
2021-07-29,24.6,1.5,82,12.2,3.8,Gagnoa,6.13,-5.95
2021-07-30,24.6,1.8,85,11.8,3.61,Gagnoa,6.13,-5.95
2021-07-31,24.2,5.5,89,14.8,3.22,Gagnoa,6.13,-5.95
2021-08-01,23.3,3.7,92,11.5,2.19,Gagnoa,6.13,-5.95
2021-08-02,25.4,0.3,79,10.8,3.86,Gagnoa,6.13,-5.95
2021-08-03,24.9,0.6,81,12.4,3.74,Gagnoa,6.13,-5.95
2021-08-04,24.4,2.4,86,14.2,2.85,Gagnoa,6.13,-5.95
2021-08-05,24.6,4.4,85,14.2,3.59,Gagnoa,6.13,-5.95
2021-08-06,25.3,1.6,80,13.3,4.29,Gagnoa,6.13,-5.95
2021-08-07,25.2,0.2,77,13.4,3.98,Gagnoa,6.13,-5.95
2021-08-08,24.8,7.6,82,12.3,3.73,Gagnoa,6.13,-5.95
2021-08-09,23.1,8.5,95,12.6,1.86,Gagnoa,6.13,-5.95
2021-08-10,23.8,10.4,91,13.4,3.16,Gagnoa,6.13,-5.95
2021-08-11,23.6,16.9,93,11.2,2.57,Gagnoa,6.13,-5.95
2021-08-12,23.5,12.4,93,16.1,2.38,Gagnoa,6.13,-5.95
2021-08-13,24.3,2.9,82,14.4,3.94,Gagnoa,6.13,-5.95
2021-08-14,24.4,0.0,76,12.8,4.27,Gagnoa,6.13,-5.95
2021-08-15,24.2,0.8,78,13.6,3.53,Gagnoa,6.13,-5.95
2021-08-16,24.1,0.2,80,12.7,2.89,Gagnoa,6.13,-5.95
2021-08-17,24.4,1.1,81,10.2,3.42,Gagnoa,6.13,-5.95
2021-08-18,24.8,0.2,76,13.7,4.47,Gagnoa,6.13,-5.95
2021-08-19,24.6,1.0,81,11.9,3.76,Gagnoa,6.13,-5.95
2021-08-20,23.2,9.3,93,10.0,2.41,Gagnoa,6.13,-5.95
2021-08-21,24.0,13.2,90,10.4,3.03,Gagnoa,6.13,-5.95
2021-08-22,23.8,15.7,92,13.0,2.69,Gagnoa,6.13,-5.95
2021-08-23,24.7,4.3,85,9.1,3.17,Gagnoa,6.13,-5.95
2021-08-24,23.9,14.4,92,8.5,2.89,Gagnoa,6.13,-5.95
2021-08-25,23.2,27.0,96,10.7,2.18,Gagnoa,6.13,-5.95
2021-08-26,23.7,16.9,93,8.9,2.14,Gagnoa,6.13,-5.95
2021-08-27,25.1,3.3,85,10.5,3.85,Gagnoa,6.13,-5.95
2021-08-28,24.6,11.5,88,10.1,3.5,Gagnoa,6.13,-5.95
2021-08-29,23.2,24.5,96,12.9,1.81,Gagnoa,6.13,-5.95
2021-08-30,23.9,5.9,90,13.4,3.0,Gagnoa,6.13,-5.95
2021-08-31,24.3,11.9,89,9.3,2.88,Gagnoa,6.13,-5.95
2021-09-01,24.2,8.2,91,7.6,3.24,Gagnoa,6.13,-5.95
2021-09-02,23.8,11.2,93,10.2,2.74,Gagnoa,6.13,-5.95
2021-09-03,23.6,7.0,93,16.9,2.36,Gagnoa,6.13,-5.95
2021-09-04,23.2,6.5,93,12.9,1.77,Gagnoa,6.13,-5.95
2021-09-05,23.9,4.6,91,11.2,3.02,Gagnoa,6.13,-5.95
2021-09-06,24.2,4.5,89,10.5,3.47,Gagnoa,6.13,-5.95
2021-09-07,25.3,1.2,82,9.8,3.69,Gagnoa,6.13,-5.95
2021-09-08,26.2,0.7,81,10.8,4.13,Gagnoa,6.13,-5.95
2021-09-09,24.5,13.8,91,11.5,3.11,Gagnoa,6.13,-5.95
2021-09-10,24.5,3.9,89,11.2,3.18,Gagnoa,6.13,-5.95
2021-09-11,24.8,8.4,89,8.2,3.34,Gagnoa,6.13,-5.95
2021-09-12,24.2,9.1,91,7.3,2.26,Gagnoa,6.13,-5.95
2021-09-13,24.5,3.7,89,11.0,3.27,Gagnoa,6.13,-5.95
2021-09-14,24.8,0.9,87,9.0,2.66,Gagnoa,6.13,-5.95
2021-09-15,22.8,38.9,98,11.1,1.48,Gagnoa,6.13,-5.95
2021-09-16,24.7,1.5,86,9.7,3.67,Gagnoa,6.13,-5.95
2021-09-17,24.6,6.0,88,9.2,3.35,Gagnoa,6.13,-5.95
2021-09-18,24.2,1.3,89,8.4,3.0,Gagnoa,6.13,-5.95
2021-09-19,24.6,3.4,87,8.1,3.76,Gagnoa,6.13,-5.95
2021-09-20,24.6,3.6,89,10.7,3.85,Gagnoa,6.13,-5.95
2021-09-21,25.3,5.8,88,9.7,3.87,Gagnoa,6.13,-5.95
2021-09-22,24.3,12.4,91,9.6,2.97,Gagnoa,6.13,-5.95
2021-09-23,24.9,10.1,90,8.7,3.84,Gagnoa,6.13,-5.95
2021-09-24,24.9,8.4,90,10.2,3.68,Gagnoa,6.13,-5.95
2021-09-25,23.5,20.1,96,8.4,1.92,Gagnoa,6.13,-5.95
2021-09-26,23.1,24.7,97,9.3,1.8,Gagnoa,6.13,-5.95
2021-09-27,24.3,2.2,86,8.4,3.04,Gagnoa,6.13,-5.95
2021-09-28,24.8,7.6,87,8.6,3.8,Gagnoa,6.13,-5.95
2021-09-29,24.1,11.6,92,9.4,3.08,Gagnoa,6.13,-5.95
2021-09-30,25.0,2.2,84,9.6,4.23,Gagnoa,6.13,-5.95
2021-10-01,24.3,8.2,91,8.0,2.91,Gagnoa,6.13,-5.95
2021-10-02,24.4,8.6,92,9.9,2.93,Gagnoa,6.13,-5.95
2021-10-03,24.6,1.1,89,8.5,2.79,Gagnoa,6.13,-5.95
2021-10-04,25.3,1.7,86,8.0,3.85,Gagnoa,6.13,-5.95
2021-10-05,25.3,0.6,86,8.4,3.74,Gagnoa,6.13,-5.95
2021-10-06,25.1,10.4,88,9.2,3.59,Gagnoa,6.13,-5.95
2021-10-07,24.0,27.9,94,7.2,2.22,Gagnoa,6.13,-5.95
2021-10-08,25.8,1.2,85,9.0,4.12,Gagnoa,6.13,-5.95
2021-10-09,25.2,2.5,89,10.9,3.11,Gagnoa,6.13,-5.95
2021-10-10,24.8,9.1,91,8.7,2.98,Gagnoa,6.13,-5.95
2021-10-11,24.5,4.1,91,9.0,3.14,Gagnoa,6.13,-5.95
2021-10-12,25.3,2.5,88,10.9,3.63,Gagnoa,6.13,-5.95
2021-10-13,25.6,8.7,85,9.1,4.27,Gagnoa,6.13,-5.95
2021-10-14,26.1,0.7,85,10.8,4.36,Gagnoa,6.13,-5.95
2021-10-15,25.9,1.0,84,9.6,4.23,Gagnoa,6.13,-5.95
2021-10-16,24.8,2.9,88,9.3,3.31,Gagnoa,6.13,-5.95
2021-10-17,25.1,1.2,86,14.8,4.3,Gagnoa,6.13,-5.95
2021-10-18,24.8,2.6,88,13.0,3.28,Gagnoa,6.13,-5.95
2021-10-19,24.9,7.4,87,14.8,3.54,Gagnoa,6.13,-5.95
2021-10-20,24.8,2.5,87,10.0,3.25,Gagnoa,6.13,-5.95
2021-10-21,24.8,3.2,88,9.8,3.21,Gagnoa,6.13,-5.95
2021-10-22,23.9,12.2,93,10.7,2.25,Gagnoa,6.13,-5.95
2021-10-23,24.5,0.9,88,9.1,3.0,Gagnoa,6.13,-5.95
2021-10-24,23.7,7.6,94,9.7,2.4,Gagnoa,6.13,-5.95
2021-10-25,23.8,19.1,94,9.1,2.36,Gagnoa,6.13,-5.95
2021-10-26,24.8,3.6,87,10.5,3.51,Gagnoa,6.13,-5.95
2021-10-27,24.9,1.5,88,8.7,3.4,Gagnoa,6.13,-5.95
2021-10-28,24.6,4.5,88,11.3,3.41,Gagnoa,6.13,-5.95
2021-10-29,24.2,2.7,91,11.2,2.92,Gagnoa,6.13,-5.95
2021-10-30,24.0,2.1,91,8.6,2.58,Gagnoa,6.13,-5.95
2021-10-31,25.3,0.3,86,10.9,4.03,Gagnoa,6.13,-5.95
2021-11-01,25.2,0.9,83,12.0,3.56,Gagnoa,6.13,-5.95
2021-11-02,25.0,0.7,84,9.5,4.09,Gagnoa,6.13,-5.95
2021-11-03,25.2,2.9,86,11.0,4.08,Gagnoa,6.13,-5.95
2021-11-04,24.8,4.7,88,11.2,3.72,Gagnoa,6.13,-5.95
2021-11-05,25.1,8.7,89,10.7,3.64,Gagnoa,6.13,-5.95
2021-11-06,24.7,2.5,87,10.2,3.15,Gagnoa,6.13,-5.95
2021-11-07,25.6,0.0,82,12.2,4.4,Gagnoa,6.13,-5.95
2021-11-08,25.0,2.6,87,9.6,3.14,Gagnoa,6.13,-5.95
2021-11-09,24.4,5.5,91,15.5,2.97,Gagnoa,6.13,-5.95
2021-11-10,24.5,2.5,91,10.0,2.84,Gagnoa,6.13,-5.95
2021-11-11,24.6,5.7,89,9.8,3.24,Gagnoa,6.13,-5.95
2021-11-12,25.7,2.2,86,7.5,3.7,Gagnoa,6.13,-5.95
2021-11-13,23.9,14.2,96,9.7,1.94,Gagnoa,6.13,-5.95
2021-11-14,24.8,2.0,88,10.6,3.18,Gagnoa,6.13,-5.95
2021-11-15,25.8,9.3,85,8.7,4.13,Gagnoa,6.13,-5.95
2021-11-16,23.9,6.6,90,10.3,2.82,Gagnoa,6.13,-5.95
2021-11-17,25.0,0.8,86,10.9,3.67,Gagnoa,6.13,-5.95
2021-11-18,25.7,0.6,86,9.4,4.16,Gagnoa,6.13,-5.95
2021-11-19,26.0,16.0,84,11.2,4.56,Gagnoa,6.13,-5.95
2021-11-20,26.2,0.4,85,8.9,4.07,Gagnoa,6.13,-5.95
2021-11-21,25.6,5.0,88,9.0,3.82,Gagnoa,6.13,-5.95
2021-11-22,25.3,1.1,87,10.6,3.29,Gagnoa,6.13,-5.95
2021-11-23,25.6,0.4,85,12.9,3.88,Gagnoa,6.13,-5.95
2021-11-24,26.2,0.2,82,10.0,3.86,Gagnoa,6.13,-5.95
2021-11-25,26.4,0.0,81,10.9,4.39,Gagnoa,6.13,-5.95
2021-11-26,25.9,0.5,85,10.7,3.38,Gagnoa,6.13,-5.95
2021-11-27,25.0,0.6,89,10.5,2.82,Gagnoa,6.13,-5.95
2021-11-28,25.4,8.0,86,11.2,3.39,Gagnoa,6.13,-5.95
2021-11-29,24.8,0.8,89,12.0,2.78,Gagnoa,6.13,-5.95
2021-11-30,25.4,3.1,85,8.4,3.43,Gagnoa,6.13,-5.95
2021-12-01,25.5,2.4,86,10.9,3.94,Gagnoa,6.13,-5.95
2021-12-02,25.5,3.6,86,9.8,3.42,Gagnoa,6.13,-5.95
2021-12-03,26.4,0.3,81,9.7,3.81,Gagnoa,6.13,-5.95
2021-12-04,26.6,0.1,80,10.5,4.24,Gagnoa,6.13,-5.95
2021-12-05,26.2,0.1,84,11.0,3.37,Gagnoa,6.13,-5.95
2021-12-06,26.3,0.3,81,12.3,3.72,Gagnoa,6.13,-5.95
2021-12-07,26.6,0.3,79,10.8,3.85,Gagnoa,6.13,-5.95
2021-12-08,25.7,1.5,86,10.9,3.3,Gagnoa,6.13,-5.95
2021-12-09,26.3,0.1,79,11.7,4.13,Gagnoa,6.13,-5.95
2021-12-10,26.7,0.3,80,10.1,3.9,Gagnoa,6.13,-5.95
2021-12-11,26.8,0.0,78,11.5,4.07,Gagnoa,6.13,-5.95
2021-12-12,26.5,0.4,80,10.7,3.82,Gagnoa,6.13,-5.95
2021-12-13,26.9,0.0,79,13.4,3.96,Gagnoa,6.13,-5.95
2021-12-14,26.2,3.1,84,11.3,3.67,Gagnoa,6.13,-5.95
2021-12-15,25.0,1.0,89,10.0,2.87,Gagnoa,6.13,-5.95
2021-12-16,25.5,0.7,85,9.8,3.56,Gagnoa,6.13,-5.95
2021-12-17,26.0,0.0,78,10.0,4.12,Gagnoa,6.13,-5.95
2021-12-18,26.2,0.0,78,10.5,4.23,Gagnoa,6.13,-5.95
2021-12-19,26.2,0.0,78,11.2,4.17,Gagnoa,6.13,-5.95
2021-12-20,26.3,0.0,74,11.0,4.4,Gagnoa,6.13,-5.95
2021-12-21,25.2,0.0,65,10.5,4.53,Gagnoa,6.13,-5.95
2021-12-22,25.4,0.0,63,11.2,4.74,Gagnoa,6.13,-5.95
2021-12-23,25.1,0.0,73,12.8,4.38,Gagnoa,6.13,-5.95
2021-12-24,26.3,0.2,77,11.9,3.93,Gagnoa,6.13,-5.95
2021-12-25,26.4,0.0,79,11.2,3.92,Gagnoa,6.13,-5.95
2021-12-26,26.5,0.1,75,11.2,3.84,Gagnoa,6.13,-5.95
2021-12-27,26.3,0.2,80,11.9,3.98,Gagnoa,6.13,-5.95
2021-12-28,26.2,0.2,76,11.2,3.61,Gagnoa,6.13,-5.95
2021-12-29,26.7,0.0,74,15.3,4.1,Gagnoa,6.13,-5.95
2021-12-30,27.0,0.0,70,11.4,4.39,Gagnoa,6.13,-5.95
2021-12-31,26.7,0.5,78,13.5,4.14,Gagnoa,6.13,-5.95
2020-01-01,27.1,3.3,85,10.3,3.33,San-Pédro,4.75,-6.64
2020-01-02,27.0,5.8,84,12.4,3.77,San-Pédro,4.75,-6.64
2020-01-03,27.2,0.1,67,14.3,4.94,San-Pédro,4.75,-6.64
2020-01-04,25.1,0.0,53,12.8,5.35,San-Pédro,4.75,-6.64
2020-01-05,24.7,0.0,59,14.4,5.08,San-Pédro,4.75,-6.64
2020-01-06,24.9,0.0,64,12.4,4.78,San-Pédro,4.75,-6.64
2020-01-07,25.6,0.0,71,15.9,4.74,San-Pédro,4.75,-6.64
2020-01-08,26.5,0.0,80,13.3,4.28,San-Pédro,4.75,-6.64
2020-01-09,27.0,0.0,82,15.3,4.22,San-Pédro,4.75,-6.64
2020-01-10,27.5,0.2,84,14.5,3.77,San-Pédro,4.75,-6.64
2020-01-11,27.0,0.8,84,16.1,3.52,San-Pédro,4.75,-6.64
2020-01-12,27.1,0.7,84,11.4,3.76,San-Pédro,4.75,-6.64
2020-01-13,27.3,0.8,85,10.1,3.43,San-Pédro,4.75,-6.64
2020-01-14,27.3,1.1,84,12.3,3.5,San-Pédro,4.75,-6.64
2020-01-15,27.6,0.4,84,13.8,3.57,San-Pédro,4.75,-6.64
2020-01-16,27.5,0.0,82,17.0,4.36,San-Pédro,4.75,-6.64
2020-01-17,28.2,0.4,81,17.4,4.22,San-Pédro,4.75,-6.64
2020-01-18,27.8,1.2,83,13.4,3.68,San-Pédro,4.75,-6.64
2020-01-19,27.8,1.4,83,15.8,3.82,San-Pédro,4.75,-6.64
2020-01-20,27.4,2.3,82,10.1,3.34,San-Pédro,4.75,-6.64
2020-01-21,26.8,3.1,85,9.3,3.07,San-Pédro,4.75,-6.64
2020-01-22,27.1,0.5,84,9.0,3.32,San-Pédro,4.75,-6.64
2020-01-23,27.2,0.1,81,14.5,4.17,San-Pédro,4.75,-6.64
2020-01-24,27.9,0.8,83,14.0,3.93,San-Pédro,4.75,-6.64
2020-01-25,28.1,1.2,83,13.3,4.08,San-Pédro,4.75,-6.64
2020-01-26,28.1,2.0,83,13.0,3.93,San-Pédro,4.75,-6.64
2020-01-27,28.0,2.2,82,11.0,4.17,San-Pédro,4.75,-6.64
2020-01-28,28.2,0.4,80,13.1,3.97,San-Pédro,4.75,-6.64
2020-01-29,27.5,0.4,83,14.1,3.65,San-Pédro,4.75,-6.64
2020-01-30,28.1,1.1,82,18.7,4.12,San-Pédro,4.75,-6.64
2020-01-31,27.9,1.3,81,13.2,3.91,San-Pédro,4.75,-6.64
2020-02-01,27.9,0.9,82,14.3,3.9,San-Pédro,4.75,-6.64
2020-02-02,27.6,2.2,83,16.6,4.12,San-Pédro,4.75,-6.64
2020-02-03,28.2,0.4,81,18.4,4.59,San-Pédro,4.75,-6.64
2020-02-04,28.3,0.1,80,16.5,4.68,San-Pédro,4.75,-6.64
2020-02-05,28.0,0.1,80,13.0,4.33,San-Pédro,4.75,-6.64
2020-02-06,28.0,0.4,78,11.7,4.42,San-Pédro,4.75,-6.64
2020-02-07,27.8,0.3,81,15.7,4.35,San-Pédro,4.75,-6.64
2020-02-08,28.4,0.4,79,18.4,4.62,San-Pédro,4.75,-6.64
2020-02-09,28.2,0.8,82,15.0,4.35,San-Pédro,4.75,-6.64
2020-02-10,27.6,5.9,83,15.3,3.19,San-Pédro,4.75,-6.64
2020-02-11,26.5,14.7,87,14.1,3.09,San-Pédro,4.75,-6.64
2020-02-12,27.8,0.1,73,14.4,4.98,San-Pédro,4.75,-6.64
2020-02-13,27.8,0.7,79,14.1,4.52,San-Pédro,4.75,-6.64
2020-02-14,27.7,1.6,82,15.1,4.37,San-Pédro,4.75,-6.64
2020-02-15,28.3,0.1,80,15.3,4.78,San-Pédro,4.75,-6.64
2020-02-16,28.5,0.6,81,17.7,4.71,San-Pédro,4.75,-6.64
2020-02-17,28.3,1.1,82,17.9,4.25,San-Pédro,4.75,-6.64
2020-02-18,27.7,3.4,85,14.8,4.01,San-Pédro,4.75,-6.64
2020-02-19,28.0,0.6,84,13.0,3.94,San-Pédro,4.75,-6.64
2020-02-20,27.0,5.8,87,10.2,2.91,San-Pédro,4.75,-6.64
2020-02-21,27.0,2.7,86,14.3,3.11,San-Pédro,4.75,-6.64
2020-02-22,27.1,12.8,88,16.4,3.4,San-Pédro,4.75,-6.64
2020-02-23,28.2,0.5,81,13.2,3.98,San-Pédro,4.75,-6.64
2020-02-24,28.0,2.1,81,17.1,3.83,San-Pédro,4.75,-6.64
2020-02-25,27.9,0.9,82,13.6,4.18,San-Pédro,4.75,-6.64
2020-02-26,28.3,1.8,81,12.2,4.25,San-Pédro,4.75,-6.64
2020-02-27,28.6,0.8,84,12.3,4.2,San-Pédro,4.75,-6.64
2020-02-28,27.7,5.2,86,16.9,3.54,San-Pédro,4.75,-6.64
2020-02-29,28.3,0.4,83,18.9,4.52,San-Pédro,4.75,-6.64
2020-03-01,28.3,0.6,84,20.1,4.07,San-Pédro,4.75,-6.64
2020-03-02,27.8,0.7,85,13.9,3.91,San-Pédro,4.75,-6.64
2020-03-03,27.1,1.7,88,11.4,3.21,San-Pédro,4.75,-6.64
2020-03-04,27.6,1.5,85,9.7,3.42,San-Pédro,4.75,-6.64
2020-03-05,27.8,5.7,85,10.0,3.4,San-Pédro,4.75,-6.64
2020-03-06,26.4,7.8,90,12.6,2.49,San-Pédro,4.75,-6.64
2020-03-07,27.2,1.9,86,13.5,3.38,San-Pédro,4.75,-6.64
2020-03-08,27.7,3.4,82,13.8,4.24,San-Pédro,4.75,-6.64
2020-03-09,27.4,3.8,86,12.6,3.67,San-Pédro,4.75,-6.64
2020-03-10,26.9,6.2,89,16.2,3.13,San-Pédro,4.75,-6.64
2020-03-11,27.1,0.9,86,13.7,3.64,San-Pédro,4.75,-6.64
2020-03-12,27.1,3.8,86,15.5,3.51,San-Pédro,4.75,-6.64
2020-03-13,27.5,2.6,85,17.9,3.82,San-Pédro,4.75,-6.64
2020-03-14,27.3,2.7,86,16.6,3.65,San-Pédro,4.75,-6.64
2020-03-15,26.6,7.4,88,16.2,2.36,San-Pédro,4.75,-6.64
2020-03-16,27.3,0.7,82,15.5,4.61,San-Pédro,4.75,-6.64
2020-03-17,27.6,0.5,85,18.9,4.14,San-Pédro,4.75,-6.64
2020-03-18,27.1,0.5,85,20.9,3.91,San-Pédro,4.75,-6.64
2020-03-19,27.2,0.3,84,19.5,4.2,San-Pédro,4.75,-6.64
2020-03-20,27.5,0.0,84,13.0,4.67,San-Pédro,4.75,-6.64
2020-03-21,27.3,0.8,87,11.9,3.83,San-Pédro,4.75,-6.64
2020-03-22,27.3,0.3,85,16.9,4.16,San-Pédro,4.75,-6.64
2020-03-23,25.8,12.3,90,17.2,3.06,San-Pédro,4.75,-6.64
2020-03-24,25.3,9.0,92,15.3,2.19,San-Pédro,4.75,-6.64
2020-03-25,25.8,2.1,88,10.3,2.88,San-Pédro,4.75,-6.64
2020-03-26,27.1,0.7,86,15.3,4.3,San-Pédro,4.75,-6.64
2020-03-27,27.1,0.8,86,13.0,4.19,San-Pédro,4.75,-6.64
2020-03-28,27.2,0.1,86,12.1,4.62,San-Pédro,4.75,-6.64
2020-03-29,27.0,0.3,86,16.7,4.26,San-Pédro,4.75,-6.64
2020-03-30,27.3,0.2,85,14.5,4.04,San-Pédro,4.75,-6.64
2020-03-31,27.5,1.2,86,16.8,4.33,San-Pédro,4.75,-6.64
2020-04-01,26.8,1.1,87,13.0,3.3,San-Pédro,4.75,-6.64
2020-04-02,26.9,0.1,88,10.0,3.68,San-Pédro,4.75,-6.64
2020-04-03,27.3,1.6,88,15.9,3.43,San-Pédro,4.75,-6.64
2020-04-04,27.4,0.1,86,10.5,4.43,San-Pédro,4.75,-6.64
2020-04-05,28.2,0.2,83,14.1,4.52,San-Pédro,4.75,-6.64
2020-04-06,27.6,4.3,86,12.6,3.77,San-Pédro,4.75,-6.64
2020-04-07,27.8,3.0,83,15.3,4.53,San-Pédro,4.75,-6.64
2020-04-08,27.4,2.3,85,14.2,3.99,San-Pédro,4.75,-6.64
2020-04-09,27.1,0.5,86,11.6,3.88,San-Pédro,4.75,-6.64
2020-04-10,26.6,3.2,88,10.3,3.31,San-Pédro,4.75,-6.64
2020-04-11,26.9,1.5,85,10.4,3.49,San-Pédro,4.75,-6.64
2020-04-12,26.7,0.4,84,13.0,3.41,San-Pédro,4.75,-6.64
2020-04-13,27.5,0.1,81,12.1,4.91,San-Pédro,4.75,-6.64
2020-04-14,27.3,0.5,84,12.2,4.23,San-Pédro,4.75,-6.64
2020-04-15,27.5,0.4,83,12.9,4.54,San-Pédro,4.75,-6.64
2020-04-16,27.4,3.5,84,16.9,4.05,San-Pédro,4.75,-6.64
2020-04-17,27.3,1.3,85,18.1,4.09,San-Pédro,4.75,-6.64
2020-04-18,26.6,2.7,88,20.7,2.87,San-Pédro,4.75,-6.64
2020-04-19,26.8,3.5,85,15.6,4.09,San-Pédro,4.75,-6.64
2020-04-20,27.4,0.1,83,13.9,4.21,San-Pédro,4.75,-6.64
2020-04-21,27.0,2.1,85,14.4,4.24,San-Pédro,4.75,-6.64
2020-04-22,27.1,1.1,84,16.1,4.44,San-Pédro,4.75,-6.64
2020-04-23,26.7,0.5,85,12.2,4.02,San-Pédro,4.75,-6.64
2020-04-24,25.9,1.3,87,17.0,2.65,San-Pédro,4.75,-6.64
2020-04-25,26.9,0.0,82,13.0,4.73,San-Pédro,4.75,-6.64
2020-04-26,27.0,8.0,83,19.7,4.54,San-Pédro,4.75,-6.64
2020-04-27,25.7,5.9,90,13.7,2.1,San-Pédro,4.75,-6.64
2020-04-28,27.0,1.0,85,13.1,4.48,San-Pédro,4.75,-6.64
2020-04-29,27.2,0.7,85,11.7,4.59,San-Pédro,4.75,-6.64
2020-04-30,27.2,0.7,85,11.9,4.41,San-Pédro,4.75,-6.64
2020-05-01,27.7,0.1,82,13.7,4.45,San-Pédro,4.75,-6.64
2020-05-02,27.5,0.3,84,13.8,4.46,San-Pédro,4.75,-6.64
2020-05-03,27.3,10.2,86,17.1,4.14,San-Pédro,4.75,-6.64
2020-05-04,26.7,7.1,88,10.7,3.0,San-Pédro,4.75,-6.64
2020-05-05,26.9,1.8,86,10.5,3.61,San-Pédro,4.75,-6.64
2020-05-06,27.7,0.7,82,11.9,4.11,San-Pédro,4.75,-6.64
2020-05-07,27.5,0.4,82,14.8,4.48,San-Pédro,4.75,-6.64
2020-05-08,27.1,2.3,85,15.4,3.83,San-Pédro,4.75,-6.64
2020-05-09,26.4,1.9,88,18.1,3.0,San-Pédro,4.75,-6.64
2020-05-10,26.9,3.3,85,19.1,4.19,San-Pédro,4.75,-6.64
2020-05-11,25.1,19.7,95,12.2,1.33,San-Pédro,4.75,-6.64
2020-05-12,25.9,2.2,88,12.9,3.21,San-Pédro,4.75,-6.64
2020-05-13,27.2,0.6,82,12.1,4.77,San-Pédro,4.75,-6.64
2020-05-14,27.4,0.3,83,12.3,4.78,San-Pédro,4.75,-6.64
2020-05-15,27.0,3.5,87,13.9,3.96,San-Pédro,4.75,-6.64
2020-05-16,27.2,4.5,84,13.0,3.8,San-Pédro,4.75,-6.64
2020-05-17,26.4,8.1,90,13.0,3.09,San-Pédro,4.75,-6.64
2020-05-18,25.7,13.9,92,14.7,2.77,San-Pédro,4.75,-6.64
2020-05-19,26.7,0.2,84,13.0,4.58,San-Pédro,4.75,-6.64
2020-05-20,27.2,0.6,84,15.6,4.3,San-Pédro,4.75,-6.64
2020-05-21,27.0,1.5,83,14.3,3.79,San-Pédro,4.75,-6.64
2020-05-22,27.8,0.9,75,16.3,4.35,San-Pédro,4.75,-6.64
2020-05-23,27.4,2.6,79,14.8,4.36,San-Pédro,4.75,-6.64
2020-05-24,27.0,1.9,84,11.8,4.07,San-Pédro,4.75,-6.64
2020-05-25,26.7,5.4,87,14.2,3.72,San-Pédro,4.75,-6.64
2020-05-26,25.0,21.3,96,11.4,1.95,San-Pédro,4.75,-6.64
2020-05-27,25.6,5.9,92,12.5,2.79,San-Pédro,4.75,-6.64
2020-05-28,26.3,2.7,88,9.5,3.31,San-Pédro,4.75,-6.64
2020-05-29,25.7,8.7,92,11.1,2.28,San-Pédro,4.75,-6.64
2020-05-30,25.5,4.6,92,11.6,2.05,San-Pédro,4.75,-6.64
2020-05-31,25.2,6.5,93,8.9,2.59,San-Pédro,4.75,-6.64
2020-06-01,25.8,1.9,89,11.3,3.46,San-Pédro,4.75,-6.64
2020-06-02,26.2,0.6,86,10.1,3.09,San-Pédro,4.75,-6.64
2020-06-03,26.3,2.2,89,9.0,2.9,San-Pédro,4.75,-6.64
2020-06-04,26.3,1.7,88,15.1,3.41,San-Pédro,4.75,-6.64
2020-06-05,26.8,2.2,86,13.1,4.07,San-Pédro,4.75,-6.64
2020-06-06,25.4,9.8,92,12.9,2.53,San-Pédro,4.75,-6.64
2020-06-07,25.8,3.0,90,10.0,3.22,San-Pédro,4.75,-6.64
2020-06-08,25.5,2.7,89,13.0,2.79,San-Pédro,4.75,-6.64
2020-06-09,25.4,4.2,90,10.3,2.98,San-Pédro,4.75,-6.64
2020-06-10,23.7,98.8,99,17.6,0.96,San-Pédro,4.75,-6.64
2020-06-11,25.6,9.1,88,11.5,3.36,San-Pédro,4.75,-6.64
2020-06-12,26.0,4.4,85,13.0,3.08,San-Pédro,4.75,-6.64
2020-06-13,24.8,68.8,92,16.9,1.86,San-Pédro,4.75,-6.64
2020-06-14,24.4,29.8,97,10.6,1.27,San-Pédro,4.75,-6.64
2020-06-15,25.6,7.7,90,10.7,2.86,San-Pédro,4.75,-6.64
2020-06-16,26.1,1.8,86,16.1,3.21,San-Pédro,4.75,-6.64
2020-06-17,25.4,12.3,90,18.0,2.56,San-Pédro,4.75,-6.64
2020-06-18,25.6,6.6,86,14.8,2.84,San-Pédro,4.75,-6.64
2020-06-19,25.8,4.0,84,13.0,2.96,San-Pédro,4.75,-6.64
2020-06-20,25.9,1.8,87,10.7,3.64,San-Pédro,4.75,-6.64
2020-06-21,25.2,14.1,91,13.6,2.38,San-Pédro,4.75,-6.64
2020-06-22,24.2,70.2,96,15.4,1.31,San-Pédro,4.75,-6.64
2020-06-23,24.5,28.6,95,16.3,1.85,San-Pédro,4.75,-6.64
2020-06-24,25.6,6.5,85,13.2,2.83,San-Pédro,4.75,-6.64
2020-06-25,25.7,4.9,86,14.3,3.02,San-Pédro,4.75,-6.64
2020-06-26,24.8,14.2,89,16.3,2.05,San-Pédro,4.75,-6.64
2020-06-27,25.5,2.1,79,18.6,3.6,San-Pédro,4.75,-6.64
2020-06-28,25.5,2.0,77,15.0,3.24,San-Pédro,4.75,-6.64
2020-06-29,25.5,3.2,79,20.3,3.21,San-Pédro,4.75,-6.64
2020-06-30,25.8,0.9,76,14.8,3.66,San-Pédro,4.75,-6.64
2020-07-01,25.7,2.2,81,11.2,3.45,San-Pédro,4.75,-6.64
2020-07-02,25.4,5.5,84,14.8,3.5,San-Pédro,4.75,-6.64
2020-07-03,24.6,7.7,89,18.7,2.7,San-Pédro,4.75,-6.64
2020-07-04,25.2,2.7,83,18.5,3.3,San-Pédro,4.75,-6.64
2020-07-05,25.1,1.9,80,19.3,3.62,San-Pédro,4.75,-6.64
2020-07-06,25.1,0.3,81,16.9,3.94,San-Pédro,4.75,-6.64
2020-07-07,25.3,1.2,83,19.6,3.58,San-Pédro,4.75,-6.64
2020-07-08,24.7,5.7,88,20.0,2.65,San-Pédro,4.75,-6.64
2020-07-09,24.5,14.7,88,16.7,2.01,San-Pédro,4.75,-6.64
2020-07-10,25.3,2.4,80,19.9,3.35,San-Pédro,4.75,-6.64
2020-07-11,25.1,2.4,78,16.5,3.64,San-Pédro,4.75,-6.64
2020-07-12,25.4,0.1,77,13.0,4.08,San-Pédro,4.75,-6.64
2020-07-13,24.9,3.2,85,15.4,3.62,San-Pédro,4.75,-6.64
2020-07-14,25.0,3.1,82,20.6,3.47,San-Pédro,4.75,-6.64
2020-07-15,24.6,0.5,80,19.4,3.63,San-Pédro,4.75,-6.64
2020-07-16,24.6,0.0,80,18.3,3.52,San-Pédro,4.75,-6.64
2020-07-17,24.8,0.3,81,19.1,2.93,San-Pédro,4.75,-6.64
2020-07-18,24.9,1.4,86,14.8,3.07,San-Pédro,4.75,-6.64
2020-07-19,24.8,1.7,88,15.6,3.19,San-Pédro,4.75,-6.64
2020-07-20,24.6,1.4,89,13.8,3.6,San-Pédro,4.75,-6.64
2020-07-21,24.8,1.2,88,12.7,3.73,San-Pédro,4.75,-6.64
2020-07-22,24.5,2.0,89,15.2,2.6,San-Pédro,4.75,-6.64
2020-07-23,25.0,3.2,85,13.5,3.43,San-Pédro,4.75,-6.64
2020-07-24,24.8,2.9,86,17.2,3.46,San-Pédro,4.75,-6.64
2020-07-25,24.7,3.3,83,17.9,3.78,San-Pédro,4.75,-6.64
2020-07-26,24.8,1.5,80,17.1,4.1,San-Pédro,4.75,-6.64
2020-07-27,24.5,4.8,81,15.6,3.25,San-Pédro,4.75,-6.64
2020-07-28,25.0,2.2,79,15.8,3.63,San-Pédro,4.75,-6.64
2020-07-29,24.6,2.5,86,13.5,3.69,San-Pédro,4.75,-6.64
2020-07-30,24.4,2.8,87,12.5,3.1,San-Pédro,4.75,-6.64
2020-07-31,24.9,2.9,85,14.4,3.45,San-Pédro,4.75,-6.64
2020-08-01,24.6,4.8,86,18.1,2.17,San-Pédro,4.75,-6.64
2020-08-02,25.1,0.9,76,17.3,4.25,San-Pédro,4.75,-6.64
2020-08-03,24.5,0.5,77,17.9,4.23,San-Pédro,4.75,-6.64
2020-08-04,24.5,0.0,70,14.8,4.99,San-Pédro,4.75,-6.64
2020-08-05,23.9,0.1,76,18.4,4.29,San-Pédro,4.75,-6.64
2020-08-06,24.2,0.0,72,18.5,4.67,San-Pédro,4.75,-6.64
2020-08-07,24.1,0.1,78,16.2,3.33,San-Pédro,4.75,-6.64
2020-08-08,24.4,2.0,82,17.3,3.27,San-Pédro,4.75,-6.64
2020-08-09,24.5,2.8,81,15.1,3.54,San-Pédro,4.75,-6.64
2020-08-10,24.6,4.8,83,17.2,3.73,San-Pédro,4.75,-6.64
2020-08-11,24.8,1.2,78,16.1,4.39,San-Pédro,4.75,-6.64
2020-08-12,24.6,0.3,75,13.3,3.89,San-Pédro,4.75,-6.64
2020-08-13,23.9,0.0,82,11.9,4.21,San-Pédro,4.75,-6.64
2020-08-14,24.2,0.2,85,18.7,3.97,San-Pédro,4.75,-6.64
2020-08-15,24.5,4.5,86,23.4,3.2,San-Pédro,4.75,-6.64
2020-08-16,24.7,1.5,81,14.3,4.24,San-Pédro,4.75,-6.64
2020-08-17,24.5,2.9,82,13.4,3.58,San-Pédro,4.75,-6.64
2020-08-18,24.8,1.6,83,13.4,3.93,San-Pédro,4.75,-6.64
2020-08-19,24.5,3.0,86,16.4,3.39,San-Pédro,4.75,-6.64
2020-08-20,24.7,2.9,85,17.7,3.83,San-Pédro,4.75,-6.64
2020-08-21,24.7,2.2,85,16.8,3.47,San-Pédro,4.75,-6.64
2020-08-22,24.6,2.5,87,15.0,2.93,San-Pédro,4.75,-6.64
2020-08-23,24.5,3.1,87,16.6,3.27,San-Pédro,4.75,-6.64
2020-08-24,24.6,2.8,86,15.6,4.07,San-Pédro,4.75,-6.64
2020-08-25,24.7,1.2,84,17.8,3.39,San-Pédro,4.75,-6.64
2020-08-26,24.6,1.1,85,11.9,2.83,San-Pédro,4.75,-6.64
2020-08-27,24.9,2.3,86,16.0,3.73,San-Pédro,4.75,-6.64
2020-08-28,24.7,2.5,87,17.2,3.62,San-Pédro,4.75,-6.64
2020-08-29,24.4,3.1,88,17.3,3.4,San-Pédro,4.75,-6.64
2020-08-30,24.3,3.3,86,17.5,3.21,San-Pédro,4.75,-6.64
2020-08-31,24.6,2.7,83,18.8,3.44,San-Pédro,4.75,-6.64
2020-09-01,24.7,0.7,82,13.9,3.74,San-Pédro,4.75,-6.64
2020-09-02,25.0,2.7,86,16.1,3.23,San-Pédro,4.75,-6.64
2020-09-03,24.4,2.7,89,14.0,2.4,San-Pédro,4.75,-6.64
2020-09-04,24.4,1.9,88,13.9,3.22,San-Pédro,4.75,-6.64
2020-09-05,24.5,3.5,86,15.1,3.63,San-Pédro,4.75,-6.64
2020-09-06,24.0,21.1,92,13.7,1.81,San-Pédro,4.75,-6.64
2020-09-07,24.6,2.2,90,13.6,3.48,San-Pédro,4.75,-6.64
2020-09-08,24.1,12.3,93,13.7,1.51,San-Pédro,4.75,-6.64
2020-09-09,24.2,11.6,92,15.8,2.05,San-Pédro,4.75,-6.64
2020-09-10,24.1,11.5,92,16.9,2.3,San-Pédro,4.75,-6.64
2020-09-11,24.6,2.9,87,15.0,3.73,San-Pédro,4.75,-6.64
2020-09-12,24.6,1.2,89,12.0,2.97,San-Pédro,4.75,-6.64
2020-09-13,24.6,1.1,89,12.0,3.31,San-Pédro,4.75,-6.64
2020-09-14,24.6,4.5,89,15.1,3.13,San-Pédro,4.75,-6.64
2020-09-15,24.8,2.5,89,13.8,3.05,San-Pédro,4.75,-6.64
2020-09-16,24.8,2.3,87,18.4,3.39,San-Pédro,4.75,-6.64
2020-09-17,24.8,4.3,86,19.4,3.55,San-Pédro,4.75,-6.64
2020-09-18,24.8,5.4,86,14.9,3.94,San-Pédro,4.75,-6.64
2020-09-19,25.0,2.4,85,13.7,3.61,San-Pédro,4.75,-6.64
2020-09-20,24.0,4.5,93,13.9,1.56,San-Pédro,4.75,-6.64
2020-09-21,24.5,2.7,90,15.7,3.68,San-Pédro,4.75,-6.64
2020-09-22,24.5,1.6,90,13.7,3.07,San-Pédro,4.75,-6.64
2020-09-23,25.1,1.3,87,20.1,3.91,San-Pédro,4.75,-6.64
2020-09-24,24.8,3.0,90,12.6,3.39,San-Pédro,4.75,-6.64
2020-09-25,24.4,5.4,92,12.3,2.53,San-Pédro,4.75,-6.64
2020-09-26,24.5,1.4,90,14.8,2.92,San-Pédro,4.75,-6.64
2020-09-27,24.5,3.6,91,16.2,3.42,San-Pédro,4.75,-6.64
2020-09-28,24.8,4.0,89,12.6,3.65,San-Pédro,4.75,-6.64
2020-09-29,24.7,2.2,90,12.9,3.39,San-Pédro,4.75,-6.64
2020-09-30,25.0,1.8,88,14.2,3.51,San-Pédro,4.75,-6.64
2020-10-01,25.0,3.4,88,15.5,2.73,San-Pédro,4.75,-6.64
2020-10-02,24.8,4.4,91,15.0,2.98,San-Pédro,4.75,-6.64
2020-10-03,25.0,5.1,89,16.1,3.85,San-Pédro,4.75,-6.64
2020-10-04,25.3,3.3,87,14.0,3.93,San-Pédro,4.75,-6.64
2020-10-05,25.4,1.1,86,11.1,3.82,San-Pédro,4.75,-6.64
2020-10-06,25.6,1.3,85,14.1,3.64,San-Pédro,4.75,-6.64
2020-10-07,25.3,5.2,88,12.3,3.32,San-Pédro,4.75,-6.64
2020-10-08,25.1,3.7,89,16.3,3.24,San-Pédro,4.75,-6.64
2020-10-09,25.1,2.9,89,17.8,3.32,San-Pédro,4.75,-6.64
2020-10-10,25.2,2.7,88,17.8,3.94,San-Pédro,4.75,-6.64
2020-10-11,24.8,3.8,89,14.8,3.19,San-Pédro,4.75,-6.64
2020-10-12,24.9,1.8,89,10.2,3.5,San-Pédro,4.75,-6.64
2020-10-13,24.7,1.6,88,9.9,2.89,San-Pédro,4.75,-6.64
2020-10-14,24.9,0.6,88,13.0,3.72,San-Pédro,4.75,-6.64
2020-10-15,25.1,1.7,88,11.6,3.31,San-Pédro,4.75,-6.64
2020-10-16,25.4,2.3,87,11.9,3.31,San-Pédro,4.75,-6.64
2020-10-17,25.5,2.0,87,13.6,3.75,San-Pédro,4.75,-6.64
2020-10-18,25.2,3.8,88,15.0,3.22,San-Pédro,4.75,-6.64
2020-10-19,25.6,3.1,86,16.3,3.68,San-Pédro,4.75,-6.64
2020-10-20,25.7,1.4,85,13.1,3.2,San-Pédro,4.75,-6.64
2020-10-21,25.4,3.9,87,12.0,3.57,San-Pédro,4.75,-6.64
2020-10-22,25.7,1.0,88,13.6,3.87,San-Pédro,4.75,-6.64
2020-10-23,25.4,0.6,89,10.4,3.04,San-Pédro,4.75,-6.64
2020-10-24,25.8,0.6,88,11.7,4.04,San-Pédro,4.75,-6.64
2020-10-25,26.0,1.7,87,11.7,3.64,San-Pédro,4.75,-6.64
2020-10-26,25.5,2.6,89,9.5,2.68,San-Pédro,4.75,-6.64
2020-10-27,25.4,3.3,90,9.4,3.29,San-Pédro,4.75,-6.64
2020-10-28,25.3,25.8,91,12.3,2.62,San-Pédro,4.75,-6.64
2020-10-29,26.1,1.3,89,10.0,3.83,San-Pédro,4.75,-6.64
2020-10-30,26.4,0.7,85,11.4,3.82,San-Pédro,4.75,-6.64
2020-10-31,26.0,6.7,87,12.3,3.21,San-Pédro,4.75,-6.64
2020-11-01,26.1,1.2,86,10.5,3.78,San-Pédro,4.75,-6.64
2020-11-02,26.0,1.4,86,11.0,3.73,San-Pédro,4.75,-6.64
2020-11-03,26.3,1.7,86,13.3,4.19,San-Pédro,4.75,-6.64
2020-11-04,27.0,1.1,84,12.5,4.05,San-Pédro,4.75,-6.64
2020-11-05,26.4,3.9,86,10.5,3.68,San-Pédro,4.75,-6.64
2020-11-06,25.5,5.7,89,10.8,3.18,San-Pédro,4.75,-6.64
2020-11-07,26.6,0.5,84,10.5,3.66,San-Pédro,4.75,-6.64
2020-11-08,26.8,0.4,83,11.8,3.99,San-Pédro,4.75,-6.64
2020-11-09,26.1,2.4,88,10.1,3.4,San-Pédro,4.75,-6.64
2020-11-10,25.3,19.6,91,11.7,2.82,San-Pédro,4.75,-6.64
2020-11-11,25.4,9.6,91,10.7,2.74,San-Pédro,4.75,-6.64
2020-11-12,25.6,4.7,91,7.4,2.97,San-Pédro,4.75,-6.64
2020-11-13,26.7,1.7,86,11.2,3.59,San-Pédro,4.75,-6.64
2020-11-14,26.5,6.4,87,11.3,3.38,San-Pédro,4.75,-6.64
2020-11-15,26.4,2.9,86,11.3,3.11,San-Pédro,4.75,-6.64
2020-11-16,26.2,3.0,86,12.7,3.23,San-Pédro,4.75,-6.64
2020-11-17,25.6,2.2,87,10.4,2.9,San-Pédro,4.75,-6.64
2020-11-18,26.4,2.2,85,10.4,3.47,San-Pédro,4.75,-6.64
2020-11-19,26.5,2.4,83,12.4,3.58,San-Pédro,4.75,-6.64
2020-11-20,25.8,7.4,88,10.8,2.96,San-Pédro,4.75,-6.64
2020-11-21,25.5,19.0,91,12.8,2.79,San-Pédro,4.75,-6.64
2020-11-22,25.5,11.0,89,11.9,3.34,San-Pédro,4.75,-6.64
2020-11-23,26.3,3.1,86,10.4,3.15,San-Pédro,4.75,-6.64
2020-11-24,26.2,2.1,85,11.0,3.39,San-Pédro,4.75,-6.64
2020-11-25,26.0,4.4,88,12.1,3.48,San-Pédro,4.75,-6.64
2020-11-26,25.4,2.2,91,16.5,2.12,San-Pédro,4.75,-6.64
2020-11-27,26.1,0.8,86,14.3,3.28,San-Pédro,4.75,-6.64
2020-11-28,25.5,1.3,87,12.1,2.72,San-Pédro,4.75,-6.64
2020-11-29,26.1,1.7,86,10.9,3.33,San-Pédro,4.75,-6.64
2020-11-30,25.9,0.9,87,9.5,3.18,San-Pédro,4.75,-6.64
2020-12-01,26.0,1.0,86,11.4,3.21,San-Pédro,4.75,-6.64
2020-12-02,26.3,1.7,84,12.4,3.48,San-Pédro,4.75,-6.64
2020-12-03,26.3,1.7,85,11.0,3.71,San-Pédro,4.75,-6.64
2020-12-04,26.2,0.8,86,13.3,3.43,San-Pédro,4.75,-6.64
2020-12-05,26.0,0.5,87,12.2,3.08,San-Pédro,4.75,-6.64
2020-12-06,26.1,0.4,86,10.1,3.39,San-Pédro,4.75,-6.64
2020-12-07,26.3,1.1,84,14.0,3.48,San-Pédro,4.75,-6.64
2020-12-08,25.9,4.2,87,11.9,3.17,San-Pédro,4.75,-6.64
2020-12-09,26.1,4.4,87,10.9,3.22,San-Pédro,4.75,-6.64
2020-12-10,25.8,7.5,88,10.5,2.85,San-Pédro,4.75,-6.64
2020-12-11,26.3,1.7,85,12.1,3.52,San-Pédro,4.75,-6.64
2020-12-12,26.2,1.4,87,13.5,3.28,San-Pédro,4.75,-6.64
2020-12-13,26.3,2.1,87,10.0,2.94,San-Pédro,4.75,-6.64
2020-12-14,26.0,2.6,88,11.4,3.02,San-Pédro,4.75,-6.64
2020-12-15,25.8,2.8,88,11.3,2.79,San-Pédro,4.75,-6.64
2020-12-16,25.6,5.0,89,9.8,2.91,San-Pédro,4.75,-6.64
2020-12-17,25.1,4.9,91,10.8,2.35,San-Pédro,4.75,-6.64
2020-12-18,24.8,4.3,92,9.8,2.04,San-Pédro,4.75,-6.64
2020-12-19,25.7,1.5,85,11.7,3.36,San-Pédro,4.75,-6.64
2020-12-20,26.3,1.7,86,11.3,3.42,San-Pédro,4.75,-6.64
2020-12-21,26.4,1.9,87,11.0,3.16,San-Pédro,4.75,-6.64
2020-12-22,26.4,2.5,88,11.5,2.99,San-Pédro,4.75,-6.64
2020-12-23,25.8,4.2,89,9.8,2.59,San-Pédro,4.75,-6.64
2020-12-24,26.4,2.3,86,11.2,3.48,San-Pédro,4.75,-6.64
2020-12-25,26.0,1.3,88,11.3,3.22,San-Pédro,4.75,-6.64
2020-12-26,26.5,1.2,87,9.8,2.91,San-Pédro,4.75,-6.64
2020-12-27,26.5,1.2,88,10.1,3.35,San-Pédro,4.75,-6.64
2020-12-28,26.6,1.8,86,13.0,3.46,San-Pédro,4.75,-6.64
2020-12-29,26.6,0.6,85,14.5,3.36,San-Pédro,4.75,-6.64
2020-12-30,26.7,2.6,86,11.7,3.57,San-Pédro,4.75,-6.64
2020-12-31,27.1,0.7,85,11.5,3.65,San-Pédro,4.75,-6.64
2021-01-01,26.8,1.2,85,14.9,3.52,San-Pédro,4.75,-6.64
2021-01-02,26.7,1.9,86,15.6,3.43,San-Pédro,4.75,-6.64
2021-01-03,26.4,1.5,87,13.0,3.3,San-Pédro,4.75,-6.64
2021-01-04,26.5,0.4,85,10.6,3.26,San-Pédro,4.75,-6.64
2021-01-05,25.9,9.3,89,10.5,2.66,San-Pédro,4.75,-6.64
2021-01-06,25.9,2.9,88,12.2,2.69,San-Pédro,4.75,-6.64
2021-01-07,26.5,0.7,84,15.1,2.82,San-Pédro,4.75,-6.64
2021-01-08,26.7,1.5,83,10.7,3.66,San-Pédro,4.75,-6.64
2021-01-09,26.7,0.2,85,14.1,3.54,San-Pédro,4.75,-6.64
2021-01-10,26.8,0.2,85,14.9,3.67,San-Pédro,4.75,-6.64
2021-01-11,26.3,1.6,86,15.2,3.28,San-Pédro,4.75,-6.64
2021-01-12,25.9,3.0,86,19.0,3.37,San-Pédro,4.75,-6.64
2021-01-13,25.8,1.2,86,14.8,3.17,San-Pédro,4.75,-6.64
2021-01-14,26.0,0.1,86,12.6,3.63,San-Pédro,4.75,-6.64
2021-01-15,26.2,4.5,88,16.3,3.23,San-Pédro,4.75,-6.64
2021-01-16,26.0,1.7,89,12.7,3.09,San-Pédro,4.75,-6.64
2021-01-17,26.5,1.0,86,10.4,3.21,San-Pédro,4.75,-6.64
2021-01-18,26.3,1.0,86,11.5,2.97,San-Pédro,4.75,-6.64
2021-01-19,26.4,1.1,85,11.2,3.37,San-Pédro,4.75,-6.64
2021-01-20,26.4,4.0,85,11.2,3.14,San-Pédro,4.75,-6.64
2021-01-21,26.9,1.1,83,11.9,3.52,San-Pédro,4.75,-6.64
2021-01-22,26.8,1.6,84,12.7,3.71,San-Pédro,4.75,-6.64
2021-01-23,26.6,0.4,86,14.6,3.51,San-Pédro,4.75,-6.64
2021-01-24,26.9,0.2,82,15.7,4.26,San-Pédro,4.75,-6.64
2021-01-25,27.1,1.5,83,14.4,3.9,San-Pédro,4.75,-6.64
2021-01-26,26.9,1.4,85,11.8,3.66,San-Pédro,4.75,-6.64
2021-01-27,27.1,1.0,84,13.8,3.56,San-Pédro,4.75,-6.64
2021-01-28,26.7,0.5,87,11.8,3.18,San-Pédro,4.75,-6.64
2021-01-29,26.9,1.2,86,12.6,3.45,San-Pédro,4.75,-6.64
2021-01-30,26.4,6.4,88,13.3,3.08,San-Pédro,4.75,-6.64
2021-01-31,26.2,4.2,90,12.2,2.61,San-Pédro,4.75,-6.64
2021-02-01,27.1,2.2,84,14.5,3.66,San-Pédro,4.75,-6.64
2021-02-02,27.2,0.9,85,13.2,3.77,San-Pédro,4.75,-6.64
2021-02-03,26.9,1.0,85,13.6,3.39,San-Pédro,4.75,-6.64
2021-02-04,27.0,0.8,85,14.7,3.81,San-Pédro,4.75,-6.64
2021-02-05,26.7,3.6,86,15.3,3.5,San-Pédro,4.75,-6.64
2021-02-06,26.6,3.3,88,15.5,3.19,San-Pédro,4.75,-6.64
2021-02-07,27.2,0.4,84,13.8,3.85,San-Pédro,4.75,-6.64
2021-02-08,26.6,8.3,87,14.4,3.19,San-Pédro,4.75,-6.64
2021-02-09,26.7,0.2,84,14.0,4.09,San-Pédro,4.75,-6.64
2021-02-10,27.0,1.0,87,15.0,3.48,San-Pédro,4.75,-6.64
2021-02-11,27.2,1.4,85,15.7,4.06,San-Pédro,4.75,-6.64
2021-02-12,27.7,1.7,84,14.5,4.1,San-Pédro,4.75,-6.64
2021-02-13,27.3,0.7,85,18.6,3.88,San-Pédro,4.75,-6.64
2021-02-14,27.2,0.4,84,17.1,3.69,San-Pédro,4.75,-6.64
2021-02-15,26.8,2.9,86,12.7,3.42,San-Pédro,4.75,-6.64
2021-02-16,26.2,3.5,87,11.5,3.05,San-Pédro,4.75,-6.64
2021-02-17,26.1,4.9,86,13.0,3.69,San-Pédro,4.75,-6.64
2021-02-18,25.3,13.4,89,12.1,2.25,San-Pédro,4.75,-6.64
2021-02-19,26.5,0.5,83,10.2,4.03,San-Pédro,4.75,-6.64
2021-02-20,26.9,1.1,82,13.5,4.13,San-Pédro,4.75,-6.64
2021-02-21,26.7,1.3,85,13.7,3.92,San-Pédro,4.75,-6.64
2021-02-22,26.9,1.2,83,15.2,4.0,San-Pédro,4.75,-6.64
2021-02-23,27.2,1.3,82,11.2,4.38,San-Pédro,4.75,-6.64
2021-02-24,27.2,0.2,80,17.2,4.59,San-Pédro,4.75,-6.64
2021-02-25,26.6,10.7,85,17.9,3.76,San-Pédro,4.75,-6.64
2021-02-26,26.2,1.5,88,10.7,3.4,San-Pédro,4.75,-6.64
2021-02-27,26.2,3.4,88,12.3,3.39,San-Pédro,4.75,-6.64
2021-02-28,26.0,4.1,88,11.8,3.34,San-Pédro,4.75,-6.64
2021-03-01,26.7,0.4,85,12.5,4.25,San-Pédro,4.75,-6.64
2021-03-02,27.2,1.0,83,12.0,4.34,San-Pédro,4.75,-6.64
2021-03-03,27.4,1.5,85,12.7,3.98,San-Pédro,4.75,-6.64
2021-03-04,26.8,3.1,87,16.8,3.79,San-Pédro,4.75,-6.64
2021-03-05,26.5,2.5,87,19.1,3.56,San-Pédro,4.75,-6.64
2021-03-06,26.6,0.5,85,16.2,4.2,San-Pédro,4.75,-6.64
2021-03-07,26.9,0.0,84,16.4,4.24,San-Pédro,4.75,-6.64
2021-03-08,26.9,0.4,85,19.0,4.23,San-Pédro,4.75,-6.64
2021-03-09,26.5,0.6,86,22.5,3.67,San-Pédro,4.75,-6.64
2021-03-10,26.6,1.7,86,17.2,3.85,San-Pédro,4.75,-6.64
2021-03-11,26.4,4.0,87,18.1,3.58,San-Pédro,4.75,-6.64
2021-03-12,26.2,3.5,88,14.7,3.49,San-Pédro,4.75,-6.64
2021-03-13,25.9,10.6,88,21.9,3.03,San-Pédro,4.75,-6.64
2021-03-14,26.3,8.1,87,16.6,4.0,San-Pédro,4.75,-6.64
2021-03-15,25.6,0.9,88,15.5,3.17,San-Pédro,4.75,-6.64
2021-03-16,26.5,0.5,85,18.1,4.31,San-Pédro,4.75,-6.64
2021-03-17,26.0,0.1,85,24.2,4.01,San-Pédro,4.75,-6.64
2021-03-18,25.1,1.3,88,14.9,3.17,San-Pédro,4.75,-6.64
2021-03-19,25.5,0.0,86,15.0,4.47,San-Pédro,4.75,-6.64
2021-03-20,26.4,0.0,83,14.5,4.6,San-Pédro,4.75,-6.64
2021-03-21,26.5,1.4,84,19.7,4.45,San-Pédro,4.75,-6.64
2021-03-22,26.4,0.8,84,20.9,3.89,San-Pédro,4.75,-6.64
2021-03-23,26.4,0.3,84,14.1,4.15,San-Pédro,4.75,-6.64
2021-03-24,25.8,1.3,89,11.4,2.38,San-Pédro,4.75,-6.64
2021-03-25,26.2,0.0,85,8.0,3.92,San-Pédro,4.75,-6.64
2021-03-26,25.9,0.0,86,12.6,4.63,San-Pédro,4.75,-6.64
2021-03-27,26.9,0.3,85,13.6,4.29,San-Pédro,4.75,-6.64
2021-03-28,26.1,4.0,88,14.2,3.91,San-Pédro,4.75,-6.64
2021-03-29,26.2,1.6,87,11.5,3.94,San-Pédro,4.75,-6.64
2021-03-30,26.5,0.3,86,13.0,4.51,San-Pédro,4.75,-6.64
2021-03-31,26.9,0.0,86,11.2,4.56,San-Pédro,4.75,-6.64
2021-04-01,27.4,0.0,85,10.5,4.66,San-Pédro,4.75,-6.64
2021-04-02,27.6,0.2,84,12.0,4.59,San-Pédro,4.75,-6.64
2021-04-03,27.6,0.4,82,11.6,4.12,San-Pédro,4.75,-6.64
2021-04-04,27.2,0.9,84,13.2,4.03,San-Pédro,4.75,-6.64
2021-04-05,27.2,4.7,85,13.8,3.59,San-Pédro,4.75,-6.64
2021-04-06,27.5,1.1,84,13.0,4.39,San-Pédro,4.75,-6.64
2021-04-07,27.6,0.7,83,12.7,4.55,San-Pédro,4.75,-6.64
2021-04-08,27.4,2.8,85,15.7,4.14,San-Pédro,4.75,-6.64
2021-04-09,26.6,8.1,89,15.7,3.56,San-Pédro,4.75,-6.64
2021-04-10,26.9,0.6,82,12.7,4.04,San-Pédro,4.75,-6.64
2021-04-11,27.7,0.2,80,14.5,4.89,San-Pédro,4.75,-6.64
2021-04-12,27.1,3.6,83,16.6,3.97,San-Pédro,4.75,-6.64
2021-04-13,27.1,2.1,85,14.3,3.98,San-Pédro,4.75,-6.64
2021-04-14,27.2,4.6,83,14.9,4.53,San-Pédro,4.75,-6.64
2021-04-15,27.6,0.4,82,13.7,4.25,San-Pédro,4.75,-6.64
2021-04-16,27.7,1.3,80,17.1,4.56,San-Pédro,4.75,-6.64
2021-04-17,26.2,6.2,88,11.6,3.0,San-Pédro,4.75,-6.64
2021-04-18,27.2,0.2,81,12.1,4.89,San-Pédro,4.75,-6.64
2021-04-19,28.0,0.6,79,14.9,4.49,San-Pédro,4.75,-6.64
2021-04-20,27.7,1.0,81,14.7,4.78,San-Pédro,4.75,-6.64
2021-04-21,27.4,0.5,83,17.7,4.22,San-Pédro,4.75,-6.64
2021-04-22,27.2,0.8,85,15.4,3.74,San-Pédro,4.75,-6.64
2021-04-23,26.9,3.0,85,18.4,3.76,San-Pédro,4.75,-6.64
2021-04-24,27.2,1.0,83,17.6,3.81,San-Pédro,4.75,-6.64
2021-04-25,26.6,1.4,85,15.0,3.31,San-Pédro,4.75,-6.64
2021-04-26,27.6,0.4,80,14.7,4.99,San-Pédro,4.75,-6.64
2021-04-27,27.3,4.2,84,13.9,3.81,San-Pédro,4.75,-6.64
2021-04-28,26.6,5.0,87,13.1,3.41,San-Pédro,4.75,-6.64
2021-04-29,27.2,4.7,86,14.0,4.49,San-Pédro,4.75,-6.64
2021-04-30,26.8,3.6,88,13.2,3.63,San-Pédro,4.75,-6.64
2021-05-01,27.0,1.6,84,16.4,4.34,San-Pédro,4.75,-6.64
2021-05-02,27.1,0.7,84,19.4,3.98,San-Pédro,4.75,-6.64
2021-05-03,26.7,4.3,85,21.9,3.82,San-Pédro,4.75,-6.64
2021-05-04,26.0,7.5,89,15.6,3.09,San-Pédro,4.75,-6.64
2021-05-05,26.1,3.5,87,18.2,3.53,San-Pédro,4.75,-6.64
2021-05-06,25.4,12.6,92,19.7,2.29,San-Pédro,4.75,-6.64
2021-05-07,26.2,1.2,86,12.0,3.95,San-Pédro,4.75,-6.64
2021-05-08,26.2,5.4,87,14.8,3.48,San-Pédro,4.75,-6.64
2021-05-09,25.9,4.6,90,9.9,3.69,San-Pédro,4.75,-6.64
2021-05-10,26.3,2.0,85,13.5,3.99,San-Pédro,4.75,-6.64
2021-05-11,27.0,3.3,82,14.9,3.94,San-Pédro,4.75,-6.64
2021-05-12,27.8,1.3,75,13.0,4.82,San-Pédro,4.75,-6.64
2021-05-13,27.3,0.0,78,14.2,4.79,San-Pédro,4.75,-6.64
2021-05-14,27.8,0.6,80,14.7,4.74,San-Pédro,4.75,-6.64
2021-05-15,27.0,4.1,86,13.6,3.91,San-Pédro,4.75,-6.64
2021-05-16,26.6,5.3,87,14.3,3.82,San-Pédro,4.75,-6.64
2021-05-17,26.2,8.0,89,13.6,3.36,San-Pédro,4.75,-6.64
2021-05-18,26.2,10.3,88,13.6,3.01,San-Pédro,4.75,-6.64
2021-05-19,26.1,17.3,88,10.7,2.88,San-Pédro,4.75,-6.64
2021-05-20,26.5,1.0,83,15.9,3.91,San-Pédro,4.75,-6.64
2021-05-21,25.6,7.5,89,11.3,2.73,San-Pédro,4.75,-6.64
2021-05-22,26.3,1.9,86,9.9,3.67,San-Pédro,4.75,-6.64
2021-05-23,27.3,1.5,82,12.2,4.17,San-Pédro,4.75,-6.64
2021-05-24,27.0,1.2,85,13.3,3.67,San-Pédro,4.75,-6.64
2021-05-25,26.8,2.8,87,13.6,3.58,San-Pédro,4.75,-6.64
2021-05-26,27.0,2.4,86,13.9,3.79,San-Pédro,4.75,-6.64
2021-05-27,26.9,2.6,85,14.9,3.81,San-Pédro,4.75,-6.64
2021-05-28,27.1,2.3,85,14.6,3.75,San-Pédro,4.75,-6.64
2021-05-29,27.2,4.7,86,17.2,3.8,San-Pédro,4.75,-6.64
2021-05-30,26.2,19.3,91,11.6,2.99,San-Pédro,4.75,-6.64
2021-05-31,25.1,19.4,97,11.5,1.99,San-Pédro,4.75,-6.64
2021-06-01,25.6,9.5,91,14.2,3.24,San-Pédro,4.75,-6.64
2021-06-02,26.1,7.3,89,12.8,3.14,San-Pédro,4.75,-6.64
2021-06-03,26.5,10.9,88,13.6,3.58,San-Pédro,4.75,-6.64
2021-06-04,26.0,18.2,90,14.5,2.69,San-Pédro,4.75,-6.64
2021-06-05,25.2,21.2,93,13.7,2.26,San-Pédro,4.75,-6.64
2021-06-06,25.2,33.9,94,14.0,2.52,San-Pédro,4.75,-6.64
2021-06-07,26.2,6.4,87,12.6,3.21,San-Pédro,4.75,-6.64
2021-06-08,26.2,3.3,85,12.6,3.85,San-Pédro,4.75,-6.64
2021-06-09,25.8,11.8,91,9.8,2.65,San-Pédro,4.75,-6.64
2021-06-10,24.6,49.5,97,12.4,1.82,San-Pédro,4.75,-6.64
2021-06-11,24.7,10.8,94,8.0,2.41,San-Pédro,4.75,-6.64
2021-06-12,25.5,7.8,90,8.7,2.76,San-Pédro,4.75,-6.64
2021-06-13,25.6,12.9,91,12.2,3.35,San-Pédro,4.75,-6.64
2021-06-14,25.3,8.9,92,12.3,2.61,San-Pédro,4.75,-6.64
2021-06-15,25.4,8.5,89,15.1,3.23,San-Pédro,4.75,-6.64
2021-06-16,25.4,3.7,88,14.8,2.61,San-Pédro,4.75,-6.64
2021-06-17,26.6,1.7,81,12.0,3.89,San-Pédro,4.75,-6.64
2021-06-18,26.5,4.6,81,16.1,4.05,San-Pédro,4.75,-6.64
2021-06-19,26.2,7.6,83,13.9,4.03,San-Pédro,4.75,-6.64
2021-06-20,24.9,22.3,92,16.1,2.3,San-Pédro,4.75,-6.64
2021-06-21,25.6,1.6,86,13.3,2.93,San-Pédro,4.75,-6.64
2021-06-22,25.3,2.4,87,10.4,3.15,San-Pédro,4.75,-6.64
2021-06-23,24.5,23.1,94,15.1,1.99,San-Pédro,4.75,-6.64
2021-06-24,23.9,20.0,98,11.5,1.4,San-Pédro,4.75,-6.64
2021-06-25,24.6,5.7,91,13.1,2.29,San-Pédro,4.75,-6.64
2021-06-26,25.5,2.0,86,11.4,3.66,San-Pédro,4.75,-6.64
2021-06-27,25.0,11.1,92,12.5,2.58,San-Pédro,4.75,-6.64
2021-06-28,25.1,16.8,89,16.9,3.17,San-Pédro,4.75,-6.64
2021-06-29,25.9,2.9,85,12.9,3.79,San-Pédro,4.75,-6.64
2021-06-30,24.6,16.0,92,13.6,2.55,San-Pédro,4.75,-6.64
2021-07-01,24.7,8.3,91,11.4,2.83,San-Pédro,4.75,-6.64
2021-07-02,24.6,4.8,91,17.5,2.66,San-Pédro,4.75,-6.64
2021-07-03,24.5,4.0,90,15.8,1.88,San-Pédro,4.75,-6.64
2021-07-04,24.1,8.2,93,14.1,2.06,San-Pédro,4.75,-6.64
2021-07-05,24.3,32.0,94,10.8,1.99,San-Pédro,4.75,-6.64
2021-07-06,24.4,8.2,92,11.0,2.43,San-Pédro,4.75,-6.64
2021-07-07,24.9,3.3,87,16.9,3.72,San-Pédro,4.75,-6.64
2021-07-08,25.2,7.2,86,15.3,3.43,San-Pédro,4.75,-6.64
2021-07-09,25.5,5.7,83,17.0,3.47,San-Pédro,4.75,-6.64
2021-07-10,26.0,2.4,76,17.7,4.33,San-Pédro,4.75,-6.64
2021-07-11,26.3,1.1,73,12.8,4.42,San-Pédro,4.75,-6.64
2021-07-12,26.0,3.3,78,14.6,3.97,San-Pédro,4.75,-6.64
2021-07-13,26.1,3.4,76,18.1,4.39,San-Pédro,4.75,-6.64
2021-07-14,25.8,2.7,77,20.9,4.07,San-Pédro,4.75,-6.64
2021-07-15,25.6,3.0,78,16.9,3.43,San-Pédro,4.75,-6.64
2021-07-16,25.4,4.2,83,18.0,3.35,San-Pédro,4.75,-6.64
2021-07-17,25.6,3.6,82,17.7,3.22,San-Pédro,4.75,-6.64
2021-07-18,25.8,2.2,77,14.4,4.07,San-Pédro,4.75,-6.64
2021-07-19,25.7,1.7,76,16.6,3.85,San-Pédro,4.75,-6.64
2021-07-20,25.6,2.5,76,16.7,3.3,San-Pédro,4.75,-6.64
2021-07-21,25.8,1.4,76,13.9,3.33,San-Pédro,4.75,-6.64
2021-07-22,25.3,5.0,82,18.2,3.61,San-Pédro,4.75,-6.64
2021-07-23,25.2,4.9,79,19.2,3.95,San-Pédro,4.75,-6.64
2021-07-24,25.4,0.1,73,13.9,4.62,San-Pédro,4.75,-6.64
2021-07-25,25.0,0.8,78,13.8,3.45,San-Pédro,4.75,-6.64
2021-07-26,25.6,2.1,76,18.5,4.0,San-Pédro,4.75,-6.64
2021-07-27,25.6,2.9,78,16.6,3.81,San-Pédro,4.75,-6.64
2021-07-28,25.7,2.2,78,19.0,3.99,San-Pédro,4.75,-6.64
2021-07-29,24.8,1.6,86,13.9,3.62,San-Pédro,4.75,-6.64
2021-07-30,25.0,1.5,86,13.6,3.69,San-Pédro,4.75,-6.64
2021-07-31,24.7,3.7,89,15.5,2.97,San-Pédro,4.75,-6.64
2021-08-01,24.8,3.6,88,13.6,2.96,San-Pédro,4.75,-6.64
2021-08-02,25.1,2.7,85,12.7,3.82,San-Pédro,4.75,-6.64
2021-08-03,25.1,1.0,83,15.2,3.84,San-Pédro,4.75,-6.64
2021-08-04,25.2,2.2,84,20.4,3.54,San-Pédro,4.75,-6.64
2021-08-05,25.2,3.4,85,19.5,3.69,San-Pédro,4.75,-6.64
2021-08-06,25.3,1.7,83,17.7,4.19,San-Pédro,4.75,-6.64
2021-08-07,25.4,1.8,81,20.6,3.89,San-Pédro,4.75,-6.64
2021-08-08,24.9,2.3,86,22.4,3.8,San-Pédro,4.75,-6.64
2021-08-09,24.6,3.4,87,16.6,3.19,San-Pédro,4.75,-6.64
2021-08-10,24.7,4.2,88,16.2,3.54,San-Pédro,4.75,-6.64
2021-08-11,24.7,1.8,88,19.1,3.33,San-Pédro,4.75,-6.64
2021-08-12,24.8,3.4,88,18.3,3.26,San-Pédro,4.75,-6.64
2021-08-13,24.6,3.9,85,18.1,3.99,San-Pédro,4.75,-6.64
2021-08-14,24.8,0.0,81,12.9,4.18,San-Pédro,4.75,-6.64
2021-08-15,24.6,0.1,80,16.9,3.72,San-Pédro,4.75,-6.64
2021-08-16,24.8,0.2,81,11.9,4.04,San-Pédro,4.75,-6.64
2021-08-17,25.2,0.1,77,13.8,3.76,San-Pédro,4.75,-6.64
2021-08-18,24.8,0.3,81,13.9,3.9,San-Pédro,4.75,-6.64
2021-08-19,25.1,1.8,82,14.7,3.82,San-Pédro,4.75,-6.64
2021-08-20,24.1,52.6,91,12.8,1.99,San-Pédro,4.75,-6.64
2021-08-21,23.8,157.6,93,13.3,2.08,San-Pédro,4.75,-6.64
2021-08-22,24.4,13.8,90,16.5,3.5,San-Pédro,4.75,-6.64
2021-08-23,24.7,0.8,88,12.2,4.13,San-Pédro,4.75,-6.64
2021-08-24,24.7,1.9,90,12.7,3.23,San-Pédro,4.75,-6.64
2021-08-25,24.2,3.8,91,13.4,2.06,San-Pédro,4.75,-6.64
2021-08-26,24.6,2.0,92,11.4,2.86,San-Pédro,4.75,-6.64
2021-08-27,25.1,2.9,87,13.8,4.13,San-Pédro,4.75,-6.64
2021-08-28,25.2,5.1,87,17.7,3.49,San-Pédro,4.75,-6.64
2021-08-29,24.4,14.7,92,18.4,2.19,San-Pédro,4.75,-6.64
2021-08-30,24.9,4.8,87,18.8,3.45,San-Pédro,4.75,-6.64
2021-08-31,25.2,0.6,87,13.4,3.6,San-Pédro,4.75,-6.64
2021-09-01,24.6,7.3,89,16.4,2.81,San-Pédro,4.75,-6.64
2021-09-02,24.7,3.4,89,20.6,3.39,San-Pédro,4.75,-6.64
2021-09-03,24.4,5.9,91,17.9,2.3,San-Pédro,4.75,-6.64
2021-09-04,24.4,3.5,91,17.1,2.75,San-Pédro,4.75,-6.64
2021-09-05,24.3,3.8,90,17.1,3.55,San-Pédro,4.75,-6.64
2021-09-06,24.7,4.2,88,17.3,2.52,San-Pédro,4.75,-6.64
2021-09-07,25.0,2.0,89,13.6,3.82,San-Pédro,4.75,-6.64
2021-09-08,25.3,0.4,89,12.5,4.02,San-Pédro,4.75,-6.64
2021-09-09,25.3,2.3,90,13.6,3.19,San-Pédro,4.75,-6.64
2021-09-10,24.9,2.6,87,13.2,4.09,San-Pédro,4.75,-6.64
2021-09-11,25.2,2.4,88,14.2,3.96,San-Pédro,4.75,-6.64
2021-09-12,24.4,5.5,93,11.8,2.15,San-Pédro,4.75,-6.64
2021-09-13,24.9,1.8,91,12.1,3.29,San-Pédro,4.75,-6.64
2021-09-14,24.7,2.4,90,14.5,3.26,San-Pédro,4.75,-6.64
2021-09-15,23.5,35.4,98,14.0,0.97,San-Pédro,4.75,-6.64
2021-09-16,24.3,29.8,95,10.3,2.51,San-Pédro,4.75,-6.64
2021-09-17,25.0,4.4,89,17.1,3.72,San-Pédro,4.75,-6.64
2021-09-18,24.4,1.9,90,11.6,3.42,San-Pédro,4.75,-6.64
2021-09-19,24.4,0.2,89,10.1,4.1,San-Pédro,4.75,-6.64
2021-09-20,24.7,1.3,89,11.6,3.82,San-Pédro,4.75,-6.64
2021-09-21,24.9,2.7,90,14.6,3.7,San-Pédro,4.75,-6.64
2021-09-22,25.1,1.2,89,13.5,3.85,San-Pédro,4.75,-6.64
2021-09-23,25.3,0.8,89,14.2,3.91,San-Pédro,4.75,-6.64
2021-09-24,25.4,1.4,88,14.2,3.94,San-Pédro,4.75,-6.64
2021-09-25,24.8,4.9,91,14.3,2.73,San-Pédro,4.75,-6.64
2021-09-26,23.6,185.3,97,9.6,1.13,San-Pédro,4.75,-6.64
2021-09-27,24.7,1.8,92,10.9,3.0,San-Pédro,4.75,-6.64
2021-09-28,24.9,1.3,90,10.9,3.33,San-Pédro,4.75,-6.64
2021-09-29,24.4,6.4,92,12.5,2.84,San-Pédro,4.75,-6.64
2021-09-30,24.8,1.4,89,12.6,3.36,San-Pédro,4.75,-6.64
2021-10-01,25.1,3.9,89,12.2,4.05,San-Pédro,4.75,-6.64
2021-10-02,25.0,4.2,90,12.1,3.04,San-Pédro,4.75,-6.64
2021-10-03,25.2,0.3,89,9.4,2.7,San-Pédro,4.75,-6.64
2021-10-04,25.4,1.1,89,11.7,4.1,San-Pédro,4.75,-6.64
2021-10-05,25.5,1.6,89,14.8,3.83,San-Pédro,4.75,-6.64
2021-10-06,25.4,1.1,88,12.8,3.65,San-Pédro,4.75,-6.64
2021-10-07,25.4,8.8,90,9.9,3.14,San-Pédro,4.75,-6.64
2021-10-08,25.7,1.4,87,11.1,3.81,San-Pédro,4.75,-6.64
2021-10-09,25.9,1.6,87,14.8,3.84,San-Pédro,4.75,-6.64
2021-10-10,25.7,4.9,87,14.5,3.28,San-Pédro,4.75,-6.64
2021-10-11,26.0,7.7,86,16.2,3.3,San-Pédro,4.75,-6.64
2021-10-12,25.6,3.0,87,13.8,3.6,San-Pédro,4.75,-6.64
2021-10-13,25.8,1.1,86,15.9,4.2,San-Pédro,4.75,-6.64
2021-10-14,26.2,0.8,86,14.9,4.37,San-Pédro,4.75,-6.64
2021-10-15,26.2,0.3,86,13.9,4.16,San-Pédro,4.75,-6.64
2021-10-16,25.6,0.6,86,11.3,3.73,San-Pédro,4.75,-6.64
2021-10-17,26.0,1.8,85,12.2,4.03,San-Pédro,4.75,-6.64
2021-10-18,25.8,1.8,85,16.9,3.84,San-Pédro,4.75,-6.64
2021-10-19,25.7,5.7,86,15.7,3.89,San-Pédro,4.75,-6.64
2021-10-20,25.5,1.2,87,16.5,3.17,San-Pédro,4.75,-6.64
2021-10-21,25.6,2.5,86,15.3,2.89,San-Pédro,4.75,-6.64
2021-10-22,24.7,6.2,90,12.6,2.78,San-Pédro,4.75,-6.64
2021-10-23,24.8,9.4,90,8.6,2.75,San-Pédro,4.75,-6.64
2021-10-24,24.8,2.3,90,10.0,3.06,San-Pédro,4.75,-6.64
2021-10-25,25.3,1.9,87,13.7,2.91,San-Pédro,4.75,-6.64
2021-10-26,25.7,4.7,85,16.6,3.89,San-Pédro,4.75,-6.64
2021-10-27,25.4,3.2,89,11.6,3.45,San-Pédro,4.75,-6.64
2021-10-28,25.0,4.3,89,13.1,2.79,San-Pédro,4.75,-6.64
2021-10-29,24.6,2.4,90,14.0,2.95,San-Pédro,4.75,-6.64
2021-10-30,25.1,0.7,87,10.5,3.53,San-Pédro,4.75,-6.64
2021-10-31,25.3,7.7,86,14.0,3.6,San-Pédro,4.75,-6.64
2021-11-01,25.5,1.9,85,13.9,3.33,San-Pédro,4.75,-6.64
2021-11-02,25.7,0.3,85,13.0,4.11,San-Pédro,4.75,-6.64
2021-11-03,26.1,2.3,84,11.2,4.1,San-Pédro,4.75,-6.64
2021-11-04,26.5,0.9,82,13.6,4.44,San-Pédro,4.75,-6.64
2021-11-05,26.6,0.1,81,9.5,4.1,San-Pédro,4.75,-6.64
2021-11-06,26.1,6.0,84,11.3,3.78,San-Pédro,4.75,-6.64
2021-11-07,26.0,1.5,84,15.8,3.94,San-Pédro,4.75,-6.64
2021-11-08,26.2,1.2,84,10.6,3.55,San-Pédro,4.75,-6.64
2021-11-09,25.9,1.5,87,14.8,3.39,San-Pédro,4.75,-6.64
2021-11-10,24.8,17.0,91,10.7,1.95,San-Pédro,4.75,-6.64
2021-11-11,25.5,1.3,88,8.3,3.46,San-Pédro,4.75,-6.64
2021-11-12,25.7,8.6,87,12.9,3.32,San-Pédro,4.75,-6.64
2021-11-13,24.8,9.7,90,12.2,2.08,San-Pédro,4.75,-6.64
2021-11-14,25.5,0.6,87,13.2,3.64,San-Pédro,4.75,-6.64
2021-11-15,26.1,0.2,85,11.8,4.22,San-Pédro,4.75,-6.64
2021-11-16,25.6,2.0,88,12.0,3.17,San-Pédro,4.75,-6.64
2021-11-17,26.5,2.4,84,10.5,4.13,San-Pédro,4.75,-6.64
2021-11-18,26.5,1.8,84,8.2,3.58,San-Pédro,4.75,-6.64
2021-11-19,27.5,0.2,81,16.4,4.18,San-Pédro,4.75,-6.64
2021-11-20,27.1,1.8,85,11.6,3.77,San-Pédro,4.75,-6.64
2021-11-21,26.6,1.9,85,12.5,3.46,San-Pédro,4.75,-6.64
2021-11-22,25.6,1.3,88,12.1,3.56,San-Pédro,4.75,-6.64
2021-11-23,27.0,0.9,81,12.1,3.91,San-Pédro,4.75,-6.64
2021-11-24,26.9,0.5,82,10.5,3.99,San-Pédro,4.75,-6.64
2021-11-25,26.5,5.6,84,18.4,3.53,San-Pédro,4.75,-6.64
2021-11-26,26.6,1.1,82,12.4,3.86,San-Pédro,4.75,-6.64
2021-11-27,26.2,12.4,83,11.2,3.45,San-Pédro,4.75,-6.64
2021-11-28,25.9,0.8,85,11.1,3.57,San-Pédro,4.75,-6.64
2021-11-29,25.9,2.6,85,10.8,3.3,San-Pédro,4.75,-6.64
2021-11-30,26.6,0.8,82,11.4,3.94,San-Pédro,4.75,-6.64
2021-12-01,26.8,1.2,81,11.2,3.92,San-Pédro,4.75,-6.64
2021-12-02,26.7,1.3,82,13.8,3.94,San-Pédro,4.75,-6.64
2021-12-03,26.9,1.8,81,12.7,3.9,San-Pédro,4.75,-6.64
2021-12-04,27.5,1.0,80,12.8,4.21,San-Pédro,4.75,-6.64
2021-12-05,26.6,9.8,84,17.1,3.27,San-Pédro,4.75,-6.64
2021-12-06,26.6,2.8,83,13.6,3.62,San-Pédro,4.75,-6.64
2021-12-07,27.5,0.4,79,10.5,3.69,San-Pédro,4.75,-6.64
2021-12-08,26.8,2.5,82,12.3,3.51,San-Pédro,4.75,-6.64
2021-12-09,26.9,3.1,83,11.5,3.54,San-Pédro,4.75,-6.64
2021-12-10,27.0,0.4,84,10.4,3.22,San-Pédro,4.75,-6.64
2021-12-11,26.6,3.0,83,14.8,3.29,San-Pédro,4.75,-6.64
2021-12-12,26.8,1.3,83,11.9,3.82,San-Pédro,4.75,-6.64
2021-12-13,27.2,3.0,81,11.4,3.82,San-Pédro,4.75,-6.64
2021-12-14,26.6,1.4,84,13.0,3.38,San-Pédro,4.75,-6.64
2021-12-15,26.0,1.9,86,10.0,3.53,San-Pédro,4.75,-6.64
2021-12-16,26.2,0.3,85,12.1,3.39,San-Pédro,4.75,-6.64
2021-12-17,26.6,1.5,84,10.2,3.88,San-Pédro,4.75,-6.64
2021-12-18,27.0,1.5,83,13.0,3.87,San-Pédro,4.75,-6.64
2021-12-19,27.4,1.1,79,13.7,4.01,San-Pédro,4.75,-6.64
2021-12-20,27.1,2.5,80,13.3,4.19,San-Pédro,4.75,-6.64
2021-12-21,26.7,1.8,84,13.0,3.95,San-Pédro,4.75,-6.64
2021-12-22,27.0,0.0,81,14.3,4.38,San-Pédro,4.75,-6.64
2021-12-23,27.5,0.5,79,13.0,4.07,San-Pédro,4.75,-6.64
2021-12-24,27.1,1.0,82,13.3,3.73,San-Pédro,4.75,-6.64
2021-12-25,26.2,10.7,86,12.3,3.04,San-Pédro,4.75,-6.64
2021-12-26,28.1,0.3,75,14.7,4.33,San-Pédro,4.75,-6.64
2021-12-27,27.0,0.9,82,11.9,3.46,San-Pédro,4.75,-6.64
2021-12-28,27.0,1.3,79,13.8,3.19,San-Pédro,4.75,-6.64
2021-12-29,27.5,2.5,78,12.9,4.04,San-Pédro,4.75,-6.64
2021-12-30,27.2,0.6,80,15.0,3.82,San-Pédro,4.75,-6.64
2021-12-31,26.7,2.3,83,12.6,3.23,San-Pédro,4.75,-6.64
